{"Index": "IXIC", "Date": "2016-01-14", "Open": 4545.370117, "High": 4650.549805, "Low": 4470.589844, "Close": 4615.0, "Adj Close": 4615.0, "Volume": 2565560000.0, "CloseUSD": 4615.0}