{"Index": "NYA", "Date": "1998-02-03", "Open": 5530.060059, "High": 5530.060059, "Low": 5530.060059, "Close": 5530.060059, "Adj Close": 5530.060059, "Volume": 0.0, "CloseUSD": 5530.060059}