{"Index": "SSMI", "Date": "2002-05-31", "Open": 6550.200195, "High": 6603.600098, "Low": 6549.299805, "Close": 6574.799805, "Adj Close": 6574.799805, "Volume": 0.0, "CloseUSD": 7298.02778355}