{"Index": "NYA", "Date": "1984-02-15", "Open": 951.109985, "High": 951.109985, "Low": 951.109985, "Close": 951.109985, "Adj Close": 951.109985, "Volume": 0.0, "CloseUSD": 951.109985}