{"Index": "GDAXI", "Date": "2002-03-05", "Open": 5245.709961, "High": 5284.390137, "Low": 5208.859863, "Close": 5228.669922, "Adj Close": 5228.669922, "Volume": 91399300.0, "CloseUSD": 6378.97730484}