{"Index": "TWII", "Date": "2000-05-15", "Open": 8639.94043, "High": 8639.94043, "Low": 8456.530273, "Close": 8465.019531, "Adj Close": 8464.987305, "Volume": 0.0, "CloseUSD": 338.60078124}