{"Index": "N225", "Date": "2006-04-17", "Open": 17233.73047, "High": 17233.73047, "Low": 17000.35938, "Close": 17000.35938, "Adj Close": 17000.35938, "Volume": 78300000.0, "CloseUSD": 170.00359380000003}