{"Index": "000001.SS", "Date": "2013-01-08", "Open": 2284.654053, "High": 2289.138916, "Low": 2262.979004, "Close": 2276.070068, "Adj Close": 2276.070068, "Volume": 123000.0, "CloseUSD": 364.17121088}