{"Index": "N225", "Date": "1994-08-08", "Open": 20525.81055, "High": 20638.92969, "Low": 20502.19922, "Close": 20635.83008, "Adj Close": 20635.83008, "Volume": 0.0, "CloseUSD": 206.3583008}