{"Index": "N225", "Date": "1979-10-18", "Open": 6427.569824, "High": 6427.569824, "Low": 6427.569824, "Close": 6427.569824, "Adj Close": 6427.569824, "Volume": 0.0, "CloseUSD": 64.27569824}