{"Index": "IXIC", "Date": "1980-08-19", "Open": 176.279999, "High": 176.279999, "Low": 176.279999, "Close": 176.279999, "Adj Close": 176.279999, "Volume": 0.0, "CloseUSD": 176.279999}