{"Index": "N100", "Date": "2001-09-03", "Open": 815.659973, "High": 815.73999, "Low": 796.549988, "Close": 802.409973, "Adj Close": 802.409973, "Volume": 0.0, "CloseUSD": 978.94016706}