{"Index": "GDAXI", "Date": "1992-07-01", "Open": 1759.900024, "High": 1759.900024, "Low": 1759.900024, "Close": 1759.900024, "Adj Close": 1759.900024, "Volume": 0.0, "CloseUSD": 2147.07802928}