{"Index": "SSMI", "Date": "2005-12-08", "Open": 7544.700195, "High": 7560.0, "Low": 7518.200195, "Close": 7560.0, "Adj Close": 7560.0, "Volume": 65850600.0, "CloseUSD": 8391.6}