{"Index": "GSPTSE", "Date": "2018-02-05", "Open": 15490.09961, "High": 15584.09961, "Low": 15284.40039, "Close": 15334.79981, "Adj Close": 15334.79981, "Volume": 26458310000.0, "CloseUSD": 12727.8838423}