{"Index": "GSPTSE", "Date": "1996-10-07", "Open": 5419.100098, "High": 5441.5, "Low": 5419.100098, "Close": 5441.5, "Adj Close": 5441.5, "Volume": 77850000.0, "CloseUSD": 4516.445}