{"Index": "N100", "Date": "2015-07-06", "Open": 924.799988, "High": 937.97998, "Low": 923.299988, "Close": 927.299988, "Adj Close": 927.299988, "Volume": 674798500.0, "CloseUSD": 1131.30598536}