{"Index": "399001.SZ", "Date": "2004-11-12", "Open": 3220.01001, "High": 3246.040039, "Low": 3210.169922, "Close": 3227.439941, "Adj Close": 3227.403809, "Volume": 14200.0, "CloseUSD": 516.39039056}