{"Index": "GSPTSE", "Date": "1994-10-07", "Open": 4276.200195, "High": 4292.700195, "Low": 4263.799805, "Close": 4290.799805, "Adj Close": 4290.799805, "Volume": 49630000.0, "CloseUSD": 3561.3638381499995}