{"Index": "NYA", "Date": "1992-03-19", "Open": 2392.310059, "High": 2392.310059, "Low": 2392.310059, "Close": 2392.310059, "Adj Close": 2392.310059, "Volume": 0.0, "CloseUSD": 2392.310059}