{"Index": "N225", "Date": "2001-07-25", "Open": 11823.09961, "High": 12054.29981, "Low": 11760.96973, "Close": 11891.61035, "Adj Close": 11891.61035, "Volume": 0.0, "CloseUSD": 118.9161035}