{"Index": "N100", "Date": "2007-01-18", "Open": 974.789978, "High": 977.669983, "Low": 967.75, "Close": 970.039978, "Adj Close": 970.039978, "Volume": 350213100.0, "CloseUSD": 1183.44877316}