{"Index": "HSI", "Date": "2015-04-16", "Open": 27557.28906, "High": 27787.98047, "Low": 27470.09961, "Close": 27739.71094, "Adj Close": 27739.71094, "Volume": 3269721300.0, "CloseUSD": 3606.1624222}