{"Index": "GDAXI", "Date": "1995-04-24", "Open": 1983.0, "High": 1990.119995, "Low": 1971.349976, "Close": 1978.969971, "Adj Close": 1978.969971, "Volume": 0.0, "CloseUSD": 2414.34336462}