{"Index": "GSPTSE", "Date": "1987-08-06", "Open": 4035.100098, "High": 4041.0, "Low": 4020.899902, "Close": 4039.699951, "Adj Close": 4029.441406, "Volume": 33790000.0, "CloseUSD": 3352.95095933}