{"Index": "N100", "Date": "2021-03-29", "Open": 1186.109985, "High": 1190.680054, "Low": 1184.119995, "Close": 1187.949951, "Adj Close": 1187.949951, "Volume": 174481900.0, "CloseUSD": 1449.29894022}