{"Index": "TWII", "Date": "2005-11-08", "Open": 5865.910156, "High": 5867.069824, "Low": 5836.240234, "Close": 5849.629883, "Adj Close": 5849.60791, "Volume": 2513600.0, "CloseUSD": 233.98519532}