{"Index": "GSPTSE", "Date": "2008-02-21", "Open": 13669.90039, "High": 13669.90039, "Low": 13489.79981, "Close": 13509.59961, "Adj Close": 13509.59961, "Volume": 27489890000.0, "CloseUSD": 11212.9676763}