{"Index": "N100", "Date": "2007-02-20", "Open": 998.940002, "High": 999.0, "Low": 989.77002, "Close": 995.27002, "Adj Close": 995.27002, "Volume": 261690200.0, "CloseUSD": 1214.2294244}