{"Index": "NYA", "Date": "1984-03-29", "Open": 970.460022, "High": 970.460022, "Low": 970.460022, "Close": 970.460022, "Adj Close": 970.460022, "Volume": 0.0, "CloseUSD": 970.460022}