{"Index": "NSEI", "Date": "2018-01-22", "Open": 10883.2002, "High": 10975.09961, "Low": 10881.40039, "Close": 10966.2002, "Adj Close": 10966.2002, "Volume": 231600.0, "CloseUSD": 109.662002}