{"Index": "399001.SZ", "Date": "2015-08-20", "Open": 12864.83984, "High": 13040.36035, "Low": 12582.24023, "Close": 12584.58008, "Adj Close": 12584.43848, "Volume": 1493100.0, "CloseUSD": 2013.5328128}