{"Index": "IXIC", "Date": "2007-11-09", "Open": 2648.959961, "High": 2668.790039, "Low": 2624.429932, "Close": 2627.939941, "Adj Close": 2627.939941, "Volume": 2955790000.0, "CloseUSD": 2627.939941}