{"Index": "NYA", "Date": "1994-07-14", "Open": 2649.350098, "High": 2649.350098, "Low": 2649.350098, "Close": 2649.350098, "Adj Close": 2649.350098, "Volume": 0.0, "CloseUSD": 2649.350098}