{"Index": "SSMI", "Date": "2005-01-31", "Open": 5767.399902, "High": 5785.600098, "Low": 5756.600098, "Close": 5771.399902, "Adj Close": 5771.399902, "Volume": 45874800.0, "CloseUSD": 6406.253891220001}