{"Index": "GSPTSE", "Date": "1984-02-23", "Open": 2372.0, "High": 2374.600098, "Low": 2358.399902, "Close": 2368.600098, "Adj Close": 2362.585449, "Volume": 0.0, "CloseUSD": 1965.93808134}