{"Index": "NSEI", "Date": "2012-11-30", "Open": 5836.0, "High": 5885.25, "Low": 5827.850098, "Close": 5879.850098, "Adj Close": 5879.850098, "Volume": 0.0, "CloseUSD": 58.79850098}