{"Index": "000001.SS", "Date": "2016-05-09", "Open": 2896.162109, "High": 2896.162109, "Low": 2821.825928, "Close": 2832.113037, "Adj Close": 2832.113037, "Volume": 180400.0, "CloseUSD": 453.13808592}