{"Index": "N225", "Date": "1972-08-01", "Open": 3951.649902, "High": 3951.649902, "Low": 3951.649902, "Close": 3951.649902, "Adj Close": 3951.649902, "Volume": 0.0, "CloseUSD": 39.516499020000005}