{"Index": "IXIC", "Date": "1985-08-23", "Open": 296.799988, "High": 296.899994, "Low": 296.5, "Close": 296.700012, "Adj Close": 296.700012, "Volume": 70250000.0, "CloseUSD": 296.700012}