{"Index": "IXIC", "Date": "1987-02-23", "Open": 414.200012, "High": 417.299988, "Low": 413.100006, "Close": 415.200012, "Adj Close": 415.200012, "Volume": 140100000.0, "CloseUSD": 415.200012}