{"Index": "N100", "Date": "2019-08-26", "Open": 1031.089966, "High": 1041.98999, "Low": 1028.01001, "Close": 1037.810059, "Adj Close": 1037.810059, "Volume": 105986900.0, "CloseUSD": 1266.12827198}