{"Index": "HSI", "Date": "2019-11-12", "Open": 27064.25977, "High": 27076.66992, "Low": 26794.60938, "Close": 27065.2793, "Adj Close": 27065.2793, "Volume": 1149626200.0, "CloseUSD": 3518.486309}