{"Index": "N225", "Date": "1985-09-12", "Open": 12603.04004, "High": 12603.04004, "Low": 12603.04004, "Close": 12603.04004, "Adj Close": 12603.04004, "Volume": 0.0, "CloseUSD": 126.0304004}