{"Index": "399001.SZ", "Date": "2015-04-02", "Open": 13486.90039, "High": 13537.37988, "Low": 13235.28027, "Close": 13426.09961, "Adj Close": 13425.94922, "Volume": 482600.0, "CloseUSD": 2148.1759376}