{"Index": "NYA", "Date": "1981-12-04", "Open": 774.419983, "High": 774.419983, "Low": 774.419983, "Close": 774.419983, "Adj Close": 774.419983, "Volume": 0.0, "CloseUSD": 774.419983}