{"Index": "NYA", "Date": "1988-05-04", "Open": 1557.51001, "High": 1557.51001, "Low": 1557.51001, "Close": 1557.51001, "Adj Close": 1557.51001, "Volume": 0.0, "CloseUSD": 1557.51001}