{"Index": "NYA", "Date": "1976-08-10", "Open": 589.590027, "High": 589.590027, "Low": 589.590027, "Close": 589.590027, "Adj Close": 589.590027, "Volume": 0.0, "CloseUSD": 589.590027}