{"Index": "NSEI", "Date": "2016-02-24", "Open": 7075.0, "High": 7090.799805, "Low": 7009.75, "Close": 7018.700195, "Adj Close": 7018.700195, "Volume": 199700.0, "CloseUSD": 70.18700195000001}