{"Index": "GSPTSE", "Date": "1999-07-26", "Open": 7019.100098, "High": 7019.100098, "Low": 6977.600098, "Close": 6984.200195, "Adj Close": 6984.200195, "Volume": 5773530000.0, "CloseUSD": 5796.8861618500005}