{"Index": "IXIC", "Date": "1992-06-12", "Open": 570.169983, "High": 571.640015, "Low": 569.210022, "Close": 569.52002, "Adj Close": 569.52002, "Volume": 149510000.0, "CloseUSD": 569.52002}