{"Index": "GDAXI", "Date": "2011-01-06", "Open": 6949.47998, "High": 7047.589844, "Low": 6949.069824, "Close": 6981.390137, "Adj Close": 6981.390137, "Volume": 91236400.0, "CloseUSD": 8517.29596714}