{"Index": "399001.SZ", "Date": "2015-01-06", "Open": 11424.91992, "High": 11749.13965, "Low": 11374.50977, "Close": 11667.96973, "Adj Close": 11667.83887, "Volume": 454300.0, "CloseUSD": 1866.8751568}