{"Index": "SSMI", "Date": "2007-01-30", "Open": 9106.099609, "High": 9148.700195, "Low": 9091.900391, "Close": 9147.0, "Adj Close": 9147.0, "Volume": 51995400.0, "CloseUSD": 10153.17}