{"Index": "N225", "Date": "1996-02-21", "Open": 20655.26953, "High": 20655.26953, "Low": 20322.30078, "Close": 20372.23047, "Adj Close": 20372.23047, "Volume": 0.0, "CloseUSD": 203.7223047}