{"Index": "NYA", "Date": "1998-08-27", "Open": 5485.859863, "High": 5485.859863, "Low": 5485.859863, "Close": 5485.859863, "Adj Close": 5485.859863, "Volume": 0.0, "CloseUSD": 5485.859863}