{"Index": "GSPTSE", "Date": "2016-01-07", "Open": 12661.2002, "High": 12661.2002, "Low": 12439.09961, "Close": 12448.2002, "Adj Close": 12448.2002, "Volume": 29323570000.0, "CloseUSD": 10332.006166}