{"Index": "IXIC", "Date": "2012-12-05", "Open": 2993.199951, "High": 2994.72998, "Low": 2958.26001, "Close": 2973.699951, "Adj Close": 2973.699951, "Volume": 1800820000.0, "CloseUSD": 2973.699951}