{"Index": "HSI", "Date": "2003-07-02", "Open": 9613.570313, "High": 9650.389648, "Low": 9512.200195, "Close": 9602.620117, "Adj Close": 9602.620117, "Volume": 263521400.0, "CloseUSD": 1248.34061521}