{"Index": "N225", "Date": "2005-08-04", "Open": 11945.13965, "High": 11945.13965, "Low": 11823.2002, "Close": 11883.30957, "Adj Close": 11883.30957, "Volume": 87600000.0, "CloseUSD": 118.8330957}