{"Index": "IXIC", "Date": "1993-10-25", "Open": 774.119995, "High": 774.359985, "Low": 767.789978, "Close": 769.75, "Adj Close": 769.75, "Volume": 284460000.0, "CloseUSD": 769.75}