{"Index": "GSPTSE", "Date": "2010-11-02", "Open": 12718.90039, "High": 12721.5, "Low": 12660.5, "Close": 12681.40039, "Adj Close": 12681.40039, "Volume": 15942440000.0, "CloseUSD": 10525.5623237}