{"Index": "TWII", "Date": "2002-07-01", "Open": 5124.5, "High": 5124.5, "Low": 4947.629883, "Close": 4969.319824, "Adj Close": 4969.300781, "Volume": 0.0, "CloseUSD": 198.77279296}