{"Index": "N225", "Date": "2007-04-25", "Open": 17379.51953, "High": 17379.51953, "Low": 17221.55078, "Close": 17236.16016, "Adj Close": 17236.16016, "Volume": 115100000.0, "CloseUSD": 172.3616016}