{"Index": "N225", "Date": "2013-02-15", "Open": 11239.20996, "High": 11261.58008, "Low": 11065.05957, "Close": 11173.83008, "Adj Close": 11173.83008, "Volume": 346200000.0, "CloseUSD": 111.7383008}