{"Index": "GDAXI", "Date": "2009-05-25", "Open": 4936.040039, "High": 4942.140137, "Low": 4829.899902, "Close": 4918.450195, "Adj Close": 4918.450195, "Volume": 53524100.0, "CloseUSD": 6000.509237900001}