{"Index": "GSPTSE", "Date": "1999-10-15", "Open": 6861.899902, "High": 6925.700195, "Low": 6861.899902, "Close": 6884.399902, "Adj Close": 6884.399902, "Volume": 5193240000.0, "CloseUSD": 5714.05191866}