{"Index": "NYA", "Date": "2000-06-02", "Open": 6975.379883, "High": 6975.379883, "Low": 6975.379883, "Close": 6975.379883, "Adj Close": 6975.379883, "Volume": 0.0, "CloseUSD": 6975.379883}