{"Index": "N100", "Date": "2000-01-27", "Open": 948.150024, "High": 948.150024, "Low": 948.150024, "Close": 948.150024, "Adj Close": 948.150024, "Volume": 0.0, "CloseUSD": 1156.74302928}