{"Index": "GDAXI", "Date": "1992-10-28", "Open": 1508.189941, "High": 1508.189941, "Low": 1508.189941, "Close": 1508.189941, "Adj Close": 1508.189941, "Volume": 0.0, "CloseUSD": 1839.99172802}