{"Index": "N225", "Date": "2019-10-25", "Open": 22753.24023, "High": 22819.91992, "Low": 22715.13086, "Close": 22799.81055, "Adj Close": 22799.81055, "Volume": 57200000.0, "CloseUSD": 227.9981055}