{"Index": "IXIC", "Date": "1995-04-28", "Open": 841.659973, "High": 844.419983, "Low": 837.450012, "Close": 843.97998, "Adj Close": 843.97998, "Volume": 375830000.0, "CloseUSD": 843.97998}