{"Index": "TWII", "Date": "2020-08-10", "Open": 12786.79981, "High": 12933.16016, "Low": 12786.79981, "Close": 12894.0, "Adj Close": 12894.0, "Volume": 3952000.0, "CloseUSD": 515.76}