{"Index": "NYA", "Date": "1985-07-19", "Open": 1197.579956, "High": 1197.579956, "Low": 1197.579956, "Close": 1197.579956, "Adj Close": 1197.579956, "Volume": 0.0, "CloseUSD": 1197.579956}