{"Index": "SSMI", "Date": "2019-03-01", "Open": 9431.830078, "High": 9456.040039, "Low": 9401.55957, "Close": 9412.019531, "Adj Close": 9412.019531, "Volume": 55549500.0, "CloseUSD": 10447.34167941}