{"Index": "399001.SZ", "Date": "2003-02-18", "Open": 3019.389893, "High": 3027.330078, "Low": 3006.48999, "Close": 3018.699951, "Adj Close": 3018.666016, "Volume": 0.0, "CloseUSD": 482.99199216}