{"Index": "TWII", "Date": "2004-01-05", "Open": 6080.180176, "High": 6137.910156, "Low": 6061.859863, "Close": 6125.419922, "Adj Close": 6125.397461, "Volume": 6668400.0, "CloseUSD": 245.01679688}