{"Index": "NYA", "Date": "1968-07-29", "Open": 578.48999, "High": 578.48999, "Low": 578.48999, "Close": 578.48999, "Adj Close": 578.48999, "Volume": 0.0, "CloseUSD": 578.48999}