{"Index": "HSI", "Date": "2011-09-22", "Open": 18296.80078, "High": 18296.80078, "Low": 17859.31055, "Close": 17911.94922, "Adj Close": 17911.94922, "Volume": 2672498800.0, "CloseUSD": 2328.5533986}