{"Index": "000001.SS", "Date": "1998-10-06", "Open": 1234.141968, "High": 1237.843994, "Low": 1214.828979, "Close": 1217.457031, "Adj Close": 1217.457031, "Volume": 0.0, "CloseUSD": 194.79312496}