{"Index": "NSEI", "Date": "2017-12-28", "Open": 10498.2002, "High": 10534.54981, "Low": 10460.4502, "Close": 10477.90039, "Adj Close": 10477.90039, "Volume": 272900.0, "CloseUSD": 104.7790039}