{"Index": "NYA", "Date": "1987-01-12", "Open": 1578.76001, "High": 1578.76001, "Low": 1578.76001, "Close": 1578.76001, "Adj Close": 1578.76001, "Volume": 0.0, "CloseUSD": 1578.76001}