{"Index": "NYA", "Date": "2013-08-06", "Open": 9661.69043, "High": 9661.780273, "Low": 9593.129883, "Close": 9614.320313, "Adj Close": 9614.320313, "Volume": 3141210000.0, "CloseUSD": 9614.320313}