{"Index": "SSMI", "Date": "2014-04-24", "Open": 8454.919922, "High": 8471.679688, "Low": 8347.990234, "Close": 8409.129883, "Adj Close": 8409.129883, "Volume": 37333400.0, "CloseUSD": 9334.13417013}