{"Index": "TWII", "Date": "2011-07-15", "Open": 8494.700195, "High": 8579.799805, "Low": 8462.049805, "Close": 8574.910156, "Adj Close": 8574.87793, "Volume": 2598800.0, "CloseUSD": 342.99640624}