{"Index": "NSEI", "Date": "2021-05-17", "Open": 14756.25, "High": 14938.0, "Low": 14725.34961, "Close": 14923.15039, "Adj Close": 14923.15039, "Volume": 546400.0, "CloseUSD": 149.2315039}