{"Index": "GDAXI", "Date": "1999-07-01", "Open": 5428.339844, "High": 5498.109863, "Low": 5425.850098, "Close": 5480.220215, "Adj Close": 5480.220215, "Volume": 0.0, "CloseUSD": 6685.8686623}