{"Index": "HSI", "Date": "2015-03-06", "Open": 24235.75977, "High": 24294.35938, "Low": 24126.08984, "Close": 24164.0, "Adj Close": 24164.0, "Volume": 1620647200.0, "CloseUSD": 3141.32}