{"Index": "N225", "Date": "1982-07-07", "Open": 7035.109863, "High": 7035.109863, "Low": 7035.109863, "Close": 7035.109863, "Adj Close": 7035.109863, "Volume": 0.0, "CloseUSD": 70.35109863}