{"Index": "399001.SZ", "Date": "2001-10-17", "Open": 3323.47998, "High": 3371.73999, "Low": 3297.110107, "Close": 3323.580078, "Adj Close": 3323.542725, "Volume": 0.0, "CloseUSD": 531.77281248}