{"Index": "IXIC", "Date": "1996-01-24", "Open": 1032.689941, "High": 1043.459961, "Low": 1032.689941, "Close": 1043.459961, "Adj Close": 1043.459961, "Volume": 593000000.0, "CloseUSD": 1043.459961}