{"Index": "HSI", "Date": "2017-11-27", "Open": 29857.65039, "High": 29859.10938, "Low": 29610.96094, "Close": 29686.18945, "Adj Close": 29686.18945, "Volume": 1485230700.0, "CloseUSD": 3859.2046285}