{"Index": "J203.JO", "Date": "2016-09-12", "Open": 53347.30078, "High": 53347.30078, "Low": 52241.55078, "Close": 52802.0, "Adj Close": 52802.0, "Volume": 0.0, "CloseUSD": 3696.14}