{"Index": "GSPTSE", "Date": "1983-12-21", "Open": 2510.0, "High": 2537.800049, "Low": 2510.0, "Close": 2537.800049, "Adj Close": 2531.355469, "Volume": 0.0, "CloseUSD": 2106.37404067}