{"Index": "000001.SS", "Date": "2012-04-06", "Open": 2299.053955, "High": 2309.638916, "Low": 2291.559082, "Close": 2306.552002, "Adj Close": 2306.552002, "Volume": 72200.0, "CloseUSD": 369.04832032}