{"Index": "HSI", "Date": "2007-08-16", "Open": 20841.23047, "High": 20841.23047, "Low": 20435.15039, "Close": 20672.39063, "Adj Close": 20672.39063, "Volume": 3139792200.0, "CloseUSD": 2687.4107819000005}