{"Index": "NSEI", "Date": "2017-08-22", "Open": 9815.75, "High": 9828.450195, "Low": 9752.599609, "Close": 9765.549805, "Adj Close": 9765.549805, "Volume": 183600.0, "CloseUSD": 97.65549805}