{"Index": "N100", "Date": "2011-03-16", "Open": 683.859985, "High": 684.98999, "Low": 667.549988, "Close": 667.580017, "Adj Close": 667.580017, "Volume": 261075400.0, "CloseUSD": 814.4476207399999}