{"Index": "GSPTSE", "Date": "1992-10-29", "Open": 3345.100098, "High": 3345.100098, "Low": 3333.100098, "Close": 3336.0, "Adj Close": 3336.0, "Volume": 45240000.0, "CloseUSD": 2768.88}