{"Index": "TWII", "Date": "2006-01-18", "Open": 6620.77002, "High": 6629.439941, "Low": 6467.72998, "Close": 6498.919922, "Adj Close": 6498.89502, "Volume": 4589800.0, "CloseUSD": 259.95679688}