{"Index": "399001.SZ", "Date": "1999-10-22", "Open": 3604.860107, "High": 3776.810059, "Low": 3601.610107, "Close": 3727.530029, "Adj Close": 3727.488281, "Volume": 0.0, "CloseUSD": 596.4048046400001}