{"Index": "IXIC", "Date": "1999-05-12", "Open": 2584.570068, "High": 2610.330078, "Low": 2548.23999, "Close": 2606.540039, "Adj Close": 2606.540039, "Volume": 1032500000.0, "CloseUSD": 2606.540039}