{"Index": "SSMI", "Date": "1992-03-27", "Open": 1835.5, "High": 1839.0, "Low": 1822.0, "Close": 1828.699951, "Adj Close": 1828.699951, "Volume": 0.0, "CloseUSD": 2029.85694561}