{"Index": "GSPTSE", "Date": "1988-03-23", "Open": 3340.800049, "High": 3363.600098, "Low": 3340.800049, "Close": 3359.800049, "Adj Close": 3351.268066, "Volume": 24470000.0, "CloseUSD": 2788.63404067}