{"Index": "N225", "Date": "1991-12-17", "Open": 22827.16016, "High": 22996.09961, "Low": 22735.78906, "Close": 22736.28906, "Adj Close": 22736.28906, "Volume": 0.0, "CloseUSD": 227.3628906}