{"Index": "HSI", "Date": "2007-05-23", "Open": 20838.35938, "High": 20888.14063, "Low": 20767.67969, "Close": 20798.9707, "Adj Close": 20798.9707, "Volume": 920817100.0, "CloseUSD": 2703.8661910000005}