{"Index": "N225", "Date": "2005-11-09", "Open": 13989.30957, "High": 14136.16016, "Low": 13951.40039, "Close": 14072.2002, "Adj Close": 14072.2002, "Volume": 252400000.0, "CloseUSD": 140.722002}