{"Index": "HSI", "Date": "2012-09-05", "Open": 19330.16016, "High": 19330.16016, "Low": 19116.83984, "Close": 19145.07031, "Adj Close": 19145.07031, "Volume": 1773167600.0, "CloseUSD": 2488.8591403}