{"Index": "HSI", "Date": "2018-09-28", "Open": 27879.06055, "High": 27927.94922, "Low": 27672.83008, "Close": 27788.51953, "Adj Close": 27788.51953, "Volume": 1636511300.0, "CloseUSD": 3612.5075389}