{"Index": "IXIC", "Date": "2020-07-30", "Open": 10450.12012, "High": 10609.58984, "Low": 10412.08984, "Close": 10587.80957, "Adj Close": 10587.80957, "Volume": 4135200000.0, "CloseUSD": 10587.80957}