{"Index": "TWII", "Date": "2018-03-14", "Open": 11063.73047, "High": 11070.29004, "Low": 11015.46973, "Close": 11038.79981, "Adj Close": 11038.79981, "Volume": 2331000.0, "CloseUSD": 441.5519924}