{"Index": "NYA", "Date": "1969-05-20", "Open": 614.969971, "High": 614.969971, "Low": 614.969971, "Close": 614.969971, "Adj Close": 614.969971, "Volume": 0.0, "CloseUSD": 614.969971}