{"Index": "GSPTSE", "Date": "2002-11-25", "Open": 6549.5, "High": 6601.299805, "Low": 6542.399902, "Close": 6578.200195, "Adj Close": 6578.200195, "Volume": 15181360000.0, "CloseUSD": 5459.90616185}