{"Index": "N100", "Date": "2004-09-10", "Open": 626.099976, "High": 630.150024, "Low": 626.059998, "Close": 629.23999, "Adj Close": 629.23999, "Volume": 0.0, "CloseUSD": 767.6727878}