{"Index": "399001.SZ", "Date": "2005-01-05", "Open": 3020.719971, "High": 3067.669922, "Low": 3017.340088, "Close": 3052.860107, "Adj Close": 3052.825928, "Volume": 12300.0, "CloseUSD": 488.45761712}