{"Index": "IXIC", "Date": "1993-07-14", "Open": 708.77002, "High": 713.960022, "Low": 707.869995, "Close": 712.48999, "Adj Close": 712.48999, "Volume": 290560000.0, "CloseUSD": 712.48999}