{"Index": "HSI", "Date": "2001-02-28", "Open": 14702.95996, "High": 14842.69043, "Low": 14573.54004, "Close": 14787.87012, "Adj Close": 14787.87012, "Volume": 0.0, "CloseUSD": 1922.4231156}