{"Index": "TWII", "Date": "2005-10-24", "Open": 5761.330078, "High": 5766.350098, "Low": 5713.629883, "Close": 5717.279785, "Adj Close": 5717.258789, "Volume": 2615200.0, "CloseUSD": 228.6911914}