{"Index": "GDAXI", "Date": "1999-01-18", "Open": 5065.910156, "High": 5091.700195, "Low": 5011.669922, "Close": 5076.850098, "Adj Close": 5076.850098, "Volume": 0.0, "CloseUSD": 6193.757119559999}