{"Index": "399001.SZ", "Date": "2004-05-14", "Open": 3580.860107, "High": 3581.620117, "Low": 3481.149902, "Close": 3489.899902, "Adj Close": 3489.86084, "Volume": 11200.0, "CloseUSD": 558.3839843200001}