{"Index": "TWII", "Date": "2012-06-15", "Open": 7094.0, "High": 7166.080078, "Low": 7085.919922, "Close": 7155.830078, "Adj Close": 7155.803223, "Volume": 2347200.0, "CloseUSD": 286.23320312}