{"Index": "000001.SS", "Date": "2003-08-28", "Open": 1425.734009, "High": 1428.345947, "Low": 1414.879028, "Close": 1415.692993, "Adj Close": 1415.692993, "Volume": 4800.0, "CloseUSD": 226.51087888}