{"Index": "N225", "Date": "2007-05-29", "Open": 17524.82031, "High": 17700.51953, "Low": 17521.64063, "Close": 17672.56055, "Adj Close": 17672.56055, "Volume": 108000000.0, "CloseUSD": 176.7256055}