{"Index": "HSI", "Date": "1988-11-25", "Open": 2656.100098, "High": 2656.100098, "Low": 2656.100098, "Close": 2656.100098, "Adj Close": 2656.100098, "Volume": 0.0, "CloseUSD": 345.29301274}