{"Index": "399001.SZ", "Date": "2012-05-24", "Open": 10122.57031, "High": 10187.13965, "Low": 9951.269531, "Close": 9984.580078, "Adj Close": 9984.46875, "Volume": 75000.0, "CloseUSD": 1597.53281248}