{"Index": "IXIC", "Date": "2000-09-28", "Open": 3638.939941, "High": 3778.379883, "Low": 3626.550049, "Close": 3778.320068, "Adj Close": 3778.320068, "Volume": 2001450000.0, "CloseUSD": 3778.320068}