{"Index": "N225", "Date": "2005-12-05", "Open": 15413.51953, "High": 15563.38965, "Low": 15379.63965, "Close": 15551.30957, "Adj Close": 15551.30957, "Volume": 244600000.0, "CloseUSD": 155.5130957}