{"Index": "N225", "Date": "2019-08-29", "Open": 20500.5, "High": 20520.67969, "Low": 20361.11914, "Close": 20460.92969, "Adj Close": 20460.92969, "Volume": 55100000.0, "CloseUSD": 204.6092969}