{"Index": "IXIC", "Date": "1979-11-13", "Open": 137.139999, "High": 137.139999, "Low": 137.139999, "Close": 137.139999, "Adj Close": 137.139999, "Volume": 0.0, "CloseUSD": 137.139999}