{"Index": "IXIC", "Date": "1987-01-28", "Open": 390.799988, "High": 392.100006, "Low": 390.700012, "Close": 392.0, "Adj Close": 392.0, "Volume": 152900000.0, "CloseUSD": 392.0}