{"Index": "GDAXI", "Date": "2004-03-03", "Open": 4088.889893, "High": 4096.410156, "Low": 4058.110107, "Close": 4071.699951, "Adj Close": 4071.699951, "Volume": 89448500.0, "CloseUSD": 4967.47394022}