{"Index": "HSI", "Date": "2011-12-05", "Open": 19117.89063, "High": 19188.85938, "Low": 18972.90039, "Close": 19179.68945, "Adj Close": 19179.68945, "Volume": 1604780700.0, "CloseUSD": 2493.3596285000003}