{"Index": "NSEI", "Date": "2013-11-22", "Open": 6027.350098, "High": 6049.600098, "Low": 5972.799805, "Close": 5995.450195, "Adj Close": 5995.450195, "Volume": 134800.0, "CloseUSD": 59.95450195000001}