{"Index": "TWII", "Date": "2018-02-23", "Open": 10688.96973, "High": 10799.29004, "Low": 10688.96973, "Close": 10794.54981, "Adj Close": 10794.54981, "Volume": 2623500.0, "CloseUSD": 431.7819924}