{"Index": "GDAXI", "Date": "1997-05-27", "Open": 3680.350098, "High": 3691.560059, "Low": 3649.550049, "Close": 3665.429932, "Adj Close": 3665.429932, "Volume": 0.0, "CloseUSD": 4471.82451704}