{"Index": "N225", "Date": "2008-01-22", "Open": 13125.23047, "High": 13125.23047, "Low": 12572.67969, "Close": 12573.04981, "Adj Close": 12573.04981, "Volume": 198900000.0, "CloseUSD": 125.7304981}