{"Index": "HSI", "Date": "2008-05-29", "Open": 24542.09961, "High": 24542.09961, "Low": 24222.05078, "Close": 24383.99023, "Adj Close": 24383.99023, "Volume": 1779312400.0, "CloseUSD": 3169.9187299}