{"Index": "HSI", "Date": "1993-05-14", "Open": 7105.799805, "High": 7105.799805, "Low": 6973.799805, "Close": 7005.299805, "Adj Close": 7005.299805, "Volume": 0.0, "CloseUSD": 910.68897465}