{"Index": "J203.JO", "Date": "2014-04-07", "Open": 48347.75, "High": 48347.75, "Low": 47798.21875, "Close": 47857.94922, "Adj Close": 47857.94922, "Volume": 0.0, "CloseUSD": 3350.0564454000005}