{"Index": "TWII", "Date": "2011-05-12", "Open": 8977.769531, "High": 9052.980469, "Low": 8963.240234, "Close": 9033.679688, "Adj Close": 9033.646484, "Volume": 2339800.0, "CloseUSD": 361.34718752}