{"Index": "SSMI", "Date": "2007-08-21", "Open": 8603.400391, "High": 8644.900391, "Low": 8528.099609, "Close": 8603.200195, "Adj Close": 8603.200195, "Volume": 80150800.0, "CloseUSD": 9549.55221645}