{"Index": "GDAXI", "Date": "1994-05-24", "Open": 2228.459961, "High": 2228.459961, "Low": 2177.719971, "Close": 2188.01001, "Adj Close": 2188.01001, "Volume": 0.0, "CloseUSD": 2669.3722122}