{"Index": "TWII", "Date": "2011-03-08", "Open": 8692.099609, "High": 8768.30957, "Low": 8692.099609, "Close": 8747.75, "Adj Close": 8747.717773, "Volume": 2487400.0, "CloseUSD": 349.91}