{"Index": "IXIC", "Date": "1976-08-04", "Open": 91.870003, "High": 91.870003, "Low": 91.870003, "Close": 91.870003, "Adj Close": 91.870003, "Volume": 0.0, "CloseUSD": 91.870003}