{"Index": "N225", "Date": "1993-09-17", "Open": 20513.15039, "High": 20532.65039, "Low": 20305.33008, "Close": 20391.03906, "Adj Close": 20391.03906, "Volume": 0.0, "CloseUSD": 203.9103906}