{"Index": "NYA", "Date": "1974-10-14", "Open": 405.609985, "High": 405.609985, "Low": 405.609985, "Close": 405.609985, "Adj Close": 405.609985, "Volume": 0.0, "CloseUSD": 405.609985}