{"Index": "NYA", "Date": "2008-09-10", "Open": 7871.390137, "High": 8022.970215, "Low": 7868.890137, "Close": 7957.259766, "Adj Close": 7957.259766, "Volume": 6543440000.0, "CloseUSD": 7957.259766}