{"Index": "GSPTSE", "Date": "2019-06-21", "Open": 16558.90039, "High": 16558.90039, "Low": 16508.40039, "Close": 16525.40039, "Adj Close": 16525.40039, "Volume": 49393900000.0, "CloseUSD": 13716.0823237}