{"Index": "N225", "Date": "1968-12-09", "Open": 1690.97998, "High": 1690.97998, "Low": 1690.97998, "Close": 1690.97998, "Adj Close": 1690.97998, "Volume": 0.0, "CloseUSD": 16.909799800000002}