{"Index": "N100", "Date": "2005-02-11", "Open": 688.969971, "High": 694.440002, "Low": 688.349976, "Close": 694.440002, "Adj Close": 694.440002, "Volume": 0.0, "CloseUSD": 847.21680244}