{"Index": "N225", "Date": "2020-09-25", "Open": 23217.33008, "High": 23272.66992, "Low": 23154.66016, "Close": 23204.61914, "Adj Close": 23204.61914, "Volume": 72200000.0, "CloseUSD": 232.0461914}