{"Index": "000001.SS", "Date": "2008-06-16", "Open": 2876.293945, "High": 2917.810059, "Low": 2811.716064, "Close": 2874.103027, "Adj Close": 2874.103027, "Volume": 40400.0, "CloseUSD": 459.8564843200001}