{"Index": "IXIC", "Date": "1975-03-04", "Open": 74.209999, "High": 74.209999, "Low": 74.209999, "Close": 74.209999, "Adj Close": 74.209999, "Volume": 0.0, "CloseUSD": 74.209999}