{"Index": "N100", "Date": "2000-04-03", "Open": 998.98999, "High": 998.98999, "Low": 998.98999, "Close": 998.98999, "Adj Close": 998.98999, "Volume": 0.0, "CloseUSD": 1218.7677878}