{"Index": "NYA", "Date": "2011-11-17", "Open": 7392.02002, "High": 7412.25, "Low": 7237.720215, "Close": 7274.160156, "Adj Close": 7274.160156, "Volume": 4596450000.0, "CloseUSD": 7274.160156}