{"Index": "000001.SS", "Date": "2002-11-11", "Open": 1519.603027, "High": 1526.131958, "Low": 1501.989014, "Close": 1504.402954, "Adj Close": 1504.402954, "Volume": 0.0, "CloseUSD": 240.70447264}