{"Index": "NSEI", "Date": "2007-10-16", "Open": 5670.649902, "High": 5708.350098, "Low": 5578.450195, "Close": 5668.049805, "Adj Close": 5668.049805, "Volume": 0.0, "CloseUSD": 56.68049805}