{"Index": "N225", "Date": "1970-06-10", "Open": 2109.469971, "High": 2109.469971, "Low": 2109.469971, "Close": 2109.469971, "Adj Close": 2109.469971, "Volume": 0.0, "CloseUSD": 21.09469971}