{"Index": "IXIC", "Date": "1974-10-25", "Open": 62.880001, "High": 62.880001, "Low": 62.880001, "Close": 62.880001, "Adj Close": 62.880001, "Volume": 0.0, "CloseUSD": 62.880001}