{"Index": "IXIC", "Date": "1998-09-08", "Open": 1566.52002, "High": 1660.920044, "Low": 1566.52002, "Close": 1660.859985, "Adj Close": 1660.859985, "Volume": 780330000.0, "CloseUSD": 1660.859985}