{"Index": "N225", "Date": "2003-08-25", "Open": 10264.61035, "High": 10331.26953, "Low": 10205.25, "Close": 10276.63965, "Adj Close": 10276.63965, "Volume": 62400000.0, "CloseUSD": 102.7663965}