{"Index": "NSEI", "Date": "2007-09-21", "Open": 4752.950195, "High": 4855.700195, "Low": 4733.700195, "Close": 4837.549805, "Adj Close": 4837.549805, "Volume": 0.0, "CloseUSD": 48.37549805}