{"Index": "TWII", "Date": "2019-08-19", "Open": 10449.38965, "High": 10516.04981, "Low": 10449.38965, "Close": 10488.75, "Adj Close": 10488.75, "Volume": 2353800.0, "CloseUSD": 419.55}