{"Index": "SSMI", "Date": "2001-02-26", "Open": 7648.899902, "High": 7668.399902, "Low": 7622.700195, "Close": 7660.200195, "Adj Close": 7660.200195, "Volume": 0.0, "CloseUSD": 8502.82221645}