{"Index": "GSPTSE", "Date": "1987-12-11", "Open": 3069.100098, "High": 3100.699951, "Low": 3069.100098, "Close": 3100.699951, "Adj Close": 3092.825928, "Volume": 19540000.0, "CloseUSD": 2573.58095933}