{"Index": "SSMI", "Date": "2000-07-04", "Open": 7796.200195, "High": 7834.799805, "Low": 7788.700195, "Close": 7828.700195, "Adj Close": 7828.700195, "Volume": 0.0, "CloseUSD": 8689.857216450002}