{"Index": "GSPTSE", "Date": "1990-04-27", "Open": 3372.600098, "High": 3372.600098, "Low": 3336.100098, "Close": 3336.100098, "Adj Close": 3327.628174, "Volume": 14410000.0, "CloseUSD": 2768.96308134}