{"Index": "N225", "Date": "1998-08-10", "Open": 15800.34961, "High": 15800.34961, "Low": 15595.7002, "Close": 15626.41992, "Adj Close": 15626.41992, "Volume": 0.0, "CloseUSD": 156.2641992}