{"Index": "HSI", "Date": "1988-08-19", "Open": 2579.800049, "High": 2579.800049, "Low": 2579.800049, "Close": 2579.800049, "Adj Close": 2579.800049, "Volume": 0.0, "CloseUSD": 335.37400637}