{"Index": "IXIC", "Date": "1983-10-25", "Open": 278.600006, "High": 278.600006, "Low": 278.600006, "Close": 278.600006, "Adj Close": 278.600006, "Volume": 0.0, "CloseUSD": 278.600006}