{"Index": "NYA", "Date": "1973-01-12", "Open": 686.76001, "High": 686.76001, "Low": 686.76001, "Close": 686.76001, "Adj Close": 686.76001, "Volume": 0.0, "CloseUSD": 686.76001}