{"Index": "000001.SS", "Date": "2005-10-21", "Open": 1135.609985, "High": 1145.98999, "Low": 1132.358032, "Close": 1141.317993, "Adj Close": 1141.317993, "Volume": 18000.0, "CloseUSD": 182.61087888}