{"Index": "IXIC", "Date": "1996-03-26", "Open": 1085.119995, "High": 1090.170044, "Low": 1079.900024, "Close": 1088.349976, "Adj Close": 1088.349976, "Volume": 544620000.0, "CloseUSD": 1088.349976}