{"Index": "NYA", "Date": "1988-03-01", "Open": 1587.959961, "High": 1587.959961, "Low": 1587.959961, "Close": 1587.959961, "Adj Close": 1587.959961, "Volume": 0.0, "CloseUSD": 1587.959961}