{"Index": "N225", "Date": "1976-12-21", "Open": 4863.529785, "High": 4863.529785, "Low": 4863.529785, "Close": 4863.529785, "Adj Close": 4863.529785, "Volume": 0.0, "CloseUSD": 48.63529785}