{"Index": "HSI", "Date": "2018-03-23", "Open": 29930.23047, "High": 30320.31055, "Low": 29930.23047, "Close": 30309.28906, "Adj Close": 30309.28906, "Volume": 3522395400.0, "CloseUSD": 3940.2075778}