{"Index": "TWII", "Date": "2011-11-24", "Open": 6748.919922, "High": 6885.240234, "Low": 6744.259766, "Close": 6864.390137, "Adj Close": 6864.364258, "Volume": 2408800.0, "CloseUSD": 274.57560548000004}