{"Index": "GSPTSE", "Date": "2003-06-26", "Open": 6967.799805, "High": 6991.399902, "Low": 6953.899902, "Close": 6991.399902, "Adj Close": 6991.399902, "Volume": 9902570000.0, "CloseUSD": 5802.86191866}