{"Index": "SSMI", "Date": "2018-07-17", "Open": 8828.55957, "High": 8839.990234, "Low": 8782.219727, "Close": 8824.669922, "Adj Close": 8824.669922, "Volume": 36589000.0, "CloseUSD": 9795.38361342}