{"Index": "HSI", "Date": "2011-03-02", "Open": 23114.42969, "High": 23114.42969, "Low": 22915.65039, "Close": 23048.66016, "Adj Close": 23048.66016, "Volume": 1491985100.0, "CloseUSD": 2996.3258208}