{"Index": "SSMI", "Date": "1996-03-26", "Open": 3673.399902, "High": 3673.399902, "Low": 3652.800049, "Close": 3658.100098, "Adj Close": 3658.100098, "Volume": 0.0, "CloseUSD": 4060.49110878}