{"Index": "HSI", "Date": "2014-01-07", "Open": 22689.25, "High": 22802.84961, "Low": 22644.58008, "Close": 22712.7793, "Adj Close": 22712.7793, "Volume": 1733385800.0, "CloseUSD": 2952.661309}