{"Index": "GSPTSE", "Date": "2004-05-25", "Open": 8255.0, "High": 8365.0, "Low": 8210.5, "Close": 8354.200195, "Adj Close": 8354.200195, "Volume": 12115480000.0, "CloseUSD": 6933.986161849999}