{"Index": "IXIC", "Date": "1976-10-20", "Open": 89.629997, "High": 89.629997, "Low": 89.629997, "Close": 89.629997, "Adj Close": 89.629997, "Volume": 0.0, "CloseUSD": 89.629997}