{"Index": "399001.SZ", "Date": "2006-04-17", "Open": 3753.959961, "High": 3804.209961, "Low": 3743.060059, "Close": 3760.629883, "Adj Close": 3760.587646, "Volume": 60000.0, "CloseUSD": 601.70078128}