{"Index": "HSI", "Date": "2010-12-06", "Open": 23507.19922, "High": 23612.25, "Low": 23213.71094, "Close": 23237.68945, "Adj Close": 23237.68945, "Volume": 1448276400.0, "CloseUSD": 3020.8996285000003}