{"Index": "SSMI", "Date": "2004-09-09", "Open": 5536.600098, "High": 5545.700195, "Low": 5510.0, "Close": 5522.299805, "Adj Close": 5522.299805, "Volume": 32603800.0, "CloseUSD": 6129.7527835500005}