{"Index": "GDAXI", "Date": "2008-07-11", "Open": 6310.169922, "High": 6332.109863, "Low": 6139.740234, "Close": 6153.299805, "Adj Close": 6153.299805, "Volume": 182436700.0, "CloseUSD": 7507.025762099999}