{"Index": "IXIC", "Date": "1976-06-21", "Open": 90.150002, "High": 90.150002, "Low": 90.150002, "Close": 90.150002, "Adj Close": 90.150002, "Volume": 0.0, "CloseUSD": 90.150002}