{"Index": "N100", "Date": "2015-09-15", "Open": 872.190002, "High": 882.320007, "Low": 866.219971, "Close": 878.700012, "Adj Close": 878.700012, "Volume": 535456700.0, "CloseUSD": 1072.01401464}