{"Index": "N225", "Date": "1979-05-08", "Open": 6236.819824, "High": 6236.819824, "Low": 6236.819824, "Close": 6236.819824, "Adj Close": 6236.819824, "Volume": 0.0, "CloseUSD": 62.368198240000005}