{"Index": "GSPTSE", "Date": "2013-09-03", "Open": 12654.29981, "High": 12828.09961, "Low": 12654.29981, "Close": 12740.5, "Adj Close": 12740.5, "Volume": 133240000.0, "CloseUSD": 10574.615}