{"Index": "SSMI", "Date": "1992-01-14", "Open": 1719.5, "High": 1735.900024, "Low": 1719.5, "Close": 1734.400024, "Adj Close": 1734.400024, "Volume": 0.0, "CloseUSD": 1925.18402664}