{"Index": "N225", "Date": "2012-01-24", "Open": 8815.360352, "High": 8825.089844, "Low": 8768.509766, "Close": 8785.330078, "Adj Close": 8785.330078, "Volume": 111000000.0, "CloseUSD": 87.85330078000001}