{"Index": "IXIC", "Date": "1982-06-29", "Open": 170.529999, "High": 170.529999, "Low": 170.529999, "Close": 170.529999, "Adj Close": 170.529999, "Volume": 0.0, "CloseUSD": 170.529999}