{"Index": "GDAXI", "Date": "2015-02-02", "Open": 10719.17969, "High": 10828.00977, "Low": 10677.38965, "Close": 10828.00977, "Adj Close": 10828.00977, "Volume": 100490400.0, "CloseUSD": 13210.1719194}