{"Index": "IXIC", "Date": "2001-10-25", "Open": 1708.48999, "High": 1775.51001, "Low": 1683.609985, "Close": 1775.469971, "Adj Close": 1775.469971, "Volume": 2259620000.0, "CloseUSD": 1775.469971}