{"Index": "NYA", "Date": "1987-11-10", "Open": 1417.51001, "High": 1417.51001, "Low": 1417.51001, "Close": 1417.51001, "Adj Close": 1417.51001, "Volume": 0.0, "CloseUSD": 1417.51001}