{"Index": "SSMI", "Date": "1995-04-28", "Open": 2568.0, "High": 2600.100098, "Low": 2567.0, "Close": 2597.199951, "Adj Close": 2597.199951, "Volume": 0.0, "CloseUSD": 2882.89194561}