{"Index": "399001.SZ", "Date": "2008-07-10", "Open": 10204.32031, "High": 10472.61035, "Low": 10094.66016, "Close": 10178.61035, "Adj Close": 10178.49609, "Volume": 82600.0, "CloseUSD": 1628.5776560000002}