{"Index": "N225", "Date": "1990-02-01", "Open": 37242.03125, "High": 37332.19141, "Low": 37124.89063, "Close": 37206.42188, "Adj Close": 37206.42188, "Volume": 0.0, "CloseUSD": 372.0642188000001}