{"Index": "J203.JO", "Date": "2019-04-29", "Open": 58894.19141, "High": 59012.07813, "Low": 58561.57813, "Close": 58662.67969, "Adj Close": 58662.67969, "Volume": 0.0, "CloseUSD": 4106.3875783}