{"Index": "000001.SS", "Date": "2000-04-20", "Open": 1831.656982, "High": 1847.51001, "Low": 1831.484985, "Close": 1847.026978, "Adj Close": 1847.026978, "Volume": 0.0, "CloseUSD": 295.52431648000004}