{"Index": "N225", "Date": "2011-09-16", "Open": 8785.280273, "High": 8864.160156, "Low": 8774.160156, "Close": 8864.160156, "Adj Close": 8864.160156, "Volume": 143300000.0, "CloseUSD": 88.64160156}