{"Index": "HSI", "Date": "2003-02-27", "Open": 9072.870117, "High": 9175.320313, "Low": 9029.950195, "Close": 9134.240234, "Adj Close": 9134.240234, "Volume": 189162400.0, "CloseUSD": 1187.4512304200002}