{"Index": "N100", "Date": "2013-02-22", "Open": 690.75, "High": 699.900024, "Low": 690.369995, "Close": 699.869995, "Adj Close": 699.869995, "Volume": 209872600.0, "CloseUSD": 853.8413939}