{"Index": "SSMI", "Date": "2009-05-20", "Open": 5493.819824, "High": 5546.240234, "Low": 5472.700195, "Close": 5509.27002, "Adj Close": 5509.27002, "Volume": 74827500.0, "CloseUSD": 6115.2897222}