{"Index": "NYA", "Date": "2004-02-12", "Open": 6751.049805, "High": 6751.049805, "Low": 6715.049805, "Close": 6716.189941, "Adj Close": 6716.189941, "Volume": 1457500000.0, "CloseUSD": 6716.189941}