{"Index": "NYA", "Date": "1973-12-14", "Open": 524.669983, "High": 524.669983, "Low": 524.669983, "Close": 524.669983, "Adj Close": 524.669983, "Volume": 0.0, "CloseUSD": 524.669983}