{"Index": "GSPTSE", "Date": "2005-12-12", "Open": 11204.09961, "High": 11207.29981, "Low": 11083.7002, "Close": 11099.29981, "Adj Close": 11099.29981, "Volume": 14674060000.0, "CloseUSD": 9212.4188423}