{"Index": "SSMI", "Date": "2015-11-26", "Open": 8939.009766, "High": 8982.849609, "Low": 8935.049805, "Close": 8968.25, "Adj Close": 8968.25, "Volume": 34559000.0, "CloseUSD": 9954.757500000002}