{"Index": "000001.SS", "Date": "2008-11-25", "Open": 1925.248047, "High": 1939.369019, "Low": 1858.165039, "Close": 1888.714966, "Adj Close": 1888.714966, "Volume": 69600.0, "CloseUSD": 302.19439456000003}