{"Index": "HSI", "Date": "2016-07-08", "Open": 20622.83008, "High": 20645.58984, "Low": 20468.5293, "Close": 20564.16992, "Adj Close": 20564.16992, "Volume": 1194770200.0, "CloseUSD": 2673.3420896}