{"Index": "J203.JO", "Date": "2017-10-16", "Open": 57876.60156, "High": 58372.14844, "Low": 57876.60156, "Close": 58163.55859, "Adj Close": 58163.55859, "Volume": 0.0, "CloseUSD": 4071.4491013000006}