{"Index": "NSEI", "Date": "2013-01-29", "Open": 6064.700195, "High": 6111.799805, "Low": 6042.450195, "Close": 6049.899902, "Adj Close": 6049.899902, "Volume": 157600.0, "CloseUSD": 60.49899902}