{"Index": "000001.SS", "Date": "2015-06-29", "Open": 4289.770996, "High": 4297.475098, "Low": 3875.050049, "Close": 4053.030029, "Adj Close": 4053.030029, "Volume": 673800.0, "CloseUSD": 648.48480464}