{"Index": "000001.SS", "Date": "2002-04-01", "Open": 1598.026001, "High": 1609.916992, "Low": 1589.406982, "Close": 1608.505981, "Adj Close": 1608.505981, "Volume": 0.0, "CloseUSD": 257.36095696}