{"Index": "N225", "Date": "1978-05-08", "Open": 5526.640137, "High": 5526.640137, "Low": 5526.640137, "Close": 5526.640137, "Adj Close": 5526.640137, "Volume": 0.0, "CloseUSD": 55.26640137}