{"Index": "000001.SS", "Date": "2003-03-06", "Open": 1516.600952, "High": 1517.348022, "Low": 1494.240967, "Close": 1498.343018, "Adj Close": 1498.343018, "Volume": 8400.0, "CloseUSD": 239.73488288}