{"Index": "GSPTSE", "Date": "1990-12-05", "Open": 3189.800049, "High": 3226.5, "Low": 3185.899902, "Close": 3226.5, "Adj Close": 3218.306396, "Volume": 25590000.0, "CloseUSD": 2677.995}