{"Index": "GDAXI", "Date": "1995-05-02", "Open": 2022.810059, "High": 2037.869995, "Low": 2022.810059, "Close": 2036.469971, "Adj Close": 2036.469971, "Volume": 0.0, "CloseUSD": 2484.49336462}