{"Index": "HSI", "Date": "2008-07-30", "Open": 22637.33008, "High": 22751.03906, "Low": 22573.17969, "Close": 22690.59961, "Adj Close": 22690.59961, "Volume": 1968748000.0, "CloseUSD": 2949.7779493000003}