{"Index": "399001.SZ", "Date": "2001-09-05", "Open": 3965.860107, "High": 3993.219971, "Low": 3932.149902, "Close": 3937.320068, "Adj Close": 3937.276123, "Volume": 0.0, "CloseUSD": 629.9712108800001}