{"Index": "NYA", "Date": "1978-02-08", "Open": 532.390015, "High": 532.390015, "Low": 532.390015, "Close": 532.390015, "Adj Close": 532.390015, "Volume": 0.0, "CloseUSD": 532.390015}