{"Index": "TWII", "Date": "2013-12-10", "Open": 8451.80957, "High": 8459.490234, "Low": 8421.589844, "Close": 8443.389648, "Adj Close": 8443.357422, "Volume": 1839200.0, "CloseUSD": 337.73558592}