{"Index": "NYA", "Date": "1997-01-15", "Open": 4282.779785, "High": 4282.779785, "Low": 4282.779785, "Close": 4282.779785, "Adj Close": 4282.779785, "Volume": 0.0, "CloseUSD": 4282.779785}