{"Index": "N225", "Date": "1965-05-11", "Open": 1163.869995, "High": 1163.869995, "Low": 1163.869995, "Close": 1163.869995, "Adj Close": 1163.869995, "Volume": 0.0, "CloseUSD": 11.63869995}