{"Index": "GDAXI", "Date": "1994-01-05", "Open": 2264.23999, "High": 2266.209961, "Low": 2221.889893, "Close": 2223.610107, "Adj Close": 2223.610107, "Volume": 0.0, "CloseUSD": 2712.80433054}