{"Index": "NYA", "Date": "1973-10-01", "Open": 617.719971, "High": 617.719971, "Low": 617.719971, "Close": 617.719971, "Adj Close": 617.719971, "Volume": 0.0, "CloseUSD": 617.719971}