{"Index": "GDAXI", "Date": "1989-11-03", "Open": 1445.130005, "High": 1445.130005, "Low": 1445.130005, "Close": 1445.130005, "Adj Close": 1445.130005, "Volume": 0.0, "CloseUSD": 1763.0586061}