{"Index": "NSEI", "Date": "2020-08-28", "Open": 11602.9502, "High": 11686.04981, "Low": 11589.40039, "Close": 11647.59961, "Adj Close": 11647.59961, "Volume": 807000.0, "CloseUSD": 116.4759961}