{"Index": "000001.SS", "Date": "2003-10-15", "Open": 1388.244995, "High": 1401.536987, "Low": 1380.807983, "Close": 1383.098022, "Adj Close": 1383.098022, "Volume": 6800.0, "CloseUSD": 221.29568352}