{"Index": "N225", "Date": "1985-04-24", "Open": 12217.76953, "High": 12217.76953, "Low": 12217.76953, "Close": 12217.76953, "Adj Close": 12217.76953, "Volume": 0.0, "CloseUSD": 122.1776953}