{"Index": "HSI", "Date": "1992-07-02", "Open": 6134.200195, "High": 6173.899902, "Low": 6073.700195, "Close": 6073.700195, "Adj Close": 6073.700195, "Volume": 0.0, "CloseUSD": 789.5810253500001}