{"Index": "N225", "Date": "1980-10-06", "Open": 7155.97998, "High": 7155.97998, "Low": 7155.97998, "Close": 7155.97998, "Adj Close": 7155.97998, "Volume": 0.0, "CloseUSD": 71.55979980000001}