{"Index": "GDAXI", "Date": "1990-11-05", "Open": 1422.829956, "High": 1422.829956, "Low": 1422.829956, "Close": 1422.829956, "Adj Close": 1422.829956, "Volume": 0.0, "CloseUSD": 1735.85254632}