{"Index": "TWII", "Date": "2011-07-11", "Open": 8749.549805, "High": 8749.549805, "Low": 8633.549805, "Close": 8665.849609, "Adj Close": 8665.817383, "Volume": 2013200.0, "CloseUSD": 346.63398436000006}