{"Index": "N225", "Date": "1977-10-11", "Open": 5237.430176, "High": 5237.430176, "Low": 5237.430176, "Close": 5237.430176, "Adj Close": 5237.430176, "Volume": 0.0, "CloseUSD": 52.37430176}