{"Index": "GDAXI", "Date": "1995-08-18", "Open": 2261.050049, "High": 2272.22998, "Low": 2255.530029, "Close": 2265.860107, "Adj Close": 2265.860107, "Volume": 0.0, "CloseUSD": 2764.34933054}