{"Index": "399001.SZ", "Date": "1999-10-28", "Open": 3845.929932, "High": 3851.5, "Low": 3756.76001, "Close": 3764.75, "Adj Close": 3764.707764, "Volume": 0.0, "CloseUSD": 602.36}