{"Index": "N225", "Date": "1995-01-19", "Open": 19218.60938, "High": 19297.75, "Low": 18977.99023, "Close": 19075.74023, "Adj Close": 19075.74023, "Volume": 0.0, "CloseUSD": 190.7574023}