{"Index": "GSPTSE", "Date": "2020-05-29", "Open": 15241.79981, "High": 15244.40039, "Low": 15092.90039, "Close": 15192.79981, "Adj Close": 15192.79981, "Volume": 79356310000.0, "CloseUSD": 12610.0238423}