{"Index": "SSMI", "Date": "1999-02-16", "Open": 7024.0, "High": 7064.700195, "Low": 6996.0, "Close": 7015.200195, "Adj Close": 7015.200195, "Volume": 0.0, "CloseUSD": 7786.872216450001}