{"Index": "HSI", "Date": "2012-12-06", "Open": 22355.89063, "High": 22355.89063, "Low": 22215.08008, "Close": 22249.81055, "Adj Close": 22249.81055, "Volume": 1474980800.0, "CloseUSD": 2892.4753715}