{"Index": "N225", "Date": "1988-12-23", "Open": 29826.5, "High": 29957.81055, "Low": 29635.5293, "Close": 29686.25977, "Adj Close": 29686.25977, "Volume": 0.0, "CloseUSD": 296.86259770000004}