{"Index": "N100", "Date": "2010-11-10", "Open": 704.289978, "High": 706.690002, "Low": 697.460022, "Close": 700.5, "Adj Close": 700.5, "Volume": 366961900.0, "CloseUSD": 854.61}