{"Index": "NYA", "Date": "1975-10-28", "Open": 506.380005, "High": 506.380005, "Low": 506.380005, "Close": 506.380005, "Adj Close": 506.380005, "Volume": 0.0, "CloseUSD": 506.380005}