{"Index": "399001.SZ", "Date": "2003-12-17", "Open": 3350.47998, "High": 3394.899902, "Low": 3332.02002, "Close": 3333.709961, "Adj Close": 3333.672607, "Volume": 0.0, "CloseUSD": 533.39359376}