{"Index": "N100", "Date": "2005-03-11", "Open": 698.330017, "High": 699.179993, "Low": 695.719971, "Close": 696.080017, "Adj Close": 696.080017, "Volume": 0.0, "CloseUSD": 849.21762074}