{"Index": "GSPTSE", "Date": "1991-07-16", "Open": 3527.800049, "High": 3541.300049, "Low": 3524.100098, "Close": 3535.5, "Adj Close": 3535.5, "Volume": 23910000.0, "CloseUSD": 2934.465}