{"Index": "SSMI", "Date": "2006-09-15", "Open": 8196.299805, "High": 8246.200195, "Low": 8185.600098, "Close": 8229.299805, "Adj Close": 8229.299805, "Volume": 111642100.0, "CloseUSD": 9134.52278355}