{"Index": "N225", "Date": "2007-06-20", "Open": 18173.07031, "High": 18297.0, "Low": 18141.94922, "Close": 18211.67969, "Adj Close": 18211.67969, "Volume": 141300000.0, "CloseUSD": 182.11679690000005}