{"Index": "GDAXI", "Date": "2016-09-14", "Open": 10410.29981, "High": 10450.41016, "Low": 10369.71973, "Close": 10378.40039, "Adj Close": 10378.40039, "Volume": 94000200.0, "CloseUSD": 12661.6484758}