{"Index": "HSI", "Date": "2017-10-23", "Open": 28557.80078, "High": 28557.80078, "Low": 28253.32031, "Close": 28305.88086, "Adj Close": 28305.88086, "Volume": 1712055400.0, "CloseUSD": 3679.764511800001}