{"Index": "NYA", "Date": "2017-05-01", "Open": 11550.41016, "High": 11569.4502, "Low": 11525.16016, "Close": 11536.49023, "Adj Close": 11536.49023, "Volume": 0.0, "CloseUSD": 11536.49023}