{"Index": "GSPTSE", "Date": "1987-02-18", "Open": 3568.800049, "High": 3579.899902, "Low": 3554.899902, "Close": 3560.0, "Adj Close": 3550.959229, "Volume": 33240000.0, "CloseUSD": 2954.8}