{"Index": "N100", "Date": "2019-09-27", "Open": 1090.880005, "High": 1094.719971, "Low": 1089.780029, "Close": 1093.189941, "Adj Close": 1093.189941, "Volume": 159865500.0, "CloseUSD": 1333.69172802}