{"Index": "GDAXI", "Date": "1995-12-06", "Open": 2262.110107, "High": 2277.110107, "Low": 2259.649902, "Close": 2274.939941, "Adj Close": 2274.939941, "Volume": 0.0, "CloseUSD": 2775.42672802}