{"Index": "HSI", "Date": "2012-09-28", "Open": 20757.9707, "High": 20889.90039, "Low": 20725.51953, "Close": 20840.38086, "Adj Close": 20840.38086, "Volume": 1403623200.0, "CloseUSD": 2709.2495118}