{"Index": "N225", "Date": "1987-04-23", "Open": 24024.60938, "High": 24024.60938, "Low": 24024.60938, "Close": 24024.60938, "Adj Close": 24024.60938, "Volume": 0.0, "CloseUSD": 240.2460938}