{"Index": "N225", "Date": "1997-02-06", "Open": 18199.64063, "High": 18257.03906, "Low": 17875.2207, "Close": 18038.42969, "Adj Close": 18038.42969, "Volume": 0.0, "CloseUSD": 180.3842969}