{"Index": "NSEI", "Date": "2012-05-02", "Open": 5254.299805, "High": 5279.600098, "Low": 5226.450195, "Close": 5239.149902, "Adj Close": 5239.149902, "Volume": 0.0, "CloseUSD": 52.391499020000005}