{"Index": "GDAXI", "Date": "1996-07-24", "Open": 2472.570068, "High": 2472.570068, "Low": 2442.879883, "Close": 2459.129883, "Adj Close": 2459.129883, "Volume": 0.0, "CloseUSD": 3000.13845726}