{"Index": "399001.SZ", "Date": "2007-06-21", "Open": 14044.4502, "High": 14276.50977, "Low": 13928.05957, "Close": 14255.61035, "Adj Close": 14255.45117, "Volume": 95100.0, "CloseUSD": 2280.897656}