{"Index": "N225", "Date": "1982-09-17", "Open": 7062.509766, "High": 7062.509766, "Low": 7062.509766, "Close": 7062.509766, "Adj Close": 7062.509766, "Volume": 0.0, "CloseUSD": 70.62509766000001}