{"Index": "GSPTSE", "Date": "2019-12-23", "Open": 17149.0, "High": 17166.40039, "Low": 17102.30078, "Close": 17128.69922, "Adj Close": 17128.69922, "Volume": 16252040000.0, "CloseUSD": 14216.820352599998}