{"Index": "000001.SS", "Date": "2006-04-13", "Open": 1359.277954, "High": 1364.31604, "Low": 1331.682007, "Close": 1332.329956, "Adj Close": 1332.329956, "Volume": 41200.0, "CloseUSD": 213.17279296}