{"Index": "N100", "Date": "2010-08-04", "Open": 673.52002, "High": 678.960022, "Low": 668.650024, "Close": 676.02002, "Adj Close": 676.02002, "Volume": 257448400.0, "CloseUSD": 824.7444244000001}