{"Index": "IXIC", "Date": "2002-03-21", "Open": 1835.209961, "High": 1870.160034, "Low": 1825.98999, "Close": 1868.829956, "Adj Close": 1868.829956, "Volume": 1601590000.0, "CloseUSD": 1868.829956}