{"Index": "000001.SS", "Date": "2002-05-21", "Open": 1575.021973, "High": 1599.113037, "Low": 1564.546021, "Close": 1588.108032, "Adj Close": 1588.108032, "Volume": 0.0, "CloseUSD": 254.09728512}