{"Index": "GSPTSE", "Date": "1990-04-20", "Open": 3413.800049, "High": 3413.800049, "Low": 3338.899902, "Close": 3355.600098, "Adj Close": 3347.078857, "Volume": 30060000.0, "CloseUSD": 2785.14808134}