{"Index": "GSPTSE", "Date": "2008-07-17", "Open": 13595.59961, "High": 13662.5, "Low": 13348.40039, "Close": 13460.29981, "Adj Close": 13460.29981, "Volume": 27536860000.0, "CloseUSD": 11172.0488423}