{"Index": "NYA", "Date": "1977-05-03", "Open": 573.200012, "High": 573.200012, "Low": 573.200012, "Close": 573.200012, "Adj Close": 573.200012, "Volume": 0.0, "CloseUSD": 573.200012}