{"Index": "NYA", "Date": "1997-12-18", "Open": 5304.72998, "High": 5304.72998, "Low": 5304.72998, "Close": 5304.72998, "Adj Close": 5304.72998, "Volume": 0.0, "CloseUSD": 5304.72998}