{"Index": "SSMI", "Date": "2009-03-26", "Open": 4977.890137, "High": 5001.830078, "Low": 4897.649902, "Close": 4966.740234, "Adj Close": 4966.740234, "Volume": 69103000.0, "CloseUSD": 5513.081659740001}