{"Index": "GSPTSE", "Date": "1998-09-22", "Open": 5814.100098, "High": 5822.700195, "Low": 5775.600098, "Close": 5822.700195, "Adj Close": 5822.700195, "Volume": 5551610000.0, "CloseUSD": 4832.84116185}