{"Index": "000001.SS", "Date": "2014-07-02", "Open": 2049.485107, "High": 2060.594971, "Low": 2044.035034, "Close": 2059.417969, "Adj Close": 2059.417969, "Volume": 109600.0, "CloseUSD": 329.50687504}