{"Index": "NSEI", "Date": "2011-11-15", "Open": 5131.200195, "High": 5158.75, "Low": 5052.850098, "Close": 5068.5, "Adj Close": 5068.5, "Volume": 0.0, "CloseUSD": 50.685}