{"Index": "HSI", "Date": "1995-07-26", "Open": 9393.799805, "High": 9454.900391, "Low": 9316.900391, "Close": 9355.0, "Adj Close": 9355.0, "Volume": 0.0, "CloseUSD": 1216.15}