{"Index": "J203.JO", "Date": "2020-08-31", "Open": 56057.10156, "High": 56515.39063, "Low": 55308.85156, "Close": 55476.10938, "Adj Close": 55476.10938, "Volume": 0.0, "CloseUSD": 3883.3276566}