{"Index": "SSMI", "Date": "2012-08-17", "Open": 6553.819824, "High": 6554.120117, "Low": 6519.689941, "Close": 6529.339844, "Adj Close": 6529.339844, "Volume": 45997700.0, "CloseUSD": 7247.56722684}