{"Index": "IXIC", "Date": "2002-04-30", "Open": 1655.02002, "High": 1697.030029, "Low": 1652.930054, "Close": 1688.22998, "Adj Close": 1688.22998, "Volume": 2091610000.0, "CloseUSD": 1688.22998}