{"Index": "NYA", "Date": "2001-07-23", "Open": 6433.899902, "High": 6433.899902, "Low": 6433.899902, "Close": 6433.899902, "Adj Close": 6433.899902, "Volume": 986900000.0, "CloseUSD": 6433.899902}