{"Index": "NYA", "Date": "2010-02-22", "Open": 7083.25, "High": 7109.040039, "Low": 7067.439941, "Close": 7078.529785, "Adj Close": 7078.529785, "Volume": 3814440000.0, "CloseUSD": 7078.529785}