{"Index": "NYA", "Date": "2003-07-29", "Open": 5606.609863, "High": 5614.379883, "Low": 5553.509766, "Close": 5570.589844, "Adj Close": 5570.589844, "Volume": 1508900000.0, "CloseUSD": 5570.589844}