{"Index": "NSEI", "Date": "2012-01-10", "Open": 4771.850098, "High": 4855.899902, "Low": 4768.25, "Close": 4849.549805, "Adj Close": 4849.549805, "Volume": 0.0, "CloseUSD": 48.49549805}