{"Index": "000001.SS", "Date": "2016-10-28", "Open": 3111.704102, "High": 3128.643066, "Low": 3101.237061, "Close": 3104.27002, "Adj Close": 3104.27002, "Volume": 181800.0, "CloseUSD": 496.6832032}