{"Index": "TWII", "Date": "2008-08-18", "Open": 7189.680176, "High": 7213.689941, "Low": 6996.779785, "Close": 7000.740234, "Adj Close": 7000.714355, "Volume": 3594600.0, "CloseUSD": 280.02960936}