{"Index": "SSMI", "Date": "2004-12-17", "Open": 5674.100098, "High": 5678.200195, "Low": 5603.399902, "Close": 5603.399902, "Adj Close": 5603.399902, "Volume": 75272400.0, "CloseUSD": 6219.77389122}