{"Index": "N225", "Date": "1996-06-20", "Open": 22361.13086, "High": 22437.30078, "Low": 22133.33984, "Close": 22437.30078, "Adj Close": 22437.30078, "Volume": 0.0, "CloseUSD": 224.3730078}