{"Index": "SSMI", "Date": "2012-04-19", "Open": 6200.990234, "High": 6225.089844, "Low": 6188.310059, "Close": 6203.779785, "Adj Close": 6203.779785, "Volume": 51409900.0, "CloseUSD": 6886.19556135}