{"Index": "000001.SS", "Date": "2004-06-17", "Open": 1475.272949, "High": 1478.489014, "Low": 1443.534058, "Close": 1445.500977, "Adj Close": 1445.500977, "Volume": 9200.0, "CloseUSD": 231.28015632}