{"Index": "GDAXI", "Date": "1994-10-04", "Open": 1995.800049, "High": 1995.800049, "Low": 1978.569946, "Close": 1988.670044, "Adj Close": 1988.670044, "Volume": 0.0, "CloseUSD": 2426.17745368}