{"Index": "NYA", "Date": "2006-09-22", "Open": 8373.30957, "High": 8373.599609, "Low": 8325.580078, "Close": 8344.669922, "Adj Close": 8344.669922, "Volume": 2162880000.0, "CloseUSD": 8344.669922}