{"Index": "GSPTSE", "Date": "2014-09-15", "Open": 15530.90039, "High": 15530.90039, "Low": 15442.09961, "Close": 15482.59961, "Adj Close": 15482.59961, "Volume": 14959720000.0, "CloseUSD": 12850.5576763}