{"Index": "GSPTSE", "Date": "1998-08-31", "Open": 5815.5, "High": 5815.5, "Low": 5530.600098, "Close": 5530.700195, "Adj Close": 5530.700195, "Volume": 6205200000.0, "CloseUSD": 4590.48116185}