{"Index": "GDAXI", "Date": "2012-01-03", "Open": 6124.109863, "High": 6179.029785, "Low": 6108.620117, "Close": 6166.569824, "Adj Close": 6166.569824, "Volume": 116709200.0, "CloseUSD": 7523.21518528}