{"Index": "J203.JO", "Date": "2012-09-19", "Open": 36445.75, "High": 36647.98047, "Low": 36445.75, "Close": 36463.14063, "Adj Close": 36463.14063, "Volume": 0.0, "CloseUSD": 2552.4198441000003}