{"Index": "GDAXI", "Date": "1989-08-29", "Open": 1594.589966, "High": 1594.589966, "Low": 1594.589966, "Close": 1594.589966, "Adj Close": 1594.589966, "Volume": 0.0, "CloseUSD": 1945.39975852}