{"Index": "SSMI", "Date": "1999-09-30", "Open": 6887.700195, "High": 6920.100098, "Low": 6827.5, "Close": 6907.399902, "Adj Close": 6907.399902, "Volume": 0.0, "CloseUSD": 7667.213891220001}