{"Index": "HSI", "Date": "1998-10-30", "Open": 9966.730469, "High": 10254.34961, "Low": 9966.730469, "Close": 10154.94043, "Adj Close": 10154.94043, "Volume": 0.0, "CloseUSD": 1320.1422559}