{"Index": "N225", "Date": "1998-04-16", "Open": 16371.53027, "High": 16416.73047, "Low": 15875.07031, "Close": 15883.76953, "Adj Close": 15883.76953, "Volume": 0.0, "CloseUSD": 158.8376953}