{"Index": "000001.SS", "Date": "2012-11-23", "Open": 2020.015015, "High": 2034.884033, "Low": 2017.004028, "Close": 2027.384033, "Adj Close": 2027.384033, "Volume": 51600.0, "CloseUSD": 324.38144528000004}