{"Index": "GDAXI", "Date": "2020-11-05", "Open": 12420.87988, "High": 12591.29981, "Low": 12398.58984, "Close": 12568.08984, "Adj Close": 12568.08984, "Volume": 87078000.0, "CloseUSD": 15333.0696048}