{"Index": "N100", "Date": "2009-01-20", "Open": 519.830017, "High": 523.140015, "Low": 505.230011, "Close": 507.420013, "Adj Close": 507.420013, "Volume": 304595800.0, "CloseUSD": 619.05241586}