{"Index": "TWII", "Date": "2009-10-29", "Open": 7417.129883, "High": 7426.470215, "Low": 7233.629883, "Close": 7355.689941, "Adj Close": 7355.662109, "Volume": 5153800.0, "CloseUSD": 294.22759764}