{"Index": "TWII", "Date": "2002-06-24", "Open": 5440.609863, "High": 5467.25, "Low": 5361.290039, "Close": 5384.890137, "Adj Close": 5384.870117, "Volume": 0.0, "CloseUSD": 215.39560548000003}