{"Index": "NYA", "Date": "1966-11-21", "Open": 457.630005, "High": 457.630005, "Low": 457.630005, "Close": 457.630005, "Adj Close": 457.630005, "Volume": 0.0, "CloseUSD": 457.630005}