{"Index": "000001.SS", "Date": "2003-09-19", "Open": 1390.839966, "High": 1395.603027, "Low": 1383.717041, "Close": 1391.369995, "Adj Close": 1391.369995, "Volume": 5400.0, "CloseUSD": 222.6191992}