{"Index": "N225", "Date": "2018-02-19", "Open": 21903.66016, "High": 22152.84961, "Low": 21858.33008, "Close": 22149.21094, "Adj Close": 22149.21094, "Volume": 68500000.0, "CloseUSD": 221.4921094}