{"Index": "GSPTSE", "Date": "2013-01-16", "Open": 12602.5, "High": 12638.40039, "Low": 12580.29981, "Close": 12608.79981, "Adj Close": 12608.79981, "Volume": 14364290000.0, "CloseUSD": 10465.3038423}