{"Index": "N225", "Date": "2014-03-24", "Open": 14297.58008, "High": 14514.28027, "Low": 14287.28027, "Close": 14475.29981, "Adj Close": 14475.29981, "Volume": 196200000.0, "CloseUSD": 144.7529981}