{"Index": "HSI", "Date": "1993-10-15", "Open": 8592.400391, "High": 8777.099609, "Low": 8592.400391, "Close": 8764.0, "Adj Close": 8764.0, "Volume": 0.0, "CloseUSD": 1139.32}