{"Index": "N225", "Date": "2011-09-15", "Open": 8645.379883, "High": 8695.950195, "Low": 8634.019531, "Close": 8668.860352, "Adj Close": 8668.860352, "Volume": 126600000.0, "CloseUSD": 86.68860352}