{"Index": "SSMI", "Date": "2013-04-03", "Open": 7900.290039, "High": 7946.859863, "Low": 7869.509766, "Close": 7875.100098, "Adj Close": 7875.100098, "Volume": 38925600.0, "CloseUSD": 8741.36110878}