{"Index": "399001.SZ", "Date": "2019-09-04", "Open": 9612.620117, "High": 9700.320313, "Low": 9590.980469, "Close": 9700.320313, "Adj Close": 9700.320313, "Volume": 149700.0, "CloseUSD": 1552.05125008}