{"Index": "N100", "Date": "2007-04-17", "Open": 1026.630005, "High": 1029.98999, "Low": 1022.73999, "Close": 1028.410034, "Adj Close": 1028.410034, "Volume": 327199000.0, "CloseUSD": 1254.66024148}