{"Index": "NYA", "Date": "1998-12-14", "Open": 5863.450195, "High": 5863.450195, "Low": 5863.450195, "Close": 5863.450195, "Adj Close": 5863.450195, "Volume": 0.0, "CloseUSD": 5863.450195}