{"Index": "GDAXI", "Date": "2007-06-28", "Open": 7847.439941, "High": 7923.589844, "Low": 7847.439941, "Close": 7921.359863, "Adj Close": 7921.359863, "Volume": 121148000.0, "CloseUSD": 9664.05903286}