{"Index": "NYA", "Date": "1978-05-08", "Open": 569.080017, "High": 569.080017, "Low": 569.080017, "Close": 569.080017, "Adj Close": 569.080017, "Volume": 0.0, "CloseUSD": 569.080017}