{"Index": "N100", "Date": "2003-07-15", "Open": 546.309998, "High": 551.450012, "Low": 545.780029, "Close": 547.590027, "Adj Close": 547.590027, "Volume": 0.0, "CloseUSD": 668.05983294}