{"Index": "TWII", "Date": "1998-01-14", "Open": 7617.529785, "High": 7798.25, "Low": 7617.529785, "Close": 7798.25, "Adj Close": 7798.221191, "Volume": 0.0, "CloseUSD": 311.93}