{"Index": "NYA", "Date": "2009-11-20", "Open": 7117.629883, "High": 7117.629883, "Low": 7048.5, "Close": 7084.470215, "Adj Close": 7084.470215, "Volume": 3751230000.0, "CloseUSD": 7084.470215}