{"Index": "HSI", "Date": "2015-04-24", "Open": 27978.39063, "High": 28089.36914, "Low": 27591.57031, "Close": 28060.98047, "Adj Close": 28060.98047, "Volume": 2414041400.0, "CloseUSD": 3647.9274611}