{"Index": "HSI", "Date": "2006-07-28", "Open": 16935.0, "High": 17034.55078, "Low": 16918.78906, "Close": 16955.03906, "Adj Close": 16955.03906, "Volume": 325931200.0, "CloseUSD": 2204.1550778}