{"Index": "N225", "Date": "1971-09-16", "Open": 2347.350098, "High": 2347.350098, "Low": 2347.350098, "Close": 2347.350098, "Adj Close": 2347.350098, "Volume": 0.0, "CloseUSD": 23.47350098}