{"Index": "SSMI", "Date": "2001-08-31", "Open": 6495.700195, "High": 6582.700195, "Low": 6466.799805, "Close": 6582.399902, "Adj Close": 6582.399902, "Volume": 0.0, "CloseUSD": 7306.463891220001}