{"Index": "TWII", "Date": "2013-04-11", "Open": 7788.580078, "High": 7857.97998, "Low": 7788.580078, "Close": 7857.97998, "Adj Close": 7857.950195, "Volume": 1842000.0, "CloseUSD": 314.3191992}