{"Index": "NYA", "Date": "2008-07-22", "Open": 8499.730469, "High": 8566.650391, "Low": 8402.099609, "Close": 8566.650391, "Adj Close": 8566.650391, "Volume": 6180230000.0, "CloseUSD": 8566.650391}