{"Index": "NYA", "Date": "2005-09-01", "Open": 7496.109863, "High": 7564.319824, "Low": 7495.22998, "Close": 7543.850098, "Adj Close": 7543.850098, "Volume": 2229860000.0, "CloseUSD": 7543.850098}