{"Index": "GSPTSE", "Date": "1999-05-06", "Open": 7012.0, "High": 7016.600098, "Low": 6973.799805, "Close": 6989.299805, "Adj Close": 6989.299805, "Volume": 7743400000.0, "CloseUSD": 5801.11883815}