{"Index": "N100", "Date": "2007-09-18", "Open": 972.929993, "High": 993.570007, "Low": 972.890015, "Close": 992.349976, "Adj Close": 992.349976, "Volume": 407065200.0, "CloseUSD": 1210.66697072}