{"Index": "N225", "Date": "2020-02-18", "Open": 23398.57031, "High": 23402.00977, "Low": 23133.59961, "Close": 23193.80078, "Adj Close": 23193.80078, "Volume": 59500000.0, "CloseUSD": 231.9380078}