{"Index": "399001.SZ", "Date": "2009-03-23", "Open": 8664.669922, "High": 8947.700195, "Low": 8623.129883, "Close": 8885.75, "Adj Close": 8885.650391, "Volume": 176600.0, "CloseUSD": 1421.72}