{"Index": "N100", "Date": "2018-05-03", "Open": 1060.75, "High": 1062.22998, "Low": 1055.910034, "Close": 1058.060059, "Adj Close": 1058.060059, "Volume": 190220200.0, "CloseUSD": 1290.8332719799998}