{"Index": "N225", "Date": "2007-10-04", "Open": 17085.32031, "High": 17160.4707, "Low": 17043.75977, "Close": 17092.49023, "Adj Close": 17092.49023, "Volume": 129300000.0, "CloseUSD": 170.9249023}