{"Index": "IXIC", "Date": "2004-03-19", "Open": 1964.969971, "High": 1970.150024, "Low": 1940.469971, "Close": 1940.469971, "Adj Close": 1940.469971, "Volume": 1645680000.0, "CloseUSD": 1940.469971}