{"Index": "N225", "Date": "1996-07-09", "Open": 21917.40039, "High": 21976.99023, "Low": 21843.75, "Close": 21919.82031, "Adj Close": 21919.82031, "Volume": 0.0, "CloseUSD": 219.1982031}