{"Index": "TWII", "Date": "2008-11-21", "Open": 3962.689941, "High": 4194.709961, "Low": 3955.429932, "Close": 4171.100098, "Adj Close": 4171.083984, "Volume": 3333800.0, "CloseUSD": 166.84400392}