{"Index": "SSMI", "Date": "2020-05-18", "Open": 9536.719727, "High": 9740.769531, "Low": 9533.799805, "Close": 9740.769531, "Adj Close": 9740.769531, "Volume": 74284300.0, "CloseUSD": 10812.254179410002}