{"Index": "NYA", "Date": "1967-03-23", "Open": 526.469971, "High": 526.469971, "Low": 526.469971, "Close": 526.469971, "Adj Close": 526.469971, "Volume": 0.0, "CloseUSD": 526.469971}