{"Index": "GSPTSE", "Date": "1996-06-13", "Open": 5094.600098, "High": 5094.600098, "Low": 5065.399902, "Close": 5069.600098, "Adj Close": 5069.600098, "Volume": 82120000.0, "CloseUSD": 4207.768081339999}