{"Index": "N100", "Date": "2008-04-28", "Open": 884.809998, "High": 892.960022, "Low": 884.280029, "Close": 890.150024, "Adj Close": 890.150024, "Volume": 215811700.0, "CloseUSD": 1085.98302928}