{"Index": "N225", "Date": "2006-05-08", "Open": 17334.18945, "High": 17375.25, "Low": 17248.58984, "Close": 17291.66992, "Adj Close": 17291.66992, "Volume": 121000000.0, "CloseUSD": 172.9166992}