{"Index": "IXIC", "Date": "2013-11-06", "Open": 3952.179932, "High": 3955.969971, "Low": 3920.909912, "Close": 3931.949951, "Adj Close": 3931.949951, "Volume": 2020160000.0, "CloseUSD": 3931.949951}