{"Index": "N225", "Date": "1978-09-06", "Open": 5637.240234, "High": 5637.240234, "Low": 5637.240234, "Close": 5637.240234, "Adj Close": 5637.240234, "Volume": 0.0, "CloseUSD": 56.37240234}