{"Index": "GDAXI", "Date": "1988-07-11", "Open": 1191.530029, "High": 1191.530029, "Low": 1191.530029, "Close": 1191.530029, "Adj Close": 1191.530029, "Volume": 0.0, "CloseUSD": 1453.66663538}