{"Index": "TWII", "Date": "2009-07-02", "Open": 6613.720215, "High": 6686.700195, "Low": 6600.910156, "Close": 6667.529785, "Adj Close": 6667.504395, "Volume": 5084600.0, "CloseUSD": 266.7011914}