{"Index": "J203.JO", "Date": "2017-09-14", "Open": 56152.53906, "High": 56152.53906, "Low": 55658.37109, "Close": 55850.32031, "Adj Close": 55850.32031, "Volume": 0.0, "CloseUSD": 3909.522421700001}