{"Index": "000001.SS", "Date": "2003-08-19", "Open": 1444.659058, "High": 1453.446045, "Low": 1444.22998, "Close": 1449.712036, "Adj Close": 1449.712036, "Volume": 4600.0, "CloseUSD": 231.95392576}