{"Index": "SSMI", "Date": "2017-05-12", "Open": 9061.19043, "High": 9123.410156, "Low": 9058.099609, "Close": 9123.410156, "Adj Close": 9123.410156, "Volume": 75687000.0, "CloseUSD": 10126.98527316}