{"Index": "TWII", "Date": "2003-01-10", "Open": 4882.069824, "High": 4884.640137, "Low": 4827.910156, "Close": 4850.799805, "Adj Close": 4850.78125, "Volume": 6148000.0, "CloseUSD": 194.0319922}