{"Index": "N225", "Date": "1968-10-07", "Open": 1830.640015, "High": 1830.640015, "Low": 1830.640015, "Close": 1830.640015, "Adj Close": 1830.640015, "Volume": 0.0, "CloseUSD": 18.30640015}