{"Index": "GDAXI", "Date": "1991-11-04", "Open": 1568.089966, "High": 1568.089966, "Low": 1568.089966, "Close": 1568.089966, "Adj Close": 1568.089966, "Volume": 0.0, "CloseUSD": 1913.06975852}