{"Index": "GDAXI", "Date": "2002-04-29", "Open": 4994.200195, "High": 5008.040039, "Low": 4945.419922, "Close": 5008.040039, "Adj Close": 5008.040039, "Volume": 59234300.0, "CloseUSD": 6109.8088475800005}