{"Index": "SSMI", "Date": "2018-06-15", "Open": 8684.849609, "High": 8697.070313, "Low": 8632.169922, "Close": 8642.599609, "Adj Close": 8642.599609, "Volume": 123756600.0, "CloseUSD": 9593.28556599}