{"Index": "399001.SZ", "Date": "2021-01-28", "Open": 15169.09961, "High": 15228.5, "Low": 14881.79981, "Close": 14913.20996, "Adj Close": 14913.20996, "Volume": 1705800.0, "CloseUSD": 2386.1135936}