{"Index": "GDAXI", "Date": "2011-03-16", "Open": 6696.310059, "High": 6733.029785, "Low": 6501.850098, "Close": 6513.839844, "Adj Close": 6513.839844, "Volume": 202700000.0, "CloseUSD": 7946.88460968}