{"Index": "N225", "Date": "2000-07-27", "Open": 16457.69922, "High": 16457.69922, "Low": 16027.33984, "Close": 16182.00977, "Adj Close": 16182.00977, "Volume": 0.0, "CloseUSD": 161.82009770000002}