{"Index": "GSPTSE", "Date": "2001-02-28", "Open": 8055.399902, "High": 8079.100098, "Low": 7974.299805, "Close": 8078.700195, "Adj Close": 8078.700195, "Volume": 9481450000.0, "CloseUSD": 6705.32116185}