{"Index": "TWII", "Date": "1999-10-26", "Open": 7690.310059, "High": 7787.379883, "Low": 7667.209961, "Close": 7700.290039, "Adj Close": 7700.26123, "Volume": 0.0, "CloseUSD": 308.01160156000003}