{"Index": "GSPTSE", "Date": "2010-02-17", "Open": 11605.59961, "High": 11697.0, "Low": 11586.40039, "Close": 11635.5, "Adj Close": 11635.5, "Volume": 16641980000.0, "CloseUSD": 9657.465}