{"Index": "000001.SS", "Date": "2004-05-17", "Open": 1556.672974, "High": 1562.391968, "Low": 1537.465942, "Close": 1539.958984, "Adj Close": 1539.958984, "Volume": 8400.0, "CloseUSD": 246.39343744}