{"Index": "J203.JO", "Date": "2014-10-08", "Open": 48712.44922, "High": 48712.44922, "Low": 48033.62109, "Close": 48033.62109, "Adj Close": 48033.62109, "Volume": 0.0, "CloseUSD": 3362.3534763}