{"Index": "GSPTSE", "Date": "1985-12-12", "Open": 2845.5, "High": 2854.0, "Low": 2845.5, "Close": 2851.800049, "Adj Close": 2844.558105, "Volume": 19060000.0, "CloseUSD": 2366.99404067}