{"Index": "IXIC", "Date": "1991-06-07", "Open": 500.579987, "High": 501.790009, "Low": 496.910004, "Close": 498.540009, "Adj Close": 498.540009, "Volume": 145820000.0, "CloseUSD": 498.540009}