{"Index": "N225", "Date": "1999-12-27", "Open": 18596.49023, "High": 18666.61914, "Low": 18472.59961, "Close": 18546.90039, "Adj Close": 18546.90039, "Volume": 0.0, "CloseUSD": 185.4690039}