{"Index": "N225", "Date": "1997-01-27", "Open": 17657.91992, "High": 17664.59961, "Low": 17280.19922, "Close": 17334.90039, "Adj Close": 17334.90039, "Volume": 0.0, "CloseUSD": 173.3490039}