{"Index": "NYA", "Date": "1990-06-05", "Open": 2114.01001, "High": 2114.01001, "Low": 2114.01001, "Close": 2114.01001, "Adj Close": 2114.01001, "Volume": 0.0, "CloseUSD": 2114.01001}