{"Index": "SSMI", "Date": "2017-02-17", "Open": 8461.599609, "High": 8506.490234, "Low": 8433.370117, "Close": 8506.490234, "Adj Close": 8506.490234, "Volume": 88201100.0, "CloseUSD": 9442.204159740002}