{"Index": "GSPTSE", "Date": "1981-06-22", "Open": 2348.399902, "High": 2348.399902, "Low": 2334.399902, "Close": 2338.199951, "Adj Close": 2332.261963, "Volume": 0.0, "CloseUSD": 1940.70595933}