{"Index": "000001.SS", "Date": "2015-10-16", "Open": 3358.297119, "High": 3393.018066, "Low": 3334.854004, "Close": 3391.352051, "Adj Close": 3391.352051, "Volume": 395500.0, "CloseUSD": 542.61632816}