{"Index": "000001.SS", "Date": "2014-01-21", "Open": 1992.015015, "High": 2014.151978, "Low": 1992.015015, "Close": 2008.312988, "Adj Close": 2008.312988, "Volume": 59800.0, "CloseUSD": 321.33007808}