{"Index": "SSMI", "Date": "1996-12-06", "Open": 3907.699951, "High": 3907.699951, "Low": 3804.600098, "Close": 3835.5, "Adj Close": 3835.5, "Volume": 0.0, "CloseUSD": 4257.405000000001}