{"Index": "GDAXI", "Date": "2016-11-18", "Open": 10735.04981, "High": 10737.98047, "Low": 10649.12012, "Close": 10664.55957, "Adj Close": 10664.55957, "Volume": 106647500.0, "CloseUSD": 13010.7626754}