{"Index": "IXIC", "Date": "1977-03-17", "Open": 96.419998, "High": 96.419998, "Low": 96.419998, "Close": 96.419998, "Adj Close": 96.419998, "Volume": 0.0, "CloseUSD": 96.419998}