{"Index": "N100", "Date": "2017-10-05", "Open": 1044.040039, "High": 1048.140015, "Low": 1044.030029, "Close": 1048.140015, "Adj Close": 1048.140015, "Volume": 172372700.0, "CloseUSD": 1278.7308183}