{"Index": "IXIC", "Date": "1978-02-10", "Open": 103.580002, "High": 103.580002, "Low": 103.580002, "Close": 103.580002, "Adj Close": 103.580002, "Volume": 0.0, "CloseUSD": 103.580002}