{"Index": "GDAXI", "Date": "1996-10-08", "Open": 2705.129883, "High": 2705.290039, "Low": 2689.48999, "Close": 2702.600098, "Adj Close": 2702.600098, "Volume": 0.0, "CloseUSD": 3297.17211956}