{"Index": "SSMI", "Date": "2020-01-10", "Open": 10678.41016, "High": 10688.7002, "Low": 10638.94043, "Close": 10639.49023, "Adj Close": 10639.49023, "Volume": 50655200.0, "CloseUSD": 11809.8341553}