{"Index": "NYA", "Date": "1973-07-30", "Open": 615.179993, "High": 615.179993, "Low": 615.179993, "Close": 615.179993, "Adj Close": 615.179993, "Volume": 0.0, "CloseUSD": 615.179993}