{"Index": "SSMI", "Date": "2001-07-04", "Open": 7242.0, "High": 7266.299805, "Low": 7169.5, "Close": 7177.899902, "Adj Close": 7177.899902, "Volume": 0.0, "CloseUSD": 7967.468891220001}