{"Index": "IXIC", "Date": "1986-02-26", "Open": 355.0, "High": 355.600006, "Low": 354.600006, "Close": 355.299988, "Adj Close": 355.299988, "Volume": 124200000.0, "CloseUSD": 355.299988}