{"Index": "SSMI", "Date": "2013-09-10", "Open": 7973.439941, "High": 8045.569824, "Low": 7972.049805, "Close": 8039.180176, "Adj Close": 8039.180176, "Volume": 42580900.0, "CloseUSD": 8923.48999536}