{"Index": "HSI", "Date": "2007-06-29", "Open": 21997.25, "High": 22044.67969, "Low": 21768.75977, "Close": 21772.73047, "Adj Close": 21772.73047, "Volume": 1621418900.0, "CloseUSD": 2830.4549611}