{"Index": "GDAXI", "Date": "2010-05-28", "Open": 5962.839844, "High": 5980.779785, "Low": 5927.310059, "Close": 5946.180176, "Adj Close": 5946.180176, "Volume": 104018000.0, "CloseUSD": 7254.33981472}