{"Index": "TWII", "Date": "2005-08-03", "Open": 6391.680176, "High": 6455.569824, "Low": 6379.509766, "Close": 6455.569824, "Adj Close": 6455.54541, "Volume": 4033800.0, "CloseUSD": 258.22279296}