{"Index": "SSMI", "Date": "2017-10-02", "Open": 9177.030273, "High": 9242.150391, "Low": 9174.650391, "Close": 9242.150391, "Adj Close": 9242.150391, "Volume": 49355200.0, "CloseUSD": 10258.78693401}