{"Index": "IXIC", "Date": "1982-06-17", "Open": 169.850006, "High": 169.850006, "Low": 169.850006, "Close": 169.850006, "Adj Close": 169.850006, "Volume": 0.0, "CloseUSD": 169.850006}