{"Index": "IXIC", "Date": "2013-01-04", "Open": 3100.879883, "High": 3108.439941, "Low": 3090.810059, "Close": 3101.659912, "Adj Close": 3101.659912, "Volume": 1745140000.0, "CloseUSD": 3101.659912}