{"Index": "SSMI", "Date": "1993-09-13", "Open": 2363.100098, "High": 2365.600098, "Low": 2356.0, "Close": 2365.600098, "Adj Close": 2365.600098, "Volume": 0.0, "CloseUSD": 2625.81610878}