{"Index": "TWII", "Date": "1999-02-05", "Open": 5506.549805, "High": 5625.649902, "Low": 5422.660156, "Close": 5474.790039, "Adj Close": 5474.769531, "Volume": 0.0, "CloseUSD": 218.99160156}