{"Index": "GSPTSE", "Date": "2020-01-31", "Open": 17442.30078, "High": 17450.69922, "Low": 17272.69922, "Close": 17318.5, "Adj Close": 17318.5, "Volume": 23915700000.0, "CloseUSD": 14374.355}