{"Index": "NYA", "Date": "1981-08-06", "Open": 814.179993, "High": 814.179993, "Low": 814.179993, "Close": 814.179993, "Adj Close": 814.179993, "Volume": 0.0, "CloseUSD": 814.179993}