{"Index": "IXIC", "Date": "2000-06-13", "Open": 3743.909912, "High": 3851.429932, "Low": 3695.350098, "Close": 3851.060059, "Adj Close": 3851.060059, "Volume": 1398790000.0, "CloseUSD": 3851.060059}