{"Index": "SSMI", "Date": "2013-09-23", "Open": 8113.330078, "High": 8128.5, "Low": 8044.720215, "Close": 8057.040039, "Adj Close": 8057.040039, "Volume": 27243300.0, "CloseUSD": 8943.31444329}