{"Index": "N225", "Date": "1973-04-26", "Open": 4499.390137, "High": 4499.390137, "Low": 4499.390137, "Close": 4499.390137, "Adj Close": 4499.390137, "Volume": 0.0, "CloseUSD": 44.99390137}