{"Index": "N225", "Date": "1982-02-08", "Open": 7784.890137, "High": 7784.890137, "Low": 7784.890137, "Close": 7784.890137, "Adj Close": 7784.890137, "Volume": 0.0, "CloseUSD": 77.84890137000001}