{"Index": "IXIC", "Date": "1972-08-22", "Open": 131.289993, "High": 131.289993, "Low": 131.289993, "Close": 131.289993, "Adj Close": 131.289993, "Volume": 0.0, "CloseUSD": 131.289993}