{"Index": "GDAXI", "Date": "1994-11-21", "Open": 2099.570068, "High": 2104.620117, "Low": 2096.919922, "Close": 2097.199951, "Adj Close": 2097.199951, "Volume": 0.0, "CloseUSD": 2558.58394022}