{"Index": "N225", "Date": "1988-02-09", "Open": 23662.26953, "High": 23662.26953, "Low": 23662.26953, "Close": 23662.26953, "Adj Close": 23662.26953, "Volume": 0.0, "CloseUSD": 236.62269530000003}