{"Index": "HSI", "Date": "2010-09-06", "Open": 21155.91016, "High": 21398.08984, "Low": 21139.78906, "Close": 21355.76953, "Adj Close": 21355.76953, "Volume": 1599558900.0, "CloseUSD": 2776.2500389}