{"Index": "J203.JO", "Date": "2020-02-13", "Open": 57744.12891, "High": 58195.12109, "Low": 57583.80859, "Close": 57835.69141, "Adj Close": 57835.69141, "Volume": 0.0, "CloseUSD": 4048.498398700001}