{"Index": "TWII", "Date": "2014-05-29", "Open": 9123.459961, "High": 9131.660156, "Low": 9093.570313, "Close": 9109.0, "Adj Close": 9108.96582, "Volume": 2347400.0, "CloseUSD": 364.36}