{"Index": "IXIC", "Date": "1978-07-21", "Open": 123.599998, "High": 123.599998, "Low": 123.599998, "Close": 123.599998, "Adj Close": 123.599998, "Volume": 0.0, "CloseUSD": 123.599998}