{"Index": "N225", "Date": "1986-07-15", "Open": 17882.80078, "High": 17882.80078, "Low": 17882.80078, "Close": 17882.80078, "Adj Close": 17882.80078, "Volume": 0.0, "CloseUSD": 178.82800780000002}