{"Index": "SSMI", "Date": "2016-09-06", "Open": 8323.240234, "High": 8333.709961, "Low": 8293.459961, "Close": 8304.339844, "Adj Close": 8304.339844, "Volume": 42640900.0, "CloseUSD": 9217.81722684}