{"Index": "NYA", "Date": "2001-07-25", "Open": 6411.060059, "High": 6411.060059, "Low": 6411.060059, "Close": 6411.060059, "Adj Close": 6411.060059, "Volume": 1280700000.0, "CloseUSD": 6411.060059}