{"Index": "N225", "Date": "1968-04-04", "Open": 1378.689941, "High": 1378.689941, "Low": 1378.689941, "Close": 1378.689941, "Adj Close": 1378.689941, "Volume": 0.0, "CloseUSD": 13.786899410000002}