{"Index": "HSI", "Date": "1994-04-15", "Open": 9600.299805, "High": 9672.5, "Low": 9518.799805, "Close": 9536.099609, "Adj Close": 9536.099609, "Volume": 0.0, "CloseUSD": 1239.6929491700002}