{"Index": "NYA", "Date": "1986-08-18", "Open": 1504.849976, "High": 1504.849976, "Low": 1504.849976, "Close": 1504.849976, "Adj Close": 1504.849976, "Volume": 0.0, "CloseUSD": 1504.849976}