{"Index": "GDAXI", "Date": "2008-11-28", "Open": 4666.410156, "High": 4703.669922, "Low": 4566.839844, "Close": 4669.439941, "Adj Close": 4669.439941, "Volume": 138307900.0, "CloseUSD": 5696.716728019999}