{"Index": "J203.JO", "Date": "2020-02-26", "Open": 54809.51172, "High": 55254.92188, "Low": 53643.21094, "Close": 55047.19922, "Adj Close": 55047.19922, "Volume": 0.0, "CloseUSD": 3853.3039454}