{"Index": "TWII", "Date": "1997-08-21", "Open": 9983.339844, "High": 10054.54981, "Low": 9983.339844, "Close": 10025.12988, "Adj Close": 10025.0918, "Volume": 0.0, "CloseUSD": 401.0051952}