{"Index": "NYA", "Date": "1987-04-03", "Open": 1799.650024, "High": 1799.650024, "Low": 1799.650024, "Close": 1799.650024, "Adj Close": 1799.650024, "Volume": 0.0, "CloseUSD": 1799.650024}