{"Index": "GSPTSE", "Date": "1991-01-24", "Open": 3190.0, "High": 3212.600098, "Low": 3190.0, "Close": 3212.600098, "Adj Close": 3204.441895, "Volume": 27710000.0, "CloseUSD": 2666.45808134}