{"Index": "SSMI", "Date": "2017-08-03", "Open": 9118.759766, "High": 9159.230469, "Low": 9092.19043, "Close": 9136.610352, "Adj Close": 9136.610352, "Volume": 40062400.0, "CloseUSD": 10141.63749072}