{"Index": "J203.JO", "Date": "2019-11-08", "Open": 57483.0, "High": 57483.0, "Low": 56498.96094, "Close": 56617.01953, "Adj Close": 56617.01953, "Volume": 0.0, "CloseUSD": 3963.1913671}