{"Index": "SSMI", "Date": "1997-12-30", "Open": 6206.5, "High": 6268.200195, "Low": 6200.399902, "Close": 6267.600098, "Adj Close": 6267.600098, "Volume": 0.0, "CloseUSD": 6957.03610878}