{"Index": "GSPTSE", "Date": "2018-10-11", "Open": 15416.79981, "High": 15482.29981, "Low": 15317.09961, "Close": 15317.09961, "Adj Close": 15317.09961, "Volume": 38901910000.0, "CloseUSD": 12713.1926763}