{"Index": "000001.SS", "Date": "2020-02-17", "Open": 2924.990967, "High": 2983.636963, "Low": 2924.990967, "Close": 2983.62207, "Adj Close": 2983.62207, "Volume": 313200.0, "CloseUSD": 477.3795312}