{"Index": "GSPTSE", "Date": "1982-03-11", "Open": 1577.400024, "High": 1580.900024, "Low": 1568.699951, "Close": 1568.699951, "Adj Close": 1564.716187, "Volume": 0.0, "CloseUSD": 1302.02095933}