{"Index": "IXIC", "Date": "1993-04-01", "Open": 690.820007, "High": 691.150024, "Low": 685.950012, "Close": 686.640015, "Adj Close": 686.640015, "Volume": 246690000.0, "CloseUSD": 686.640015}