{"Index": "IXIC", "Date": "2019-04-17", "Open": 8044.970215, "High": 8052.399902, "Low": 7973.379883, "Close": 7996.080078, "Adj Close": 7996.080078, "Volume": 2290690000.0, "CloseUSD": 7996.080078}