{"Index": "NYA", "Date": "1975-12-26", "Open": 503.309998, "High": 503.309998, "Low": 503.309998, "Close": 503.309998, "Adj Close": 503.309998, "Volume": 0.0, "CloseUSD": 503.309998}