{"Index": "HSI", "Date": "1997-03-11", "Open": 13304.40039, "High": 13342.5, "Low": 13220.09961, "Close": 13252.2002, "Adj Close": 13252.2002, "Volume": 0.0, "CloseUSD": 1722.786026}