{"Index": "GSPTSE", "Date": "1986-06-20", "Open": 3061.300049, "High": 3063.0, "Low": 3057.5, "Close": 3059.800049, "Adj Close": 3052.029541, "Volume": 16370000.0, "CloseUSD": 2539.63404067}