{"Index": "N225", "Date": "1976-01-09", "Open": 4484.049805, "High": 4484.049805, "Low": 4484.049805, "Close": 4484.049805, "Adj Close": 4484.049805, "Volume": 0.0, "CloseUSD": 44.84049805}