{"Index": "TWII", "Date": "2020-06-17", "Open": 11525.5, "High": 11550.32031, "Low": 11482.32031, "Close": 11534.58984, "Adj Close": 11534.58984, "Volume": 3138800.0, "CloseUSD": 461.3835936}