{"Index": "NYA", "Date": "1973-03-19", "Open": 634.320007, "High": 634.320007, "Low": 634.320007, "Close": 634.320007, "Adj Close": 634.320007, "Volume": 0.0, "CloseUSD": 634.320007}