{"Index": "N225", "Date": "2008-02-06", "Open": 13548.53027, "High": 13552.19043, "Low": 13099.24023, "Close": 13099.24023, "Adj Close": 13099.24023, "Volume": 176700000.0, "CloseUSD": 130.9924023}