{"Index": "NSEI", "Date": "2012-04-10", "Open": 5254.100098, "High": 5255.799805, "Low": 5211.850098, "Close": 5243.600098, "Adj Close": 5243.600098, "Volume": 0.0, "CloseUSD": 52.43600098}