{"Index": "IXIC", "Date": "1993-10-11", "Open": 766.440002, "High": 767.840027, "Low": 764.469971, "Close": 767.650024, "Adj Close": 767.650024, "Volume": 251120000.0, "CloseUSD": 767.650024}