{"Index": "HSI", "Date": "1989-05-11", "Open": 3285.100098, "High": 3285.100098, "Low": 3285.100098, "Close": 3285.100098, "Adj Close": 3285.100098, "Volume": 0.0, "CloseUSD": 427.06301274}