{"Index": "HSI", "Date": "2016-06-01", "Open": 20726.5293, "High": 20898.44922, "Low": 20713.28906, "Close": 20760.98047, "Adj Close": 20760.98047, "Volume": 1422260700.0, "CloseUSD": 2698.9274611}