{"Index": "GSPTSE", "Date": "1997-08-12", "Open": 6852.0, "High": 6856.700195, "Low": 6808.5, "Close": 6808.5, "Adj Close": 6808.5, "Volume": 6148240000.0, "CloseUSD": 5651.054999999999}