{"Index": "GDAXI", "Date": "2005-06-24", "Open": 4602.350098, "High": 4602.350098, "Low": 4561.370117, "Close": 4566.47998, "Adj Close": 4566.47998, "Volume": 106702900.0, "CloseUSD": 5571.1055756}