{"Index": "SSMI", "Date": "2007-12-27", "Open": 8497.900391, "High": 8561.700195, "Low": 8447.700195, "Close": 8518.200195, "Adj Close": 8518.200195, "Volume": 37416200.0, "CloseUSD": 9455.20221645}