{"Index": "N225", "Date": "2010-04-02", "Open": 11274.17969, "High": 11313.98047, "Low": 11235.98047, "Close": 11286.08984, "Adj Close": 11286.08984, "Volume": 150100000.0, "CloseUSD": 112.8608984}