{"Index": "N100", "Date": "2001-07-09", "Open": 867.27002, "High": 871.280029, "Low": 852.52002, "Close": 869.169983, "Adj Close": 869.169983, "Volume": 0.0, "CloseUSD": 1060.38737926}