{"Index": "NYA", "Date": "1992-12-11", "Open": 2523.209961, "High": 2523.209961, "Low": 2523.209961, "Close": 2523.209961, "Adj Close": 2523.209961, "Volume": 0.0, "CloseUSD": 2523.209961}