{"Index": "SSMI", "Date": "1996-04-04", "Open": 3607.199951, "High": 3611.399902, "Low": 3597.399902, "Close": 3611.100098, "Adj Close": 3611.100098, "Volume": 0.0, "CloseUSD": 4008.32110878}