{"Index": "399001.SZ", "Date": "2017-11-03", "Open": 11287.54981, "High": 11334.67969, "Low": 11165.05957, "Close": 11215.19043, "Adj Close": 11215.14648, "Volume": 102200.0, "CloseUSD": 1794.4304688000002}