{"Index": "GSPTSE", "Date": "2015-01-14", "Open": 14119.79981, "High": 14119.79981, "Low": 13892.59961, "Close": 14084.40039, "Adj Close": 14084.40039, "Volume": 29884540000.0, "CloseUSD": 11690.0523237}