{"Index": "GDAXI", "Date": "2015-07-13", "Open": 11489.16992, "High": 11506.98047, "Low": 11421.82031, "Close": 11484.37988, "Adj Close": 11484.37988, "Volume": 91886300.0, "CloseUSD": 14010.9434536}