{"Index": "N100", "Date": "2018-12-17", "Open": 940.780029, "High": 941.450012, "Low": 929.969971, "Close": 932.090027, "Adj Close": 932.090027, "Volume": 186508800.0, "CloseUSD": 1137.14983294}