{"Index": "399001.SZ", "Date": "2012-09-05", "Open": 8223.099609, "High": 8282.219727, "Low": 8182.049805, "Close": 8242.589844, "Adj Close": 8242.498047, "Volume": 53900.0, "CloseUSD": 1318.81437504}