{"Index": "HSI", "Date": "2011-01-11", "Open": 23606.75977, "High": 23855.83008, "Low": 23512.2207, "Close": 23760.33984, "Adj Close": 23760.33984, "Volume": 1171815200.0, "CloseUSD": 3088.8441792000003}