{"Index": "NYA", "Date": "2006-12-12", "Open": 9064.69043, "High": 9068.889648, "Low": 9019.0, "Close": 9059.259766, "Adj Close": 9059.259766, "Volume": 2738170000.0, "CloseUSD": 9059.259766}