{"Index": "HSI", "Date": "1989-07-07", "Open": 2375.899902, "High": 2375.899902, "Low": 2375.899902, "Close": 2375.899902, "Adj Close": 2375.899902, "Volume": 0.0, "CloseUSD": 308.86698726000003}