{"Index": "GDAXI", "Date": "2006-12-28", "Open": 6615.810059, "High": 6629.330078, "Low": 6600.890137, "Close": 6611.810059, "Adj Close": 6611.810059, "Volume": 51185700.0, "CloseUSD": 8066.40827198}