{"Index": "HSI", "Date": "1988-09-13", "Open": 2473.600098, "High": 2473.600098, "Low": 2473.600098, "Close": 2473.600098, "Adj Close": 2473.600098, "Volume": 0.0, "CloseUSD": 321.56801274}