{"Index": "N225", "Date": "1995-07-25", "Open": 16572.25, "High": 16572.25, "Low": 16148.40039, "Close": 16148.40039, "Adj Close": 16148.40039, "Volume": 0.0, "CloseUSD": 161.4840039}