{"Index": "TWII", "Date": "2013-07-17", "Open": 8239.099609, "High": 8260.25, "Low": 8208.709961, "Close": 8258.950195, "Adj Close": 8258.917969, "Volume": 2677400.0, "CloseUSD": 330.3580078}