{"Index": "GSPTSE", "Date": "1985-10-22", "Open": 2644.399902, "High": 2652.199951, "Low": 2644.0, "Close": 2648.199951, "Adj Close": 2641.474854, "Volume": 12710000.0, "CloseUSD": 2198.00595933}