{"Index": "000001.SS", "Date": "1998-04-13", "Open": 1319.944946, "High": 1326.295044, "Low": 1311.832031, "Close": 1318.748047, "Adj Close": 1318.748047, "Volume": 0.0, "CloseUSD": 210.99968752}