{"Index": "GDAXI", "Date": "1989-05-11", "Open": 1367.369995, "High": 1367.369995, "Low": 1367.369995, "Close": 1367.369995, "Adj Close": 1367.369995, "Volume": 0.0, "CloseUSD": 1668.1913939}