{"Index": "GDAXI", "Date": "2015-05-19", "Open": 11709.87012, "High": 11873.28027, "Low": 11706.84961, "Close": 11853.33008, "Adj Close": 11853.33008, "Volume": 99880500.0, "CloseUSD": 14461.0626976}