{"Index": "SSMI", "Date": "2019-06-05", "Open": 9582.330078, "High": 9672.820313, "Low": 9579.429688, "Close": 9658.620117, "Adj Close": 9658.620117, "Volume": 49675300.0, "CloseUSD": 10721.06832987}