{"Index": "TWII", "Date": "2005-07-25", "Open": 6406.450195, "High": 6434.450195, "Low": 6400.109863, "Close": 6420.450195, "Adj Close": 6420.425781, "Volume": 3729800.0, "CloseUSD": 256.81800780000003}