{"Index": "IXIC", "Date": "1992-02-21", "Open": 633.299988, "High": 633.98999, "Low": 628.159973, "Close": 629.75, "Adj Close": 629.75, "Volume": 246850000.0, "CloseUSD": 629.75}