{"Index": "N225", "Date": "1976-01-07", "Open": 4469.100098, "High": 4469.100098, "Low": 4469.100098, "Close": 4469.100098, "Adj Close": 4469.100098, "Volume": 0.0, "CloseUSD": 44.69100098}