{"Index": "NYA", "Date": "2018-10-15", "Open": 12437.74023, "High": 12519.12012, "Low": 12408.7002, "Close": 12425.67969, "Adj Close": 12425.67969, "Volume": 3300140000.0, "CloseUSD": 12425.67969}