{"Index": "TWII", "Date": "2013-08-15", "Open": 7903.009766, "High": 7916.02002, "Low": 7850.27002, "Close": 7887.259766, "Adj Close": 7887.229492, "Volume": 2166600.0, "CloseUSD": 315.49039064}