{"Index": "IXIC", "Date": "1973-07-11", "Open": 102.690002, "High": 102.690002, "Low": 102.690002, "Close": 102.690002, "Adj Close": 102.690002, "Volume": 0.0, "CloseUSD": 102.690002}