{"Index": "NYA", "Date": "1997-09-22", "Open": 5277.97998, "High": 5277.97998, "Low": 5277.97998, "Close": 5277.97998, "Adj Close": 5277.97998, "Volume": 0.0, "CloseUSD": 5277.97998}