{"Index": "TWII", "Date": "2001-03-22", "Open": 5647.439941, "High": 5735.740234, "Low": 5647.439941, "Close": 5730.950195, "Adj Close": 5730.929199, "Volume": 0.0, "CloseUSD": 229.2380078}