{"Index": "N225", "Date": "1990-11-28", "Open": 23609.51953, "High": 23767.06055, "Low": 23046.25, "Close": 23053.88086, "Adj Close": 23053.88086, "Volume": 0.0, "CloseUSD": 230.5388086}