{"Index": "IXIC", "Date": "1979-11-19", "Open": 139.979996, "High": 139.979996, "Low": 139.979996, "Close": 139.979996, "Adj Close": 139.979996, "Volume": 0.0, "CloseUSD": 139.979996}