{"Index": "SSMI", "Date": "1993-06-29", "Open": 2370.0, "High": 2379.800049, "Low": 2335.600098, "Close": 2371.399902, "Adj Close": 2371.399902, "Volume": 0.0, "CloseUSD": 2632.25389122}