{"Index": "HSI", "Date": "2004-02-06", "Open": 13070.21973, "High": 13320.84961, "Low": 13070.21973, "Close": 13309.59961, "Adj Close": 13309.59961, "Volume": 280968200.0, "CloseUSD": 1730.2479493}