{"Index": "N225", "Date": "1993-02-04", "Open": 17273.40039, "High": 17390.78906, "Low": 17171.86914, "Close": 17190.63086, "Adj Close": 17190.63086, "Volume": 0.0, "CloseUSD": 171.90630860000002}