{"Index": "N225", "Date": "2015-03-03", "Open": 18910.51953, "High": 18910.51953, "Low": 18730.57031, "Close": 18815.16016, "Adj Close": 18815.16016, "Volume": 154800000.0, "CloseUSD": 188.1516016}