{"Index": "000001.SS", "Date": "2001-04-16", "Open": 2150.291992, "High": 2168.077881, "Low": 2150.285889, "Close": 2168.059082, "Adj Close": 2168.059082, "Volume": 0.0, "CloseUSD": 346.88945312000004}