{"Index": "GDAXI", "Date": "2000-08-08", "Open": 7110.470215, "High": 7194.220215, "Low": 7079.740234, "Close": 7123.810059, "Adj Close": 7123.810059, "Volume": 46445600.0, "CloseUSD": 8691.04827198}