{"Index": "NYA", "Date": "1984-04-10", "Open": 948.570007, "High": 948.570007, "Low": 948.570007, "Close": 948.570007, "Adj Close": 948.570007, "Volume": 0.0, "CloseUSD": 948.570007}