{"Index": "TWII", "Date": "2004-12-06", "Open": 5864.450195, "High": 5922.799805, "Low": 5857.640137, "Close": 5919.169922, "Adj Close": 5919.147949, "Volume": 2679000.0, "CloseUSD": 236.76679688}