{"Index": "NYA", "Date": "1970-10-21", "Open": 482.160004, "High": 482.160004, "Low": 482.160004, "Close": 482.160004, "Adj Close": 482.160004, "Volume": 0.0, "CloseUSD": 482.160004}