{"Index": "GDAXI", "Date": "2005-04-08", "Open": 4399.439941, "High": 4413.240234, "Low": 4393.430176, "Close": 4400.680176, "Adj Close": 4400.680176, "Volume": 81370100.0, "CloseUSD": 5368.829814719999}