{"Index": "NYA", "Date": "1996-02-01", "Open": 3608.070068, "High": 3608.070068, "Low": 3608.070068, "Close": 3608.070068, "Adj Close": 3608.070068, "Volume": 0.0, "CloseUSD": 3608.070068}