{"Index": "NYA", "Date": "1981-03-05", "Open": 787.849976, "High": 787.849976, "Low": 787.849976, "Close": 787.849976, "Adj Close": 787.849976, "Volume": 0.0, "CloseUSD": 787.849976}