{"Index": "NSEI", "Date": "2014-02-07", "Open": 6077.649902, "High": 6079.950195, "Low": 6030.899902, "Close": 6063.200195, "Adj Close": 6063.200195, "Volume": 181900.0, "CloseUSD": 60.63200195}