{"Index": "N225", "Date": "1996-02-05", "Open": 20882.19922, "High": 20882.19922, "Low": 20623.88086, "Close": 20653.38086, "Adj Close": 20653.38086, "Volume": 0.0, "CloseUSD": 206.5338086}