{"Index": "HSI", "Date": "2014-10-08", "Open": 23221.75977, "High": 23369.39063, "Low": 23184.15039, "Close": 23263.33008, "Adj Close": 23263.33008, "Volume": 1253137400.0, "CloseUSD": 3024.2329104}