{"Index": "IXIC", "Date": "2004-01-16", "Open": 2126.120117, "High": 2140.469971, "Low": 2119.350098, "Close": 2140.459961, "Adj Close": 2140.459961, "Volume": 2614390000.0, "CloseUSD": 2140.459961}