{"Index": "IXIC", "Date": "2004-07-01", "Open": 2045.530029, "High": 2045.530029, "Low": 2006.670044, "Close": 2015.550049, "Adj Close": 2015.550049, "Volume": 1739310000.0, "CloseUSD": 2015.550049}