{"Index": "N225", "Date": "2018-08-30", "Open": 23020.17969, "High": 23032.16992, "Low": 22832.83008, "Close": 22869.5, "Adj Close": 22869.5, "Volume": 73900000.0, "CloseUSD": 228.695}