{"Index": "SSMI", "Date": "1993-05-19", "Open": 2225.699951, "High": 2235.699951, "Low": 2224.899902, "Close": 2227.0, "Adj Close": 2227.0, "Volume": 0.0, "CloseUSD": 2471.9700000000003}