{"Index": "N225", "Date": "2002-11-06", "Open": 8955.830078, "High": 9100.679688, "Low": 8914.089844, "Close": 8953.290039, "Adj Close": 8953.290039, "Volume": 52300000.0, "CloseUSD": 89.53290039}