{"Index": "TWII", "Date": "2002-09-12", "Open": 4653.370117, "High": 4687.330078, "Low": 4609.700195, "Close": 4647.370117, "Adj Close": 4647.353027, "Volume": 0.0, "CloseUSD": 185.89480468}