{"Index": "SSMI", "Date": "1995-05-04", "Open": 2619.100098, "High": 2648.0, "Low": 2619.100098, "Close": 2641.699951, "Adj Close": 2641.699951, "Volume": 0.0, "CloseUSD": 2932.28694561}