{"Index": "HSI", "Date": "1995-05-26", "Open": 9387.700195, "High": 9387.700195, "Low": 9301.900391, "Close": 9329.200195, "Adj Close": 9329.200195, "Volume": 0.0, "CloseUSD": 1212.79602535}