{"Index": "N225", "Date": "1990-11-20", "Open": 23478.66992, "High": 23478.66992, "Low": 23202.81055, "Close": 23205.48047, "Adj Close": 23205.48047, "Volume": 0.0, "CloseUSD": 232.0548047}