{"Index": "SSMI", "Date": "1992-11-13", "Open": 1949.900024, "High": 1950.199951, "Low": 1922.800049, "Close": 1929.300049, "Adj Close": 1929.300049, "Volume": 0.0, "CloseUSD": 2141.52305439}