{"Index": "GSPTSE", "Date": "1991-09-05", "Open": 3484.0, "High": 3485.800049, "Low": 3480.100098, "Close": 3485.5, "Adj Close": 3485.5, "Volume": 20040000.0, "CloseUSD": 2892.965}