{"Index": "GSPTSE", "Date": "2013-04-16", "Open": 12061.2002, "High": 12124.79981, "Low": 12002.5, "Close": 12119.90039, "Adj Close": 12119.90039, "Volume": 18111090000.0, "CloseUSD": 10059.5173237}