{"Index": "IXIC", "Date": "2015-09-17", "Open": 4884.109863, "High": 4960.870117, "Low": 4880.5, "Close": 4893.950195, "Adj Close": 4893.950195, "Volume": 1891510000.0, "CloseUSD": 4893.950195}