{"Index": "N225", "Date": "2001-08-07", "Open": 12154.71973, "High": 12388.61035, "Low": 12079.54981, "Close": 12319.45996, "Adj Close": 12319.45996, "Volume": 0.0, "CloseUSD": 123.1945996}