{"Index": "IXIC", "Date": "2008-09-25", "Open": 2172.26001, "High": 2210.73999, "Low": 2167.060059, "Close": 2186.570068, "Adj Close": 2186.570068, "Volume": 1846330000.0, "CloseUSD": 2186.570068}