{"Index": "GSPTSE", "Date": "1998-02-16", "Open": 6972.0, "High": 6985.200195, "Low": 6956.799805, "Close": 6985.200195, "Adj Close": 6985.200195, "Volume": 58150000.0, "CloseUSD": 5797.71616185}