{"Index": "GSPTSE", "Date": "2004-11-25", "Open": 8988.799805, "High": 9029.700195, "Low": 8976.099609, "Close": 9025.900391, "Adj Close": 9025.900391, "Volume": 154720000.0, "CloseUSD": 7491.497324529999}