{"Index": "NYA", "Date": "2007-04-12", "Open": 9413.629883, "High": 9477.959961, "Low": 9382.610352, "Close": 9477.759766, "Adj Close": 9477.759766, "Volume": 2770570000.0, "CloseUSD": 9477.759766}