{"Index": "IXIC", "Date": "1972-09-20", "Open": 127.510002, "High": 127.510002, "Low": 127.510002, "Close": 127.510002, "Adj Close": 127.510002, "Volume": 0.0, "CloseUSD": 127.510002}