{"Index": "N225", "Date": "1967-09-20", "Open": 1342.52002, "High": 1342.52002, "Low": 1342.52002, "Close": 1342.52002, "Adj Close": 1342.52002, "Volume": 0.0, "CloseUSD": 13.4252002}