{"Index": "N100", "Date": "2016-02-04", "Open": 848.140015, "High": 849.090027, "Low": 831.059998, "Close": 838.280029, "Adj Close": 838.280029, "Volume": 347661800.0, "CloseUSD": 1022.70163538}