{"Index": "000001.SS", "Date": "2012-02-14", "Open": 2348.876953, "High": 2352.468994, "Low": 2332.24707, "Close": 2344.770996, "Adj Close": 2344.770996, "Volume": 73200.0, "CloseUSD": 375.16335936}