{"Index": "N225", "Date": "1977-09-26", "Open": 5157.299805, "High": 5157.299805, "Low": 5157.299805, "Close": 5157.299805, "Adj Close": 5157.299805, "Volume": 0.0, "CloseUSD": 51.57299805}