{"Index": "NYA", "Date": "1998-10-26", "Open": 5604.080078, "High": 5604.080078, "Low": 5604.080078, "Close": 5604.080078, "Adj Close": 5604.080078, "Volume": 0.0, "CloseUSD": 5604.080078}