{"Index": "NYA", "Date": "2019-09-12", "Open": 13096.23047, "High": 13150.87012, "Low": 13061.74023, "Close": 13116.04981, "Adj Close": 13116.04981, "Volume": 3791860000.0, "CloseUSD": 13116.04981}