{"Index": "GDAXI", "Date": "1994-01-28", "Open": 2129.570068, "High": 2160.52002, "Low": 2128.399902, "Close": 2156.610107, "Adj Close": 2156.610107, "Volume": 0.0, "CloseUSD": 2631.06433054}