{"Index": "NSEI", "Date": "2014-07-16", "Open": 7564.149902, "High": 7640.100098, "Low": 7532.450195, "Close": 7624.399902, "Adj Close": 7624.399902, "Volume": 168000.0, "CloseUSD": 76.24399902}