{"Index": "IXIC", "Date": "1971-11-19", "Open": 102.949997, "High": 102.949997, "Low": 102.949997, "Close": 102.949997, "Adj Close": 102.949997, "Volume": 0.0, "CloseUSD": 102.949997}