{"Index": "399001.SZ", "Date": "1998-04-20", "Open": 4091.639893, "High": 4104.259766, "Low": 4053.360107, "Close": 4069.639893, "Adj Close": 4069.594238, "Volume": 0.0, "CloseUSD": 651.14238288}