{"Index": "N225", "Date": "1989-12-29", "Open": 38913.12109, "High": 38957.44141, "Low": 38827.71094, "Close": 38915.87109, "Adj Close": 38915.87109, "Volume": 0.0, "CloseUSD": 389.1587109}