{"Index": "IXIC", "Date": "2002-12-31", "Open": 1336.829956, "High": 1345.109985, "Low": 1327.189941, "Close": 1335.51001, "Adj Close": 1335.51001, "Volume": 1166770000.0, "CloseUSD": 1335.51001}