{"Index": "SSMI", "Date": "2021-03-23", "Open": 11030.88965, "High": 11118.33008, "Low": 11016.20996, "Close": 11098.66016, "Adj Close": 11098.66016, "Volume": 48422000.0, "CloseUSD": 12319.5127776}