{"Index": "J203.JO", "Date": "2017-04-13", "Open": 53551.30859, "High": 53551.30859, "Low": 53331.19922, "Close": 53510.21875, "Adj Close": 53510.21875, "Volume": 0.0, "CloseUSD": 3745.7153125}