{"Index": "TWII", "Date": "1998-07-23", "Open": 7866.390137, "High": 7934.580078, "Low": 7860.209961, "Close": 7879.890137, "Adj Close": 7879.859863, "Volume": 0.0, "CloseUSD": 315.19560548000004}