{"Index": "N225", "Date": "1974-04-15", "Open": 4573.569824, "High": 4573.569824, "Low": 4573.569824, "Close": 4573.569824, "Adj Close": 4573.569824, "Volume": 0.0, "CloseUSD": 45.735698240000005}