{"Index": "IXIC", "Date": "2013-08-27", "Open": 3616.060059, "High": 3629.949951, "Low": 3573.570068, "Close": 3578.52002, "Adj Close": 3578.52002, "Volume": 1640040000.0, "CloseUSD": 3578.52002}