{"Index": "IXIC", "Date": "1997-10-16", "Open": 1730.849976, "High": 1732.530029, "Low": 1691.920044, "Close": 1699.660034, "Adj Close": 1699.660034, "Volume": 833830000.0, "CloseUSD": 1699.660034}