{"Index": "N100", "Date": "2006-04-25", "Open": 904.76001, "High": 908.460022, "Low": 904.400024, "Close": 905.469971, "Adj Close": 905.469971, "Volume": 265838000.0, "CloseUSD": 1104.67336462}