{"Index": "TWII", "Date": "2012-02-17", "Open": 7956.910156, "High": 8013.459961, "Low": 7862.109863, "Close": 7894.359863, "Adj Close": 7894.32959, "Volume": 3787200.0, "CloseUSD": 315.77439452}