{"Index": "N225", "Date": "1998-08-06", "Open": 16048.15039, "High": 16075.71973, "Low": 15834.76953, "Close": 15876.21973, "Adj Close": 15876.21973, "Volume": 0.0, "CloseUSD": 158.7621973}