{"Index": "HSI", "Date": "2012-06-04", "Open": 18249.60938, "High": 18249.60938, "Low": 18056.40039, "Close": 18185.58984, "Adj Close": 18185.58984, "Volume": 1607428300.0, "CloseUSD": 2364.1266792}