{"Index": "NYA", "Date": "2014-01-07", "Open": 11315.37012, "High": 11334.65039, "Low": 10309.04004, "Close": 10327.33008, "Adj Close": 10327.33008, "Volume": 3511750000.0, "CloseUSD": 10327.33008}