{"Index": "000001.SS", "Date": "2019-05-31", "Open": 2904.498047, "High": 2922.907959, "Low": 2895.577881, "Close": 2898.696045, "Adj Close": 2898.696045, "Volume": 195200.0, "CloseUSD": 463.7913672}