{"Index": "HSI", "Date": "2018-10-16", "Open": 25586.16016, "High": 25712.13086, "Low": 25266.53906, "Close": 25462.25977, "Adj Close": 25462.25977, "Volume": 1467251700.0, "CloseUSD": 3310.0937701000003}