{"Index": "GSPTSE", "Date": "2006-09-27", "Open": 11669.79981, "High": 11761.29981, "Low": 11628.59961, "Close": 11751.59961, "Adj Close": 11751.59961, "Volume": 20672230000.0, "CloseUSD": 9753.8276763}