{"Index": "HSI", "Date": "2015-10-19", "Open": 23085.60938, "High": 23100.66016, "Low": 22913.59961, "Close": 23075.60938, "Adj Close": 23075.60938, "Volume": 1259219800.0, "CloseUSD": 2999.8292194000005}