{"Index": "NYA", "Date": "2003-12-19", "Open": 6288.060059, "High": 6293.319824, "Low": 6264.709961, "Close": 6284.299805, "Adj Close": 6284.299805, "Volume": 1657300000.0, "CloseUSD": 6284.299805}