{"Index": "NYA", "Date": "2002-01-24", "Open": 6121.339844, "High": 6121.339844, "Low": 6121.339844, "Close": 6121.339844, "Adj Close": 6121.339844, "Volume": 1552800000.0, "CloseUSD": 6121.339844}