{"Index": "399001.SZ", "Date": "2015-12-16", "Open": 12533.11035, "High": 12595.12012, "Low": 12471.08984, "Close": 12511.03027, "Adj Close": 12510.89063, "Volume": 1143400.0, "CloseUSD": 2001.7648432}