{"Index": "TWII", "Date": "2005-04-13", "Open": 6004.490234, "High": 6008.600098, "Low": 5990.200195, "Close": 5998.080078, "Adj Close": 5998.057617, "Volume": 2184800.0, "CloseUSD": 239.92320312}