{"Index": "GDAXI", "Date": "1994-05-30", "Open": 2120.199951, "High": 2129.879883, "Low": 2116.51001, "Close": 2129.76001, "Adj Close": 2129.76001, "Volume": 0.0, "CloseUSD": 2598.3072122}