{"Index": "399001.SZ", "Date": "2017-10-30", "Open": 11446.79004, "High": 11472.28027, "Low": 11192.17969, "Close": 11312.61035, "Adj Close": 11312.56543, "Volume": 124700.0, "CloseUSD": 1810.017656}