{"Index": "N100", "Date": "2007-06-29", "Open": 1063.469971, "High": 1066.219971, "Low": 1055.079956, "Close": 1066.219971, "Adj Close": 1066.219971, "Volume": 329459600.0, "CloseUSD": 1300.78836462}