{"Index": "SSMI", "Date": "2008-06-09", "Open": 7323.180176, "High": 7385.790039, "Low": 7268.009766, "Close": 7325.899902, "Adj Close": 7325.899902, "Volume": 121133100.0, "CloseUSD": 8131.748891220001}