{"Index": "IXIC", "Date": "2008-10-23", "Open": 1621.109985, "High": 1645.5, "Low": 1533.550049, "Close": 1603.910034, "Adj Close": 1603.910034, "Volume": 3104700000.0, "CloseUSD": 1603.910034}