{"Index": "000001.SS", "Date": "2001-02-13", "Open": 1962.526978, "High": 1973.999023, "Low": 1958.990967, "Close": 1963.527954, "Adj Close": 1963.527954, "Volume": 0.0, "CloseUSD": 314.16447264}