{"Index": "TWII", "Date": "2014-11-24", "Open": 9144.419922, "High": 9165.709961, "Low": 9104.540039, "Close": 9122.330078, "Adj Close": 9122.295898, "Volume": 1688500.0, "CloseUSD": 364.89320312000007}