{"Index": "399001.SZ", "Date": "2014-10-17", "Open": 8116.819824, "High": 8182.830078, "Low": 8015.620117, "Close": 8151.52002, "Adj Close": 8151.428711, "Volume": 194100.0, "CloseUSD": 1304.2432032}