{"Index": "000001.SS", "Date": "2008-04-24", "Open": 3539.86792, "High": 3593.197021, "Low": 3461.643066, "Close": 3583.028076, "Adj Close": 3583.028076, "Volume": 142000.0, "CloseUSD": 573.28449216}