{"Index": "SSMI", "Date": "2017-10-31", "Open": 9178.070313, "High": 9253.299805, "Low": 9165.120117, "Close": 9242.179688, "Adj Close": 9242.179688, "Volume": 54514400.0, "CloseUSD": 10258.819453680002}