{"Index": "HSI", "Date": "1987-01-21", "Open": 2533.899902, "High": 2533.899902, "Low": 2533.899902, "Close": 2533.899902, "Adj Close": 2533.899902, "Volume": 0.0, "CloseUSD": 329.40698726000005}