{"Index": "IXIC", "Date": "1987-03-02", "Open": 425.0, "High": 426.399994, "Low": 423.799988, "Close": 423.899994, "Adj Close": 423.899994, "Volume": 134600000.0, "CloseUSD": 423.899994}