{"Index": "000001.SS", "Date": "2010-07-26", "Open": 2576.37207, "High": 2589.483887, "Low": 2556.466064, "Close": 2588.683105, "Adj Close": 2588.683105, "Volume": 93400.0, "CloseUSD": 414.1892968}