{"Index": "SSMI", "Date": "2005-01-24", "Open": 5715.100098, "High": 5756.100098, "Low": 5705.600098, "Close": 5750.5, "Adj Close": 5750.5, "Volume": 62573800.0, "CloseUSD": 6383.055}