{"Index": "GDAXI", "Date": "2006-05-12", "Open": 6028.390137, "High": 6043.649902, "Low": 5915.740234, "Close": 5916.279785, "Adj Close": 5916.279785, "Volume": 179608300.0, "CloseUSD": 7217.861337699999}