{"Index": "000001.SS", "Date": "2008-01-07", "Open": 5357.450195, "High": 5403.349121, "Low": 5332.597168, "Close": 5393.342773, "Adj Close": 5393.342773, "Volume": 92000.0, "CloseUSD": 862.9348436800001}