{"Index": "NYA", "Date": "1984-06-18", "Open": 925.72998, "High": 925.72998, "Low": 925.72998, "Close": 925.72998, "Adj Close": 925.72998, "Volume": 0.0, "CloseUSD": 925.72998}