{"Index": "399001.SZ", "Date": "2016-12-14", "Open": 10318.07031, "High": 10333.66016, "Low": 10213.9502, "Close": 10232.82031, "Adj Close": 10232.70606, "Volume": 792200.0, "CloseUSD": 1637.2512496}