{"Index": "GDAXI", "Date": "1992-08-11", "Open": 1561.390015, "High": 1561.390015, "Low": 1561.390015, "Close": 1561.390015, "Adj Close": 1561.390015, "Volume": 0.0, "CloseUSD": 1904.8958183}