{"Index": "N100", "Date": "2001-11-28", "Open": 773.940002, "High": 779.73999, "Low": 766.880005, "Close": 768.849976, "Adj Close": 768.849976, "Volume": 0.0, "CloseUSD": 937.99697072}