{"Index": "000001.SS", "Date": "1999-05-13", "Open": 1100.857056, "High": 1101.355957, "Low": 1086.458008, "Close": 1088.863037, "Adj Close": 1088.863037, "Volume": 0.0, "CloseUSD": 174.21808592000002}