{"Index": "N225", "Date": "1977-08-15", "Open": 5133.990234, "High": 5133.990234, "Low": 5133.990234, "Close": 5133.990234, "Adj Close": 5133.990234, "Volume": 0.0, "CloseUSD": 51.33990234}