{"Index": "N100", "Date": "2021-01-22", "Open": 1125.390015, "High": 1125.550049, "Low": 1114.660034, "Close": 1123.640015, "Adj Close": 1123.640015, "Volume": 209967200.0, "CloseUSD": 1370.8408183}