{"Index": "HSI", "Date": "2019-06-03", "Open": 26909.71094, "High": 26968.09961, "Low": 26735.48047, "Close": 26893.85938, "Adj Close": 26893.85938, "Volume": 1716241600.0, "CloseUSD": 3496.2017194000005}