{"Index": "N225", "Date": "2008-03-21", "Open": 12331.63965, "High": 12496.41016, "Low": 12308.03027, "Close": 12482.57031, "Adj Close": 12482.57031, "Volume": 122100000.0, "CloseUSD": 124.8257031}