{"Index": "NYA", "Date": "1978-11-16", "Open": 550.789978, "High": 550.789978, "Low": 550.789978, "Close": 550.789978, "Adj Close": 550.789978, "Volume": 0.0, "CloseUSD": 550.789978}