{"Index": "000001.SS", "Date": "2001-03-27", "Open": 2096.501953, "High": 2107.302002, "Low": 2090.9021, "Close": 2107.258057, "Adj Close": 2107.258057, "Volume": 0.0, "CloseUSD": 337.16128912}