{"Index": "000001.SS", "Date": "2005-05-20", "Open": 1100.490967, "High": 1108.609985, "Low": 1094.668945, "Close": 1099.269043, "Adj Close": 1099.269043, "Volume": 9600.0, "CloseUSD": 175.88304688}