{"Index": "399001.SZ", "Date": "2007-06-19", "Open": 14189.75, "High": 14342.91016, "Low": 14057.62012, "Close": 14336.40039, "Adj Close": 14336.23926, "Volume": 91200.0, "CloseUSD": 2293.8240624}