{"Index": "SSMI", "Date": "2014-12-03", "Open": 9160.320313, "High": 9209.030273, "Low": 9148.830078, "Close": 9168.370117, "Adj Close": 9168.370117, "Volume": 42700800.0, "CloseUSD": 10176.89082987}