{"Index": "GSPTSE", "Date": "2009-08-17", "Open": 10577.0, "High": 10848.0, "Low": 10480.2002, "Close": 10531.59961, "Adj Close": 10531.59961, "Volume": 15182680000.0, "CloseUSD": 8741.227676299999}