{"Index": "IXIC", "Date": "1976-10-14", "Open": 88.730003, "High": 88.730003, "Low": 88.730003, "Close": 88.730003, "Adj Close": 88.730003, "Volume": 0.0, "CloseUSD": 88.730003}