{"Index": "N225", "Date": "2015-01-21", "Open": 17308.7207, "High": 17329.0293, "Low": 17181.55078, "Close": 17280.48047, "Adj Close": 17280.48047, "Volume": 136000000.0, "CloseUSD": 172.80480469999998}