{"Index": "GDAXI", "Date": "1992-09-08", "Open": 1536.709961, "High": 1536.709961, "Low": 1536.709961, "Close": 1536.709961, "Adj Close": 1536.709961, "Volume": 0.0, "CloseUSD": 1874.78615242}