{"Index": "TWII", "Date": "1998-02-09", "Open": 8778.980469, "High": 8796.44043, "Low": 8634.610352, "Close": 8634.610352, "Adj Close": 8634.578125, "Volume": 0.0, "CloseUSD": 345.38441408}