{"Index": "NYA", "Date": "2003-12-31", "Open": 6443.600098, "High": 6469.5, "Low": 6443.27002, "Close": 6464.0, "Adj Close": 6464.0, "Volume": 981700000.0, "CloseUSD": 6464.0}