{"Index": "HSI", "Date": "1998-03-25", "Open": 11745.59961, "High": 11891.5, "Low": 11745.59961, "Close": 11810.59961, "Adj Close": 11810.59961, "Volume": 0.0, "CloseUSD": 1535.3779493}