{"Index": "000001.SS", "Date": "2008-11-24", "Open": 1961.206055, "High": 1974.469971, "Low": 1893.343018, "Close": 1897.060059, "Adj Close": 1897.060059, "Volume": 84600.0, "CloseUSD": 303.52960944}