{"Index": "N100", "Date": "2009-05-04", "Open": 542.090027, "High": 551.710022, "Low": 541.109985, "Close": 551.530029, "Adj Close": 551.530029, "Volume": 302698400.0, "CloseUSD": 672.86663538}