{"Index": "000001.SS", "Date": "2004-11-05", "Open": 1308.654053, "High": 1315.94104, "Low": 1298.707031, "Close": 1305.128052, "Adj Close": 1305.128052, "Volume": 10000.0, "CloseUSD": 208.82048832}