{"Index": "GDAXI", "Date": "2009-04-20", "Open": 4655.839844, "High": 4667.649902, "Low": 4470.839844, "Close": 4486.299805, "Adj Close": 4486.299805, "Volume": 145103100.0, "CloseUSD": 5473.285762099999}