{"Index": "IXIC", "Date": "1972-09-18", "Open": 127.610001, "High": 127.610001, "Low": 127.610001, "Close": 127.610001, "Adj Close": 127.610001, "Volume": 0.0, "CloseUSD": 127.610001}