{"Index": "399001.SZ", "Date": "2005-08-01", "Open": 2886.73999, "High": 2921.75, "Low": 2869.939941, "Close": 2890.820068, "Adj Close": 2890.787598, "Volume": 23600.0, "CloseUSD": 462.53121088}