{"Index": "000001.SS", "Date": "2013-11-01", "Open": 2139.879883, "High": 2157.312988, "Low": 2132.628906, "Close": 2149.562012, "Adj Close": 2149.562012, "Volume": 89100.0, "CloseUSD": 343.92992192}