{"Index": "IXIC", "Date": "1986-01-31", "Open": 334.399994, "High": 335.799988, "Low": 333.899994, "Close": 335.799988, "Adj Close": 335.799988, "Volume": 109300000.0, "CloseUSD": 335.799988}