{"Index": "IXIC", "Date": "1992-01-17", "Open": 628.169983, "High": 629.47998, "Low": 625.119995, "Close": 626.849976, "Adj Close": 626.849976, "Volume": 282490000.0, "CloseUSD": 626.849976}