{"Index": "TWII", "Date": "2019-09-12", "Open": 10830.25, "High": 10862.67969, "Low": 10804.01953, "Close": 10827.54981, "Adj Close": 10827.54981, "Volume": 2035900.0, "CloseUSD": 433.1019924}