{"Index": "NYA", "Date": "1985-02-15", "Open": 1113.099976, "High": 1113.099976, "Low": 1113.099976, "Close": 1113.099976, "Adj Close": 1113.099976, "Volume": 0.0, "CloseUSD": 1113.099976}