{"Index": "IXIC", "Date": "2002-05-23", "Open": 1678.420044, "High": 1697.77002, "Low": 1651.890015, "Close": 1697.630005, "Adj Close": 1697.630005, "Volume": 1762570000.0, "CloseUSD": 1697.630005}