{"Index": "NYA", "Date": "2002-11-21", "Open": 5214.120117, "High": 5214.120117, "Low": 5214.120117, "Close": 5214.120117, "Adj Close": 5214.120117, "Volume": 2415100000.0, "CloseUSD": 5214.120117}