{"Index": "IXIC", "Date": "2012-03-02", "Open": 2986.080078, "High": 2995.969971, "Low": 2968.0, "Close": 2976.189941, "Adj Close": 2976.189941, "Volume": 1755130000.0, "CloseUSD": 2976.189941}