{"Index": "N225", "Date": "1990-12-11", "Open": 23760.01953, "High": 24006.16016, "Low": 23433.5, "Close": 23956.9707, "Adj Close": 23956.9707, "Volume": 0.0, "CloseUSD": 239.569707}