{"Index": "SSMI", "Date": "2003-02-27", "Open": 4026.399902, "High": 4087.800049, "Low": 3997.5, "Close": 4083.699951, "Adj Close": 4083.699951, "Volume": 95706000.0, "CloseUSD": 4532.906945610001}