{"Index": "GSPTSE", "Date": "2011-07-20", "Open": 13348.90039, "High": 13374.40039, "Low": 13312.90039, "Close": 13340.79981, "Adj Close": 13340.79981, "Volume": 22365590000.0, "CloseUSD": 11072.8638423}