{"Index": "GDAXI", "Date": "1995-03-21", "Open": 1991.069946, "High": 2010.930054, "Low": 1973.949951, "Close": 1984.150024, "Adj Close": 1984.150024, "Volume": 0.0, "CloseUSD": 2420.66302928}