{"Index": "N100", "Date": "2000-08-10", "Open": 1093.48999, "High": 1093.48999, "Low": 1093.48999, "Close": 1093.48999, "Adj Close": 1093.48999, "Volume": 0.0, "CloseUSD": 1334.0577878}