{"Index": "SSMI", "Date": "2003-11-14", "Open": 5321.600098, "High": 5379.799805, "Low": 5316.299805, "Close": 5369.799805, "Adj Close": 5369.799805, "Volume": 62884400.0, "CloseUSD": 5960.47778355}