{"Index": "NSEI", "Date": "2010-06-28", "Open": 5271.100098, "High": 5339.450195, "Low": 5270.75, "Close": 5333.5, "Adj Close": 5333.5, "Volume": 0.0, "CloseUSD": 53.335}