{"Index": "N225", "Date": "1981-01-28", "Open": 7279.410156, "High": 7279.410156, "Low": 7279.410156, "Close": 7279.410156, "Adj Close": 7279.410156, "Volume": 0.0, "CloseUSD": 72.79410156}