{"Index": "SSMI", "Date": "2006-11-29", "Open": 8495.299805, "High": 8572.5, "Low": 8469.099609, "Close": 8569.900391, "Adj Close": 8569.900391, "Volume": 66800000.0, "CloseUSD": 9512.58943401}