{"Index": "GDAXI", "Date": "2009-05-04", "Open": 4790.029785, "High": 4908.879883, "Low": 4781.970215, "Close": 4902.450195, "Adj Close": 4902.450195, "Volume": 122411700.0, "CloseUSD": 5980.9892379}