{"Index": "N100", "Date": "2013-11-01", "Open": 804.01001, "High": 804.349976, "Low": 798.76001, "Close": 800.030029, "Adj Close": 800.030029, "Volume": 190160500.0, "CloseUSD": 976.03663538}