{"Index": "NYA", "Date": "2014-07-29", "Open": 11005.29981, "High": 11014.83008, "Low": 10936.67969, "Close": 10936.7002, "Adj Close": 10936.7002, "Volume": 3183300000.0, "CloseUSD": 10936.7002}