{"Index": "NYA", "Date": "1993-06-10", "Open": 2596.169922, "High": 2596.169922, "Low": 2596.169922, "Close": 2596.169922, "Adj Close": 2596.169922, "Volume": 0.0, "CloseUSD": 2596.169922}