{"Index": "000001.SS", "Date": "2018-04-02", "Open": 3169.779053, "High": 3192.340088, "Low": 3159.986084, "Close": 3163.178955, "Adj Close": 3163.178955, "Volume": 177700.0, "CloseUSD": 506.1086328}