{"Index": "GDAXI", "Date": "2006-05-19", "Open": 5656.410156, "High": 5706.189941, "Low": 5635.689941, "Close": 5672.279785, "Adj Close": 5672.279785, "Volume": 161241400.0, "CloseUSD": 6920.1813377}