{"Index": "000001.SS", "Date": "2004-06-15", "Open": 1436.082031, "High": 1469.571045, "Low": 1433.032959, "Close": 1463.776978, "Adj Close": 1463.776978, "Volume": 10000.0, "CloseUSD": 234.20431648}