{"Index": "NSEI", "Date": "2020-11-12", "Open": 12702.15039, "High": 12741.15039, "Low": 12624.84961, "Close": 12690.79981, "Adj Close": 12690.79981, "Volume": 622000.0, "CloseUSD": 126.9079981}