{"Index": "HSI", "Date": "2018-05-09", "Open": 30452.16016, "High": 30568.75977, "Low": 30346.61914, "Close": 30536.14063, "Adj Close": 30536.14063, "Volume": 1360669300.0, "CloseUSD": 3969.6982819}