{"Index": "IXIC", "Date": "1993-03-16", "Open": 697.049988, "High": 697.409973, "Low": 695.070007, "Close": 695.469971, "Adj Close": 695.469971, "Volume": 229270000.0, "CloseUSD": 695.469971}