{"Index": "HSI", "Date": "2004-07-29", "Open": 12265.51953, "High": 12284.32031, "Low": 12084.67969, "Close": 12183.09961, "Adj Close": 12183.09961, "Volume": 233020600.0, "CloseUSD": 1583.8029493}