{"Index": "SSMI", "Date": "2001-07-11", "Open": 6834.5, "High": 6847.399902, "Low": 6767.5, "Close": 6808.799805, "Adj Close": 6808.799805, "Volume": 0.0, "CloseUSD": 7557.76778355}