{"Index": "J203.JO", "Date": "2016-07-14", "Open": 52814.87891, "High": 53001.10938, "Low": 52564.48047, "Close": 52837.03125, "Adj Close": 52837.03125, "Volume": 0.0, "CloseUSD": 3698.5921875}