{"Index": "NYA", "Date": "1967-12-26", "Open": 561.890015, "High": 561.890015, "Low": 561.890015, "Close": 561.890015, "Adj Close": 561.890015, "Volume": 0.0, "CloseUSD": 561.890015}