{"Index": "GDAXI", "Date": "2003-04-04", "Open": 2573.159912, "High": 2656.25, "Low": 2553.669922, "Close": 2654.070068, "Adj Close": 2654.070068, "Volume": 106047300.0, "CloseUSD": 3237.96548296}