{"Index": "IXIC", "Date": "1980-06-13", "Open": 156.589996, "High": 156.589996, "Low": 156.589996, "Close": 156.589996, "Adj Close": 156.589996, "Volume": 0.0, "CloseUSD": 156.589996}