{"Index": "GSPTSE", "Date": "2015-12-07", "Open": 13316.2002, "High": 13316.2002, "Low": 13018.7002, "Close": 13042.79981, "Adj Close": 13042.79981, "Volume": 22859120000.0, "CloseUSD": 10825.5238423}