{"Index": "NSEI", "Date": "2014-01-09", "Open": 6181.700195, "High": 6188.049805, "Low": 6148.25, "Close": 6168.350098, "Adj Close": 6168.350098, "Volume": 150100.0, "CloseUSD": 61.68350098}