{"Index": "N225", "Date": "1988-08-01", "Open": 28234.46094, "High": 28409.16992, "Low": 28234.46094, "Close": 28326.31055, "Adj Close": 28326.31055, "Volume": 0.0, "CloseUSD": 283.2631055}