{"Index": "HSI", "Date": "2020-09-15", "Open": 24621.65039, "High": 24826.86914, "Low": 24621.65039, "Close": 24732.75977, "Adj Close": 24732.75977, "Volume": 1733769600.0, "CloseUSD": 3215.2587701}