{"Index": "GSPTSE", "Date": "2000-12-29", "Open": 8878.299805, "High": 8998.299805, "Low": 8861.700195, "Close": 8933.700195, "Adj Close": 8933.700195, "Volume": 4909270000.0, "CloseUSD": 7414.97116185}