{"Index": "IXIC", "Date": "1974-08-21", "Open": 64.919998, "High": 64.919998, "Low": 64.919998, "Close": 64.919998, "Adj Close": 64.919998, "Volume": 0.0, "CloseUSD": 64.919998}