{"Index": "000001.SS", "Date": "2001-06-18", "Open": 2211.89209, "High": 2214.10498, "Low": 2157.12207, "Close": 2167.646973, "Adj Close": 2167.646973, "Volume": 0.0, "CloseUSD": 346.82351568}