{"Index": "399001.SZ", "Date": "2004-02-10", "Open": 3910.050049, "High": 3932.820068, "Low": 3875.100098, "Close": 3892.22998, "Adj Close": 3892.186279, "Volume": 0.0, "CloseUSD": 622.7567968000001}