{"Index": "SSMI", "Date": "2014-02-24", "Open": 8414.540039, "High": 8485.480469, "Low": 8402.759766, "Close": 8485.480469, "Adj Close": 8485.480469, "Volume": 30425200.0, "CloseUSD": 9418.88332059}