{"Index": "NSEI", "Date": "2011-01-13", "Open": 5850.75, "High": 5857.75, "Low": 5736.700195, "Close": 5751.899902, "Adj Close": 5751.899902, "Volume": 0.0, "CloseUSD": 57.51899902}