{"Index": "399001.SZ", "Date": "2019-12-11", "Open": 9905.910156, "High": 9921.650391, "Low": 9829.110352, "Close": 9852.709961, "Adj Close": 9852.709961, "Volume": 119000.0, "CloseUSD": 1576.43359376}