{"Index": "GDAXI", "Date": "1999-11-24", "Open": 5815.089844, "High": 5852.450195, "Low": 5765.359863, "Close": 5818.72998, "Adj Close": 5818.72998, "Volume": 31588100.0, "CloseUSD": 7098.8505756}