{"Index": "SSMI", "Date": "1999-05-04", "Open": 7495.600098, "High": 7502.0, "Low": 7355.899902, "Close": 7355.899902, "Adj Close": 7355.899902, "Volume": 0.0, "CloseUSD": 8165.048891220001}