{"Index": "399001.SZ", "Date": "2003-08-28", "Open": 3182.090088, "High": 3191.909912, "Low": 3154.290039, "Close": 3155.530029, "Adj Close": 3155.494629, "Volume": 0.0, "CloseUSD": 504.88480464}