{"Index": "GSPTSE", "Date": "1987-05-06", "Open": 3760.699951, "High": 3768.5, "Low": 3758.699951, "Close": 3767.5, "Adj Close": 3757.932373, "Volume": 30520000.0, "CloseUSD": 3127.025}