{"Index": "GDAXI", "Date": "2004-09-17", "Open": 3962.820068, "High": 4000.129883, "Low": 3955.820068, "Close": 3988.070068, "Adj Close": 3988.070068, "Volume": 149477400.0, "CloseUSD": 4865.44548296}