{"Index": "GSPTSE", "Date": "1998-04-01", "Open": 7549.700195, "High": 7549.700195, "Low": 7511.399902, "Close": 7527.899902, "Adj Close": 7527.899902, "Volume": 7015490000.0, "CloseUSD": 6248.15691866}