{"Index": "GDAXI", "Date": "2000-07-14", "Open": 7193.22998, "High": 7342.220215, "Low": 7173.419922, "Close": 7318.379883, "Adj Close": 7318.379883, "Volume": 49333300.0, "CloseUSD": 8928.42345726}