{"Index": "SSMI", "Date": "2001-05-31", "Open": 7533.299805, "High": 7577.899902, "Low": 7487.600098, "Close": 7487.600098, "Adj Close": 7487.600098, "Volume": 0.0, "CloseUSD": 8311.23610878}