{"Index": "GDAXI", "Date": "2011-10-11", "Open": 5825.910156, "High": 5883.379883, "Low": 5773.879883, "Close": 5865.009766, "Adj Close": 5865.009766, "Volume": 139406600.0, "CloseUSD": 7155.31191452}