{"Index": "000001.SS", "Date": "1997-08-20", "Open": 1135.050049, "High": 1144.645996, "Low": 1133.741943, "Close": 1144.639038, "Adj Close": 1144.639038, "Volume": 0.0, "CloseUSD": 183.14224608}