{"Index": "HSI", "Date": "2012-09-25", "Open": 20694.33008, "High": 20758.35938, "Low": 20648.58984, "Close": 20698.67969, "Adj Close": 20698.67969, "Volume": 1066825300.0, "CloseUSD": 2690.8283597000004}