{"Index": "NYA", "Date": "2017-05-17", "Open": 11522.96973, "High": 11530.51953, "Low": 11422.58008, "Close": 11423.53027, "Adj Close": 11423.53027, "Volume": 0.0, "CloseUSD": 11423.53027}