{"Index": "N225", "Date": "2015-09-03", "Open": 18359.5293, "High": 18481.57031, "Low": 18176.75, "Close": 18182.39063, "Adj Close": 18182.39063, "Volume": 143000000.0, "CloseUSD": 181.82390630000003}