{"Index": "IXIC", "Date": "2016-08-16", "Open": 5247.959961, "High": 5248.259766, "Low": 5226.779785, "Close": 5227.109863, "Adj Close": 5227.109863, "Volume": 1698390000.0, "CloseUSD": 5227.109863}