{"Index": "N225", "Date": "1983-05-24", "Open": 8563.509766, "High": 8563.509766, "Low": 8563.509766, "Close": 8563.509766, "Adj Close": 8563.509766, "Volume": 0.0, "CloseUSD": 85.63509766}