{"Index": "IXIC", "Date": "1993-05-21", "Open": 695.960022, "High": 696.869995, "Low": 692.47998, "Close": 694.289978, "Adj Close": 694.289978, "Volume": 278180000.0, "CloseUSD": 694.289978}