{"Index": "GSPTSE", "Date": "1995-08-30", "Open": 4543.899902, "High": 4543.899902, "Low": 4527.799805, "Close": 4531.200195, "Adj Close": 4531.200195, "Volume": 42480000.0, "CloseUSD": 3760.89616185}