{"Index": "SSMI", "Date": "1993-01-25", "Open": 2103.600098, "High": 2104.699951, "Low": 2079.800049, "Close": 2085.399902, "Adj Close": 2085.399902, "Volume": 0.0, "CloseUSD": 2314.79389122}