{"Index": "NYA", "Date": "1986-07-28", "Open": 1439.189941, "High": 1439.189941, "Low": 1439.189941, "Close": 1439.189941, "Adj Close": 1439.189941, "Volume": 0.0, "CloseUSD": 1439.189941}