{"Index": "HSI", "Date": "1988-04-12", "Open": 2635.899902, "High": 2635.899902, "Low": 2635.899902, "Close": 2635.899902, "Adj Close": 2635.899902, "Volume": 0.0, "CloseUSD": 342.66698726000004}