{"Index": "SSMI", "Date": "2001-08-13", "Open": 6658.100098, "High": 6708.100098, "Low": 6567.700195, "Close": 6707.799805, "Adj Close": 6707.799805, "Volume": 0.0, "CloseUSD": 7445.65778355}