{"Index": "GSPTSE", "Date": "2015-04-17", "Open": 15364.59961, "High": 15367.59961, "Low": 15275.5, "Close": 15360.59961, "Adj Close": 15360.59961, "Volume": 16353270000.0, "CloseUSD": 12749.2976763}