{"Index": "NSEI", "Date": "2018-08-17", "Open": 11437.15039, "High": 11486.4502, "Low": 11431.79981, "Close": 11470.75, "Adj Close": 11470.75, "Volume": 234700.0, "CloseUSD": 114.7075}