{"Index": "000001.SS", "Date": "2014-08-06", "Open": 2212.00293, "High": 2223.893066, "Low": 2192.99292, "Close": 2217.465088, "Adj Close": 2217.465088, "Volume": 177700.0, "CloseUSD": 354.79441408}