{"Index": "IXIC", "Date": "1999-10-28", "Open": 2832.810059, "High": 2875.47998, "Low": 2830.080078, "Close": 2875.219971, "Adj Close": 2875.219971, "Volume": 1249160000.0, "CloseUSD": 2875.219971}