{"Index": "399001.SZ", "Date": "2016-04-13", "Open": 10599.21973, "High": 10810.41016, "Low": 10599.21973, "Close": 10684.91992, "Adj Close": 10684.79981, "Volume": 1666400.0, "CloseUSD": 1709.5871872}