{"Index": "HSI", "Date": "2018-04-20", "Open": 30647.93945, "High": 30848.4707, "Low": 30355.78906, "Close": 30418.33008, "Adj Close": 30418.33008, "Volume": 1661298600.0, "CloseUSD": 3954.3829104}