{"Index": "IXIC", "Date": "2009-07-27", "Open": 1964.619995, "High": 1971.380005, "Low": 1946.949951, "Close": 1967.890015, "Adj Close": 1967.890015, "Volume": 2141690000.0, "CloseUSD": 1967.890015}