{"Index": "GSPTSE", "Date": "1993-10-18", "Open": 4184.700195, "High": 4194.0, "Low": 4180.5, "Close": 4188.700195, "Adj Close": 4188.700195, "Volume": 54910000.0, "CloseUSD": 3476.62116185}