{"Index": "000001.SS", "Date": "2006-06-01", "Open": 1639.672974, "High": 1684.708984, "Low": 1635.745972, "Close": 1684.194946, "Adj Close": 1684.194946, "Volume": 67800.0, "CloseUSD": 269.47119136000003}