{"Index": "GDAXI", "Date": "1988-02-11", "Open": 1024.689941, "High": 1024.689941, "Low": 1024.689941, "Close": 1024.689941, "Adj Close": 1024.689941, "Volume": 0.0, "CloseUSD": 1250.12172802}