{"Index": "IXIC", "Date": "2004-05-03", "Open": 1928.719971, "High": 1954.619995, "Low": 1926.089966, "Close": 1938.719971, "Adj Close": 1938.719971, "Volume": 1932490000.0, "CloseUSD": 1938.719971}