{"Index": "N225", "Date": "2016-12-22", "Open": 19396.84961, "High": 19427.66992, "Low": 19327.50977, "Close": 19427.66992, "Adj Close": 19427.66992, "Volume": 113500000.0, "CloseUSD": 194.2766992}