{"Index": "N225", "Date": "2015-04-17", "Open": 19810.40039, "High": 19815.25, "Low": 19638.36914, "Close": 19652.88086, "Adj Close": 19652.88086, "Volume": 188200000.0, "CloseUSD": 196.5288086}