{"Index": "NYA", "Date": "1988-12-14", "Open": 1635.969971, "High": 1635.969971, "Low": 1635.969971, "Close": 1635.969971, "Adj Close": 1635.969971, "Volume": 0.0, "CloseUSD": 1635.969971}