{"Index": "SSMI", "Date": "1991-10-03", "Open": 1687.699951, "High": 1695.699951, "Low": 1683.800049, "Close": 1686.800049, "Adj Close": 1686.800049, "Volume": 0.0, "CloseUSD": 1872.34805439}