{"Index": "399001.SZ", "Date": "2000-03-29", "Open": 4612.879883, "High": 4629.549805, "Low": 4510.649902, "Close": 4559.859863, "Adj Close": 4559.808594, "Volume": 0.0, "CloseUSD": 729.57757808}