{"Index": "NYA", "Date": "1970-05-04", "Open": 460.910004, "High": 460.910004, "Low": 460.910004, "Close": 460.910004, "Adj Close": 460.910004, "Volume": 0.0, "CloseUSD": 460.910004}