{"Index": "N225", "Date": "1966-08-08", "Open": 1475.050049, "High": 1475.050049, "Low": 1475.050049, "Close": 1475.050049, "Adj Close": 1475.050049, "Volume": 0.0, "CloseUSD": 14.75050049}