{"Index": "399001.SZ", "Date": "2020-03-20", "Open": 10150.78027, "High": 10174.50977, "Low": 9964.290039, "Close": 10150.12988, "Adj Close": 10150.12988, "Volume": 1583700.0, "CloseUSD": 1624.0207808}