{"Index": "GSPTSE", "Date": "2013-10-22", "Open": 13186.5, "High": 13291.2002, "Low": 13186.5, "Close": 13248.09961, "Adj Close": 13248.09961, "Volume": 20381100000.0, "CloseUSD": 10995.9226763}