{"Index": "N225", "Date": "2007-10-17", "Open": 17114.19922, "High": 17114.19922, "Low": 16795.74023, "Close": 16955.31055, "Adj Close": 16955.31055, "Volume": 150700000.0, "CloseUSD": 169.5531055}