{"Index": "NYA", "Date": "1994-11-08", "Open": 2699.26001, "High": 2699.26001, "Low": 2699.26001, "Close": 2699.26001, "Adj Close": 2699.26001, "Volume": 0.0, "CloseUSD": 2699.26001}