{"Index": "SSMI", "Date": "2005-03-16", "Open": 5994.899902, "High": 6005.899902, "Low": 5940.200195, "Close": 5944.799805, "Adj Close": 5944.799805, "Volume": 81613200.0, "CloseUSD": 6598.72778355}