{"Index": "N225", "Date": "2020-08-04", "Open": 22379.74023, "High": 22603.82031, "Low": 22379.74023, "Close": 22573.66016, "Adj Close": 22573.66016, "Volume": 89100000.0, "CloseUSD": 225.7366016}