{"Index": "HSI", "Date": "1996-04-25", "Open": 10870.59961, "High": 10870.59961, "Low": 10740.2002, "Close": 10753.40039, "Adj Close": 10753.40039, "Volume": 0.0, "CloseUSD": 1397.9420507000002}