{"Index": "GSPTSE", "Date": "2013-01-21", "Open": 12748.09961, "High": 12798.90039, "Low": 12725.7002, "Close": 12794.29981, "Adj Close": 12794.29981, "Volume": 97180000.0, "CloseUSD": 10619.2688423}