{"Index": "N225", "Date": "1999-03-24", "Open": 15947.57031, "High": 15947.57031, "Low": 15515.46973, "Close": 15515.46973, "Adj Close": 15515.46973, "Volume": 0.0, "CloseUSD": 155.1546973}