{"Index": "399001.SZ", "Date": "2001-03-28", "Open": 5021.97998, "High": 5037.509766, "Low": 4982.799805, "Close": 5013.859863, "Adj Close": 5013.803711, "Volume": 0.0, "CloseUSD": 802.21757808}