{"Index": "J203.JO", "Date": "2019-02-28", "Open": 56297.94922, "High": 56297.94922, "Low": 55828.78906, "Close": 56002.07813, "Adj Close": 56002.07813, "Volume": 0.0, "CloseUSD": 3920.1454691}