{"Index": "000001.SS", "Date": "2006-05-26", "Open": 1596.564941, "High": 1614.552979, "Low": 1593.093018, "Close": 1613.894043, "Adj Close": 1613.894043, "Volume": 43800.0, "CloseUSD": 258.22304688}