{"Index": "GSPTSE", "Date": "2002-04-29", "Open": 7624.299805, "High": 7624.299805, "Low": 7580.399902, "Close": 7582.5, "Adj Close": 7582.5, "Volume": 8333450000.0, "CloseUSD": 6293.474999999999}