{"Index": "000001.SS", "Date": "2008-07-24", "Open": 2861.810059, "High": 2912.701904, "Low": 2849.096924, "Close": 2910.291992, "Adj Close": 2910.291992, "Volume": 72600.0, "CloseUSD": 465.64671872}