{"Index": "GDAXI", "Date": "2014-05-19", "Open": 9607.320313, "High": 9676.519531, "Low": 9534.55957, "Close": 9659.389648, "Adj Close": 9659.389648, "Volume": 97857300.0, "CloseUSD": 11784.45537056}