{"Index": "TWII", "Date": "2001-06-27", "Open": 4822.669922, "High": 4871.740234, "Low": 4773.879883, "Close": 4825.279785, "Adj Close": 4825.261719, "Volume": 0.0, "CloseUSD": 193.0111914}