{"Index": "NYA", "Date": "2003-11-13", "Open": 6017.569824, "High": 6042.069824, "Low": 6004.620117, "Close": 6036.810059, "Adj Close": 6036.810059, "Volume": 1393700000.0, "CloseUSD": 6036.810059}