{"Index": "N100", "Date": "2008-01-10", "Open": 966.219971, "High": 966.900024, "Low": 952.090027, "Close": 952.390015, "Adj Close": 952.390015, "Volume": 352461500.0, "CloseUSD": 1161.9158183}