{"Index": "GDAXI", "Date": "2004-03-05", "Open": 4136.790039, "High": 4151.839844, "Low": 4090.899902, "Close": 4126.140137, "Adj Close": 4126.140137, "Volume": 114608900.0, "CloseUSD": 5033.890967140001}