{"Index": "SSMI", "Date": "2009-04-29", "Open": 5093.330078, "High": 5152.810059, "Low": 5076.899902, "Close": 5152.720215, "Adj Close": 5152.720215, "Volume": 82787500.0, "CloseUSD": 5719.519438650001}