{"Index": "GSPTSE", "Date": "2020-04-29", "Open": 15003.0, "High": 15257.90039, "Low": 15002.09961, "Close": 15228.09961, "Adj Close": 15228.09961, "Volume": 37131890000.0, "CloseUSD": 12639.322676299998}