{"Index": "TWII", "Date": "2018-10-12", "Open": 9811.580078, "High": 10046.00977, "Low": 9740.759766, "Close": 10045.80957, "Adj Close": 10045.80957, "Volume": 2724400.0, "CloseUSD": 401.8323828}