{"Index": "TWII", "Date": "2006-05-16", "Open": 7202.350098, "High": 7202.899902, "Low": 7069.899902, "Close": 7069.899902, "Adj Close": 7069.874023, "Volume": 4663000.0, "CloseUSD": 282.79599608}