{"Index": "HSI", "Date": "1998-04-28", "Open": 10358.09961, "High": 10678.61035, "Low": 10302.58008, "Close": 10678.61035, "Adj Close": 10678.61035, "Volume": 0.0, "CloseUSD": 1388.2193455}