{"Index": "GSPTSE", "Date": "2000-06-26", "Open": 10200.29981, "High": 10252.79981, "Low": 10181.29981, "Close": 10227.40039, "Adj Close": 10227.40039, "Volume": 6347370000.0, "CloseUSD": 8488.7423237}