{"Index": "N100", "Date": "2002-06-20", "Open": 683.690002, "High": 689.23999, "Low": 671.969971, "Close": 674.869995, "Adj Close": 674.869995, "Volume": 0.0, "CloseUSD": 823.3413939}