{"Index": "GDAXI", "Date": "1994-08-01", "Open": 2150.580078, "High": 2161.939941, "Low": 2150.580078, "Close": 2161.5, "Adj Close": 2161.5, "Volume": 0.0, "CloseUSD": 2637.03}