{"Index": "GSPTSE", "Date": "1986-03-25", "Open": 3038.399902, "High": 3038.399902, "Low": 3009.199951, "Close": 3012.100098, "Adj Close": 3004.450928, "Volume": 23980000.0, "CloseUSD": 2500.04308134}