{"Index": "N225", "Date": "1973-04-24", "Open": 4435.830078, "High": 4435.830078, "Low": 4435.830078, "Close": 4435.830078, "Adj Close": 4435.830078, "Volume": 0.0, "CloseUSD": 44.35830078}