{"Index": "TWII", "Date": "2014-01-03", "Open": 8584.740234, "High": 8584.740234, "Low": 8537.860352, "Close": 8546.540039, "Adj Close": 8546.507813, "Volume": 2539700.0, "CloseUSD": 341.86160156}