{"Index": "399001.SZ", "Date": "2005-11-24", "Open": 2702.679932, "High": 2733.629883, "Low": 2698.399902, "Close": 2716.800049, "Adj Close": 2716.769531, "Volume": 21600.0, "CloseUSD": 434.68800784}