{"Index": "IXIC", "Date": "2016-08-25", "Open": 5207.609863, "High": 5230.589844, "Low": 5201.640137, "Close": 5212.200195, "Adj Close": 5212.200195, "Volume": 1511890000.0, "CloseUSD": 5212.200195}