{"Index": "399001.SZ", "Date": "2000-01-26", "Open": 3718.129883, "High": 3754.100098, "Low": 3700.659912, "Close": 3737.98999, "Adj Close": 3737.948242, "Volume": 0.0, "CloseUSD": 598.0783984}