{"Index": "NYA", "Date": "1971-08-16", "Open": 578.070007, "High": 578.070007, "Low": 578.070007, "Close": 578.070007, "Adj Close": 578.070007, "Volume": 0.0, "CloseUSD": 578.070007}