{"Index": "GSPTSE", "Date": "1992-06-26", "Open": 3346.600098, "High": 3358.899902, "Low": 3346.600098, "Close": 3351.300049, "Adj Close": 3351.300049, "Volume": 25810000.0, "CloseUSD": 2781.57904067}