{"Index": "N225", "Date": "1971-10-14", "Open": 2305.860107, "High": 2305.860107, "Low": 2305.860107, "Close": 2305.860107, "Adj Close": 2305.860107, "Volume": 0.0, "CloseUSD": 23.05860107}