{"Index": "NSEI", "Date": "2019-04-25", "Open": 11735.7002, "High": 11796.75, "Low": 11624.29981, "Close": 11641.79981, "Adj Close": 11641.79981, "Volume": 604400.0, "CloseUSD": 116.4179981}