{"Index": "N225", "Date": "1980-01-31", "Open": 6768.160156, "High": 6768.160156, "Low": 6768.160156, "Close": 6768.160156, "Adj Close": 6768.160156, "Volume": 0.0, "CloseUSD": 67.68160156}