{"Index": "NYA", "Date": "2002-08-30", "Open": 5239.810059, "High": 5239.810059, "Low": 5239.810059, "Close": 5239.810059, "Adj Close": 5239.810059, "Volume": 929900000.0, "CloseUSD": 5239.810059}