{"Index": "HSI", "Date": "2015-07-27", "Open": 24906.7793, "High": 24908.58008, "Low": 24282.21094, "Close": 24351.96094, "Adj Close": 24351.96094, "Volume": 2317678800.0, "CloseUSD": 3165.7549222}