{"Index": "N100", "Date": "2007-01-17", "Open": 975.460022, "High": 976.369995, "Low": 968.119995, "Close": 971.609985, "Adj Close": 971.609985, "Volume": 311853200.0, "CloseUSD": 1185.3641817}