{"Index": "N100", "Date": "2002-06-13", "Open": 711.599976, "High": 712.789978, "Low": 692.940002, "Close": 695.789978, "Adj Close": 695.789978, "Volume": 0.0, "CloseUSD": 848.86377316}