{"Index": "GSPTSE", "Date": "2009-04-07", "Open": 8940.299805, "High": 9016.200195, "Low": 8820.200195, "Close": 8824.799805, "Adj Close": 8824.799805, "Volume": 20640490000.0, "CloseUSD": 7324.58383815}