{"Index": "IXIC", "Date": "2019-05-10", "Open": 7881.310059, "High": 7949.339844, "Low": 7759.339844, "Close": 7916.939941, "Adj Close": 7916.939941, "Volume": 2387720000.0, "CloseUSD": 7916.939941}