{"Index": "NYA", "Date": "1979-04-26", "Open": 608.200012, "High": 608.200012, "Low": 608.200012, "Close": 608.200012, "Adj Close": 608.200012, "Volume": 0.0, "CloseUSD": 608.200012}