{"Index": "SSMI", "Date": "2007-11-02", "Open": 8822.700195, "High": 8891.5, "Low": 8734.400391, "Close": 8770.400391, "Adj Close": 8770.400391, "Volume": 127767900.0, "CloseUSD": 9735.14443401}