{"Index": "000001.SS", "Date": "2020-10-23", "Open": 3308.157959, "High": 3326.049072, "Low": 3276.620117, "Close": 3277.99707, "Adj Close": 3277.99707, "Volume": 174200.0, "CloseUSD": 524.4795312}