{"Index": "SSMI", "Date": "1991-05-10", "Open": 1646.199951, "High": 1664.800049, "Low": 1646.199951, "Close": 1661.900024, "Adj Close": 1661.900024, "Volume": 0.0, "CloseUSD": 1844.7090266400005}