{"Index": "NYA", "Date": "1984-05-21", "Open": 940.849976, "High": 940.849976, "Low": 940.849976, "Close": 940.849976, "Adj Close": 940.849976, "Volume": 0.0, "CloseUSD": 940.849976}