{"Index": "NYA", "Date": "1972-04-28", "Open": 634.419983, "High": 634.419983, "Low": 634.419983, "Close": 634.419983, "Adj Close": 634.419983, "Volume": 0.0, "CloseUSD": 634.419983}