{"Index": "TWII", "Date": "2007-05-24", "Open": 8231.650391, "High": 8249.480469, "Low": 8207.959961, "Close": 8216.410156, "Adj Close": 8216.37793, "Volume": 3395800.0, "CloseUSD": 328.65640624}