{"Index": "N100", "Date": "2009-05-18", "Open": 539.880005, "High": 556.830017, "Low": 536.940002, "Close": 556.830017, "Adj Close": 556.830017, "Volume": 295463600.0, "CloseUSD": 679.33262074}