{"Index": "N225", "Date": "1998-07-13", "Open": 15993.16016, "High": 16360.38965, "Low": 15804.34961, "Close": 16360.38965, "Adj Close": 16360.38965, "Volume": 0.0, "CloseUSD": 163.6038965}