{"Index": "GSPTSE", "Date": "2017-05-29", "Open": 15420.29981, "High": 15460.5, "Low": 15405.29981, "Close": 15421.90039, "Adj Close": 15421.90039, "Volume": 5884350000.0, "CloseUSD": 12800.1773237}