{"Index": "IXIC", "Date": "1997-06-10", "Open": 1410.310059, "High": 1415.660034, "Low": 1398.219971, "Close": 1401.689941, "Adj Close": 1401.689941, "Volume": 664990000.0, "CloseUSD": 1401.689941}