{"Index": "N100", "Date": "2013-01-02", "Open": 691.359985, "High": 696.169983, "Low": 689.119995, "Close": 696.169983, "Adj Close": 696.169983, "Volume": 181776800.0, "CloseUSD": 849.3273792599999}