{"Index": "SSMI", "Date": "2017-09-05", "Open": 8861.150391, "High": 8929.570313, "Low": 8858.429688, "Close": 8869.55957, "Adj Close": 8869.55957, "Volume": 45096600.0, "CloseUSD": 9845.2111227}