{"Index": "NYA", "Date": "2003-05-07", "Open": 5259.060059, "High": 5259.060059, "Low": 5212.620117, "Close": 5226.700195, "Adj Close": 5226.700195, "Volume": 1508300000.0, "CloseUSD": 5226.700195}