{"Index": "GDAXI", "Date": "1995-09-29", "Open": 2181.360107, "High": 2201.600098, "Low": 2168.709961, "Close": 2201.27002, "Adj Close": 2201.27002, "Volume": 0.0, "CloseUSD": 2685.5494244}