{"Index": "SSMI", "Date": "2013-05-29", "Open": 8206.44043, "High": 8208.540039, "Low": 8024.310059, "Close": 8028.640137, "Adj Close": 8028.640137, "Volume": 51110000.0, "CloseUSD": 8911.79055207}