{"Index": "NYA", "Date": "2018-05-21", "Open": 12771.57031, "High": 12814.7002, "Low": 12771.57031, "Close": 12804.00977, "Adj Close": 12804.00977, "Volume": 3019890000.0, "CloseUSD": 12804.00977}