{"Index": "TWII", "Date": "1999-06-25", "Open": 8469.120117, "High": 8497.599609, "Low": 8251.650391, "Close": 8265.959961, "Adj Close": 8265.927734, "Volume": 0.0, "CloseUSD": 330.63839844}