{"Index": "000001.SS", "Date": "2002-02-01", "Open": 1494.577026, "High": 1507.639038, "Low": 1480.77002, "Close": 1485.77002, "Adj Close": 1485.77002, "Volume": 0.0, "CloseUSD": 237.7232032}