{"Index": "NYA", "Date": "2014-09-19", "Open": 11046.38965, "High": 11060.59961, "Low": 10975.34961, "Close": 10989.57031, "Adj Close": 10989.57031, "Volume": 4880220000.0, "CloseUSD": 10989.57031}