{"Index": "N225", "Date": "1983-03-29", "Open": 8424.129883, "High": 8424.129883, "Low": 8424.129883, "Close": 8424.129883, "Adj Close": 8424.129883, "Volume": 0.0, "CloseUSD": 84.24129882999999}