{"Index": "TWII", "Date": "2018-02-05", "Open": 10970.29981, "High": 10970.29981, "Low": 10855.42969, "Close": 10946.25, "Adj Close": 10946.25, "Volume": 2393600.0, "CloseUSD": 437.85}