{"Index": "SSMI", "Date": "2000-01-13", "Open": 7451.799805, "High": 7487.600098, "Low": 7417.5, "Close": 7436.899902, "Adj Close": 7436.899902, "Volume": 0.0, "CloseUSD": 8254.958891220002}