{"Index": "NYA", "Date": "1985-10-09", "Open": 1115.949951, "High": 1115.949951, "Low": 1115.949951, "Close": 1115.949951, "Adj Close": 1115.949951, "Volume": 0.0, "CloseUSD": 1115.949951}