{"Index": "NYA", "Date": "1986-09-29", "Open": 1402.180054, "High": 1402.180054, "Low": 1402.180054, "Close": 1402.180054, "Adj Close": 1402.180054, "Volume": 0.0, "CloseUSD": 1402.180054}