{"Index": "GSPTSE", "Date": "1998-08-27", "Open": 5967.700195, "High": 5967.700195, "Low": 5647.899902, "Close": 5799.5, "Adj Close": 5799.5, "Volume": 32120000.0, "CloseUSD": 4813.585}