{"Index": "IXIC", "Date": "1987-06-25", "Open": 427.899994, "High": 428.200012, "Low": 427.0, "Close": 427.200012, "Adj Close": 427.200012, "Volume": 149800000.0, "CloseUSD": 427.200012}