{"Index": "J203.JO", "Date": "2013-03-13", "Open": 40952.46094, "High": 41040.10938, "Low": 40829.80078, "Close": 40876.10156, "Adj Close": 40876.10156, "Volume": 0.0, "CloseUSD": 2861.3271092000005}