{"Index": "399001.SZ", "Date": "2008-03-24", "Open": 13888.98047, "High": 13996.51953, "Low": 13098.24023, "Close": 13098.24023, "Adj Close": 13098.09277, "Volume": 43100.0, "CloseUSD": 2095.7184368}