{"Index": "TWII", "Date": "2021-02-05", "Open": 15805.75977, "High": 15938.08984, "Low": 15774.33984, "Close": 15802.40039, "Adj Close": 15802.40039, "Volume": 4311100.0, "CloseUSD": 632.0960156}