{"Index": "N225", "Date": "1996-06-14", "Open": 22127.31055, "High": 22480.91016, "Low": 22127.31055, "Close": 22289.39063, "Adj Close": 22289.39063, "Volume": 0.0, "CloseUSD": 222.89390630000003}