{"Index": "000001.SS", "Date": "2017-01-05", "Open": 3157.906006, "High": 3168.501953, "Low": 3154.281006, "Close": 3165.410889, "Adj Close": 3165.410889, "Volume": 174700.0, "CloseUSD": 506.46574224000005}