{"Index": "IXIC", "Date": "2000-06-30", "Open": 3889.51001, "High": 3967.48999, "Low": 3889.330078, "Close": 3966.110107, "Adj Close": 3966.110107, "Volume": 2066390000.0, "CloseUSD": 3966.110107}