{"Index": "NYA", "Date": "1997-03-24", "Open": 4398.669922, "High": 4398.669922, "Low": 4398.669922, "Close": 4398.669922, "Adj Close": 4398.669922, "Volume": 0.0, "CloseUSD": 4398.669922}