{"Index": "IXIC", "Date": "2002-01-25", "Open": 1929.150024, "High": 1951.790039, "Low": 1923.060059, "Close": 1937.699951, "Adj Close": 1937.699951, "Volume": 1655310000.0, "CloseUSD": 1937.699951}