{"Index": "N225", "Date": "1991-09-06", "Open": 22492.92969, "High": 22998.91016, "Low": 22489.4707, "Close": 22692.59961, "Adj Close": 22692.59961, "Volume": 0.0, "CloseUSD": 226.9259961}