{"Index": "N100", "Date": "2008-10-21", "Open": 599.119995, "High": 599.330017, "Low": 582.01001, "Close": 587.22998, "Adj Close": 587.22998, "Volume": 384441500.0, "CloseUSD": 716.4205755999999}