{"Index": "NSEI", "Date": "2011-12-15", "Open": 4712.799805, "High": 4768.649902, "Low": 4673.850098, "Close": 4746.350098, "Adj Close": 4746.350098, "Volume": 0.0, "CloseUSD": 47.46350098}