{"Index": "399001.SZ", "Date": "2011-01-21", "Open": 11534.2002, "High": 11860.61035, "Low": 11491.94043, "Close": 11639.95996, "Adj Close": 11639.8291, "Volume": 72100.0, "CloseUSD": 1862.3935936}