{"Index": "TWII", "Date": "2004-06-04", "Open": 5667.080078, "High": 5734.47998, "Low": 5630.120117, "Close": 5724.890137, "Adj Close": 5724.869141, "Volume": 3223000.0, "CloseUSD": 228.99560548}