{"Index": "GDAXI", "Date": "2018-07-27", "Open": 12825.75, "High": 12886.83008, "Low": 12815.12012, "Close": 12860.40039, "Adj Close": 12860.40039, "Volume": 95634400.0, "CloseUSD": 15689.6884758}