{"Index": "TWII", "Date": "2013-08-01", "Open": 8110.72998, "High": 8113.399902, "Low": 8056.220215, "Close": 8056.220215, "Adj Close": 8056.189453, "Volume": 2017200.0, "CloseUSD": 322.2488086}