{"Index": "N100", "Date": "2020-12-23", "Open": 1090.319946, "High": 1101.72998, "Low": 1090.319946, "Close": 1099.819946, "Adj Close": 1099.819946, "Volume": 152869600.0, "CloseUSD": 1341.78033412}