{"Index": "TWII", "Date": "2010-03-15", "Open": 7750.870117, "High": 7766.359863, "Low": 7634.919922, "Close": 7634.919922, "Adj Close": 7634.891113, "Volume": 2705800.0, "CloseUSD": 305.39679688}