{"Index": "000001.SS", "Date": "2015-11-27", "Open": 3616.543945, "High": 3621.896973, "Low": 3412.427002, "Close": 3436.302979, "Adj Close": 3436.302979, "Volume": 354300.0, "CloseUSD": 549.80847664}