{"Index": "NYA", "Date": "1993-09-27", "Open": 2709.100098, "High": 2709.100098, "Low": 2709.100098, "Close": 2709.100098, "Adj Close": 2709.100098, "Volume": 0.0, "CloseUSD": 2709.100098}