{"Index": "N225", "Date": "1984-04-11", "Open": 10939.44043, "High": 10939.44043, "Low": 10939.44043, "Close": 10939.44043, "Adj Close": 10939.44043, "Volume": 0.0, "CloseUSD": 109.3944043}