{"Index": "N225", "Date": "2011-05-25", "Open": 9492.429688, "High": 9503.769531, "Low": 9415.330078, "Close": 9422.879883, "Adj Close": 9422.879883, "Volume": 116700000.0, "CloseUSD": 94.22879883}