{"Index": "GDAXI", "Date": "2001-02-02", "Open": 6709.899902, "High": 6750.990234, "Low": 6624.189941, "Close": 6638.200195, "Adj Close": 6638.200195, "Volume": 38115300.0, "CloseUSD": 8098.6042379}