{"Index": "NYA", "Date": "2010-04-07", "Open": 7604.430176, "High": 7604.430176, "Low": 7515.939941, "Close": 7546.180176, "Adj Close": 7546.180176, "Volume": 5101430000.0, "CloseUSD": 7546.180176}