{"Index": "IXIC", "Date": "1988-01-21", "Open": 332.5, "High": 334.799988, "Low": 332.100006, "Close": 334.299988, "Adj Close": 334.299988, "Volume": 124560000.0, "CloseUSD": 334.299988}