{"Index": "N225", "Date": "1979-06-12", "Open": 6097.160156, "High": 6097.160156, "Low": 6097.160156, "Close": 6097.160156, "Adj Close": 6097.160156, "Volume": 0.0, "CloseUSD": 60.97160156}