{"Index": "NSEI", "Date": "2011-07-15", "Open": 5602.950195, "High": 5631.700195, "Low": 5562.75, "Close": 5581.100098, "Adj Close": 5581.100098, "Volume": 0.0, "CloseUSD": 55.81100098}