{"Index": "N100", "Date": "2016-04-13", "Open": 867.27002, "High": 880.580017, "Low": 867.210022, "Close": 880.580017, "Adj Close": 880.580017, "Volume": 293273800.0, "CloseUSD": 1074.30762074}