{"Index": "TWII", "Date": "2009-12-18", "Open": 7690.439941, "High": 7753.629883, "Low": 7688.0, "Close": 7753.629883, "Adj Close": 7753.601074, "Volume": 3473600.0, "CloseUSD": 310.14519532}