{"Index": "SSMI", "Date": "2014-07-31", "Open": 8479.610352, "High": 8506.540039, "Low": 8395.870117, "Close": 8410.269531, "Adj Close": 8410.269531, "Volume": 52491900.0, "CloseUSD": 9335.39917941}