{"Index": "399001.SZ", "Date": "2002-09-04", "Open": 3455.790039, "High": 3465.070068, "Low": 3433.899902, "Close": 3437.860107, "Adj Close": 3437.821777, "Volume": 0.0, "CloseUSD": 550.05761712}