{"Index": "399001.SZ", "Date": "2018-01-25", "Open": 11588.37988, "High": 11633.45996, "Low": 11548.67969, "Close": 11552.55957, "Adj Close": 11552.51367, "Volume": 123900.0, "CloseUSD": 1848.4095312}