{"Index": "SSMI", "Date": "2018-04-13", "Open": 8774.719727, "High": 8797.830078, "Low": 8742.980469, "Close": 8776.169922, "Adj Close": 8776.169922, "Volume": 46842500.0, "CloseUSD": 9741.54861342}