{"Index": "IXIC", "Date": "1994-08-11", "Open": 727.640015, "High": 731.76001, "Low": 724.919983, "Close": 728.200012, "Adj Close": 728.200012, "Volume": 321770000.0, "CloseUSD": 728.200012}