{"Index": "HSI", "Date": "2003-04-03", "Open": 8769.410156, "High": 8774.580078, "Low": 8639.089844, "Close": 8648.160156, "Adj Close": 8648.160156, "Volume": 222034400.0, "CloseUSD": 1124.26082028}