{"Index": "IXIC", "Date": "1998-02-11", "Open": 1708.98999, "High": 1714.150024, "Low": 1703.780029, "Close": 1708.550049, "Adj Close": 1708.550049, "Volume": 760090000.0, "CloseUSD": 1708.550049}