{"Index": "IXIC", "Date": "2005-12-09", "Open": 2247.280029, "High": 2258.669922, "Low": 2241.030029, "Close": 2256.72998, "Adj Close": 2256.72998, "Volume": 1658570000.0, "CloseUSD": 2256.72998}