{"Index": "GSPTSE", "Date": "1994-05-03", "Open": 4290.200195, "High": 4290.200195, "Low": 4274.700195, "Close": 4283.600098, "Adj Close": 4283.600098, "Volume": 58660000.0, "CloseUSD": 3555.38808134}