{"Index": "HSI", "Date": "2004-05-21", "Open": 11350.2002, "High": 11602.26953, "Low": 11334.07031, "Close": 11576.00977, "Adj Close": 11576.00977, "Volume": 287205200.0, "CloseUSD": 1504.8812701000002}