{"Index": "N225", "Date": "1976-03-25", "Open": 4622.700195, "High": 4622.700195, "Low": 4622.700195, "Close": 4622.700195, "Adj Close": 4622.700195, "Volume": 0.0, "CloseUSD": 46.22700195}