{"Index": "N100", "Date": "2020-03-05", "Open": 1059.930054, "High": 1060.439941, "Low": 1029.959961, "Close": 1036.079956, "Adj Close": 1036.079956, "Volume": 382979900.0, "CloseUSD": 1264.01754632}