{"Index": "NYA", "Date": "2009-12-18", "Open": 7063.890137, "High": 7106.799805, "Low": 7029.169922, "Close": 7086.189941, "Adj Close": 7086.189941, "Volume": 6325890000.0, "CloseUSD": 7086.189941}