{"Index": "N225", "Date": "1968-04-05", "Open": 1393.319946, "High": 1393.319946, "Low": 1393.319946, "Close": 1393.319946, "Adj Close": 1393.319946, "Volume": 0.0, "CloseUSD": 13.93319946}