{"Index": "N225", "Date": "1988-08-04", "Open": 28370.30078, "High": 28475.67969, "Low": 28246.25, "Close": 28292.66016, "Adj Close": 28292.66016, "Volume": 0.0, "CloseUSD": 282.9266016}