{"Index": "NYA", "Date": "1983-10-26", "Open": 1008.840027, "High": 1008.840027, "Low": 1008.840027, "Close": 1008.840027, "Adj Close": 1008.840027, "Volume": 0.0, "CloseUSD": 1008.840027}