{"Index": "N100", "Date": "2020-04-03", "Open": 829.150024, "High": 831.609985, "Low": 817.76001, "Close": 819.97998, "Adj Close": 819.97998, "Volume": 410037000.0, "CloseUSD": 1000.3755756}