{"Index": "NSEI", "Date": "2015-07-02", "Open": 8471.950195, "High": 8479.25, "Low": 8433.200195, "Close": 8444.900391, "Adj Close": 8444.900391, "Volume": 112000.0, "CloseUSD": 84.44900390999999}