{"Index": "N225", "Date": "1995-06-20", "Open": 14769.69043, "High": 14865.86035, "Low": 14527.54981, "Close": 14665.7002, "Adj Close": 14665.7002, "Volume": 0.0, "CloseUSD": 146.657002}