{"Index": "IXIC", "Date": "2005-03-18", "Open": 2018.410034, "High": 2020.400024, "Low": 1999.97998, "Close": 2007.790039, "Adj Close": 2007.790039, "Volume": 2106980000.0, "CloseUSD": 2007.790039}