{"Index": "GSPTSE", "Date": "1989-07-31", "Open": 3969.100098, "High": 3979.300049, "Low": 3968.899902, "Close": 3970.800049, "Adj Close": 3960.716309, "Volume": 19210000.0, "CloseUSD": 3295.76404067}