{"Index": "NYA", "Date": "1996-04-10", "Open": 3604.899902, "High": 3604.899902, "Low": 3604.899902, "Close": 3604.899902, "Adj Close": 3604.899902, "Volume": 0.0, "CloseUSD": 3604.899902}