{"Index": "N225", "Date": "1999-05-06", "Open": 16762.7793, "High": 17300.60938, "Low": 16762.7793, "Close": 17300.60938, "Adj Close": 17300.60938, "Volume": 0.0, "CloseUSD": 173.00609380000003}