{"Index": "GSPTSE", "Date": "1994-04-07", "Open": 4312.0, "High": 4339.100098, "Low": 4299.5, "Close": 4339.100098, "Adj Close": 4339.100098, "Volume": 62300000.0, "CloseUSD": 3601.45308134}