{"Index": "NYA", "Date": "1978-10-19", "Open": 589.059998, "High": 589.059998, "Low": 589.059998, "Close": 589.059998, "Adj Close": 589.059998, "Volume": 0.0, "CloseUSD": 589.059998}