{"Index": "399001.SZ", "Date": "2019-03-29", "Open": 9556.299805, "High": 9906.860352, "Low": 9554.070313, "Close": 9906.860352, "Adj Close": 9906.860352, "Volume": 202700.0, "CloseUSD": 1585.09765632}