{"Index": "J203.JO", "Date": "2015-05-20", "Open": 54327.12891, "High": 54334.37891, "Low": 53970.05859, "Close": 54192.07031, "Adj Close": 54192.07031, "Volume": 0.0, "CloseUSD": 3793.4449217000006}