{"Index": "000001.SS", "Date": "2016-03-29", "Open": 2956.705078, "High": 2962.202881, "Low": 2905.250977, "Close": 2919.832031, "Adj Close": 2919.832031, "Volume": 183000.0, "CloseUSD": 467.17312496}