{"Index": "HSI", "Date": "2001-04-24", "Open": 13250.88965, "High": 13279.33008, "Low": 13157.40039, "Close": 13274.61035, "Adj Close": 13274.61035, "Volume": 0.0, "CloseUSD": 1725.6993455000002}