{"Index": "GDAXI", "Date": "2017-04-07", "Open": 12174.50977, "High": 12225.05957, "Low": 12144.98047, "Close": 12225.05957, "Adj Close": 12225.05957, "Volume": 71891000.0, "CloseUSD": 14914.5726754}