{"Index": "GDAXI", "Date": "2006-10-16", "Open": 6178.359863, "High": 6189.819824, "Low": 6162.77002, "Close": 6186.540039, "Adj Close": 6186.540039, "Volume": 89796500.0, "CloseUSD": 7547.57884758}