{"Index": "N225", "Date": "2012-06-12", "Open": 8478.780273, "High": 8575.870117, "Low": 8452.5, "Close": 8536.719727, "Adj Close": 8536.719727, "Volume": 113200000.0, "CloseUSD": 85.36719727}