{"Index": "SSMI", "Date": "1995-11-28", "Open": 3251.800049, "High": 3251.800049, "Low": 3228.300049, "Close": 3229.5, "Adj Close": 3229.5, "Volume": 0.0, "CloseUSD": 3584.7450000000003}