{"Index": "NYA", "Date": "1980-01-21", "Open": 682.109985, "High": 682.109985, "Low": 682.109985, "Close": 682.109985, "Adj Close": 682.109985, "Volume": 0.0, "CloseUSD": 682.109985}