{"Index": "TWII", "Date": "1999-01-25", "Open": 6142.72998, "High": 6161.799805, "Low": 6018.97998, "Close": 6032.149902, "Adj Close": 6032.127441, "Volume": 0.0, "CloseUSD": 241.28599608}