{"Index": "N100", "Date": "2006-03-15", "Open": 882.400024, "High": 882.549988, "Low": 879.52002, "Close": 881.099976, "Adj Close": 881.099976, "Volume": 410249000.0, "CloseUSD": 1074.94197072}