{"Index": "000001.SS", "Date": "2007-11-05", "Open": 5748.175781, "High": 5787.228027, "Low": 5603.470215, "Close": 5634.452148, "Adj Close": 5634.452148, "Volume": 64200.0, "CloseUSD": 901.51234368}