{"Index": "000001.SS", "Date": "2014-07-21", "Open": 2057.76709, "High": 2061.822998, "Low": 2049.175049, "Close": 2054.479004, "Adj Close": 2054.479004, "Volume": 93900.0, "CloseUSD": 328.71664064}