{"Index": "NYA", "Date": "2008-03-28", "Open": 8817.290039, "High": 8875.230469, "Low": 8746.700195, "Close": 8762.120117, "Adj Close": 8762.120117, "Volume": 3686980000.0, "CloseUSD": 8762.120117}