{"Index": "N225", "Date": "2006-08-30", "Open": 15929.90039, "High": 15962.92969, "Low": 15769.16016, "Close": 15872.01953, "Adj Close": 15872.01953, "Volume": 95500000.0, "CloseUSD": 158.7201953}