{"Index": "N225", "Date": "1992-06-26", "Open": 16192.29004, "High": 16227.21973, "Low": 15759.74023, "Close": 15812.73047, "Adj Close": 15812.73047, "Volume": 0.0, "CloseUSD": 158.1273047}