{"Index": "000001.SS", "Date": "2012-05-30", "Open": 2385.39209, "High": 2391.690918, "Low": 2378.133057, "Close": 2384.667969, "Adj Close": 2384.667969, "Volume": 89800.0, "CloseUSD": 381.54687504}