{"Index": "IXIC", "Date": "1975-01-27", "Open": 67.040001, "High": 67.040001, "Low": 67.040001, "Close": 67.040001, "Adj Close": 67.040001, "Volume": 0.0, "CloseUSD": 67.040001}