{"Index": "N225", "Date": "1982-06-01", "Open": 7368.660156, "High": 7368.660156, "Low": 7368.660156, "Close": 7368.660156, "Adj Close": 7368.660156, "Volume": 0.0, "CloseUSD": 73.68660156}