{"Index": "GSPTSE", "Date": "1980-04-30", "Open": 1866.099976, "High": 1869.900024, "Low": 1860.099976, "Close": 1869.900024, "Adj Close": 1865.151611, "Volume": 0.0, "CloseUSD": 1552.01701992}