{"Index": "GSPTSE", "Date": "1996-01-11", "Open": 4791.600098, "High": 4791.600098, "Low": 4762.200195, "Close": 4771.200195, "Adj Close": 4771.200195, "Volume": 86890000.0, "CloseUSD": 3960.09616185}