{"Index": "NSEI", "Date": "2015-12-28", "Open": 7863.200195, "High": 7937.200195, "Low": 7863.0, "Close": 7925.149902, "Adj Close": 7925.149902, "Volume": 122900.0, "CloseUSD": 79.25149902}