{"Index": "GDAXI", "Date": "2016-03-04", "Open": 9800.860352, "High": 9899.110352, "Low": 9742.759766, "Close": 9824.169922, "Adj Close": 9824.169922, "Volume": 93446800.0, "CloseUSD": 11985.48730484}