{"Index": "SSMI", "Date": "2005-07-28", "Open": 6577.200195, "High": 6630.700195, "Low": 6573.799805, "Close": 6612.399902, "Adj Close": 6612.399902, "Volume": 70220400.0, "CloseUSD": 7339.763891220001}