{"Index": "399001.SZ", "Date": "2021-01-27", "Open": 15328.87012, "High": 15446.82031, "Low": 15107.04004, "Close": 15413.83984, "Adj Close": 15413.83984, "Volume": 1606600.0, "CloseUSD": 2466.2143744}