{"Index": "J203.JO", "Date": "2016-09-08", "Open": 53456.42969, "High": 53456.42969, "Low": 53052.75, "Close": 53250.25, "Adj Close": 53250.25, "Volume": 0.0, "CloseUSD": 3727.5175}