{"Index": "GDAXI", "Date": "1995-12-13", "Open": 2284.100098, "High": 2285.97998, "Low": 2274.129883, "Close": 2283.26001, "Adj Close": 2283.26001, "Volume": 0.0, "CloseUSD": 2785.5772122}