{"Index": "N225", "Date": "2002-06-27", "Open": 10182.12012, "High": 10335.96973, "Low": 10176.17969, "Close": 10261.59961, "Adj Close": 10261.59961, "Volume": 42400000.0, "CloseUSD": 102.6159961}