{"Index": "NYA", "Date": "2011-01-19", "Open": 8190.899902, "High": 8200.240234, "Low": 8088.919922, "Close": 8104.919922, "Adj Close": 8104.919922, "Volume": 4743710000.0, "CloseUSD": 8104.919922}