{"Index": "GDAXI", "Date": "2014-04-15", "Open": 9324.839844, "High": 9344.849609, "Low": 9166.530273, "Close": 9173.709961, "Adj Close": 9173.709961, "Volume": 88156800.0, "CloseUSD": 11191.92615242}