{"Index": "399001.SZ", "Date": "2005-01-19", "Open": 3022.149902, "High": 3022.810059, "Low": 2997.959961, "Close": 3001.25, "Adj Close": 3001.216553, "Volume": 6700.0, "CloseUSD": 480.2}