{"Index": "IXIC", "Date": "1990-08-07", "Open": 401.100006, "High": 406.600006, "Low": 401.100006, "Close": 402.100006, "Adj Close": 402.100006, "Volume": 165470000.0, "CloseUSD": 402.100006}