{"Index": "TWII", "Date": "2012-04-20", "Open": 7601.569824, "High": 7605.220215, "Low": 7507.149902, "Close": 7507.149902, "Adj Close": 7507.12207, "Volume": 1825600.0, "CloseUSD": 300.28599608}