{"Index": "399001.SZ", "Date": "2013-02-20", "Open": 9548.169922, "High": 9646.599609, "Low": 9510.759766, "Close": 9645.870117, "Adj Close": 9645.761719, "Volume": 87000.0, "CloseUSD": 1543.3392187200002}