{"Index": "GDAXI", "Date": "1988-07-25", "Open": 1149.77002, "High": 1149.77002, "Low": 1149.77002, "Close": 1149.77002, "Adj Close": 1149.77002, "Volume": 0.0, "CloseUSD": 1402.7194244}