{"Index": "N225", "Date": "2008-02-15", "Open": 13508.53027, "High": 13666.67969, "Low": 13356.38965, "Close": 13622.55957, "Adj Close": 13622.55957, "Volume": 154800000.0, "CloseUSD": 136.2255957}