{"Index": "N225", "Date": "2020-12-16", "Open": 26835.58984, "High": 26874.98047, "Low": 26717.0293, "Close": 26757.40039, "Adj Close": 26757.40039, "Volume": 61300000.0, "CloseUSD": 267.5740039}