{"Index": "GDAXI", "Date": "2015-06-02", "Open": 11467.07031, "High": 11467.07031, "Low": 11270.57031, "Close": 11328.79981, "Adj Close": 11328.79981, "Volume": 88144800.0, "CloseUSD": 13821.1357682}