{"Index": "IXIC", "Date": "2002-01-18", "Open": 1943.560059, "High": 1964.73999, "Low": 1922.699951, "Close": 1930.339966, "Adj Close": 1930.339966, "Volume": 1693010000.0, "CloseUSD": 1930.339966}