{"Index": "000001.SS", "Date": "2008-05-28", "Open": 3382.773926, "High": 3486.332031, "Low": 3354.253906, "Close": 3459.025879, "Adj Close": 3459.025879, "Volume": 52400.0, "CloseUSD": 553.44414064}