{"Index": "GSPTSE", "Date": "2001-01-31", "Open": 9356.900391, "High": 9425.5, "Low": 9321.900391, "Close": 9321.900391, "Adj Close": 9321.900391, "Volume": 9913090000.0, "CloseUSD": 7737.177324529999}