{"Index": "IXIC", "Date": "1982-12-15", "Open": 225.690002, "High": 225.690002, "Low": 225.690002, "Close": 225.690002, "Adj Close": 225.690002, "Volume": 0.0, "CloseUSD": 225.690002}