{"Index": "GDAXI", "Date": "1999-08-20", "Open": 5200.240234, "High": 5260.959961, "Low": 5200.240234, "Close": 5254.140137, "Adj Close": 5254.140137, "Volume": 0.0, "CloseUSD": 6410.0509671400005}