{"Index": "N100", "Date": "2012-07-25", "Open": 598.820007, "High": 606.01001, "Low": 598.570007, "Close": 601.190002, "Adj Close": 601.190002, "Volume": 266933400.0, "CloseUSD": 733.45180244}