{"Index": "N225", "Date": "1979-08-28", "Open": 6435.629883, "High": 6435.629883, "Low": 6435.629883, "Close": 6435.629883, "Adj Close": 6435.629883, "Volume": 0.0, "CloseUSD": 64.35629883}