{"Index": "NYA", "Date": "1993-01-11", "Open": 2506.929932, "High": 2506.929932, "Low": 2506.929932, "Close": 2506.929932, "Adj Close": 2506.929932, "Volume": 0.0, "CloseUSD": 2506.929932}