{"Index": "TWII", "Date": "2016-01-27", "Open": 7863.660156, "High": 7888.629883, "Low": 7830.330078, "Close": 7849.830078, "Adj Close": 7849.800781, "Volume": 1478800.0, "CloseUSD": 313.99320312000003}