{"Index": "IXIC", "Date": "1980-06-18", "Open": 157.190002, "High": 157.190002, "Low": 157.190002, "Close": 157.190002, "Adj Close": 157.190002, "Volume": 0.0, "CloseUSD": 157.190002}