{"Index": "TWII", "Date": "2004-05-18", "Open": 5500.640137, "High": 5613.350098, "Low": 5461.189941, "Close": 5557.680176, "Adj Close": 5557.659668, "Volume": 3510200.0, "CloseUSD": 222.30720704}