{"Index": "NYA", "Date": "1983-12-19", "Open": 991.820007, "High": 991.820007, "Low": 991.820007, "Close": 991.820007, "Adj Close": 991.820007, "Volume": 0.0, "CloseUSD": 991.820007}