{"Index": "IXIC", "Date": "2016-02-18", "Open": 4548.100098, "High": 4548.470215, "Low": 4482.77002, "Close": 4487.540039, "Adj Close": 4487.540039, "Volume": 1955870000.0, "CloseUSD": 4487.540039}