{"Index": "N225", "Date": "1991-09-02", "Open": 22328.84961, "High": 22594.43945, "Low": 22175.05078, "Close": 22469.00977, "Adj Close": 22469.00977, "Volume": 0.0, "CloseUSD": 224.6900977}