{"Index": "TWII", "Date": "2000-04-14", "Open": 9517.450195, "High": 9662.120117, "Low": 9370.129883, "Close": 9374.610352, "Adj Close": 9374.576172, "Volume": 0.0, "CloseUSD": 374.98441408}