{"Index": "N225", "Date": "1992-09-04", "Open": 18450.61914, "High": 18833.5, "Low": 18425.73047, "Close": 18555.30078, "Adj Close": 18555.30078, "Volume": 0.0, "CloseUSD": 185.5530078}