{"Index": "N100", "Date": "2007-01-25", "Open": 980.679993, "High": 982.190002, "Low": 972.26001, "Close": 974.700012, "Adj Close": 974.700012, "Volume": 314535600.0, "CloseUSD": 1189.13401464}