{"Index": "N225", "Date": "1981-01-27", "Open": 7285.029785, "High": 7285.029785, "Low": 7285.029785, "Close": 7285.029785, "Adj Close": 7285.029785, "Volume": 0.0, "CloseUSD": 72.85029785}