{"Index": "HSI", "Date": "2016-08-31", "Open": 23043.08008, "High": 23063.15039, "Low": 22939.86914, "Close": 22976.88086, "Adj Close": 22976.88086, "Volume": 1874216100.0, "CloseUSD": 2986.9945118}