{"Index": "NYA", "Date": "1975-07-16", "Open": 536.299988, "High": 536.299988, "Low": 536.299988, "Close": 536.299988, "Adj Close": 536.299988, "Volume": 0.0, "CloseUSD": 536.299988}