{"Index": "IXIC", "Date": "1979-02-13", "Open": 124.889999, "High": 124.889999, "Low": 124.889999, "Close": 124.889999, "Adj Close": 124.889999, "Volume": 0.0, "CloseUSD": 124.889999}