{"Index": "GDAXI", "Date": "2007-09-28", "Open": 7850.939941, "High": 7880.419922, "Low": 7790.22998, "Close": 7861.509766, "Adj Close": 7861.509766, "Volume": 132380500.0, "CloseUSD": 9591.04191452}