{"Index": "NYA", "Date": "2018-12-28", "Open": 11343.86035, "High": 11416.51953, "Low": 11252.23047, "Close": 11290.9502, "Adj Close": 11290.9502, "Volume": 3702620000.0, "CloseUSD": 11290.9502}