{"Index": "N225", "Date": "2008-07-10", "Open": 12934.30957, "High": 13139.84961, "Low": 12930.32031, "Close": 13067.20996, "Adj Close": 13067.20996, "Volume": 120100000.0, "CloseUSD": 130.6720996}