{"Index": "HSI", "Date": "2020-05-12", "Open": 24358.0, "High": 24411.03906, "Low": 24136.19922, "Close": 24245.67969, "Adj Close": 24245.67969, "Volume": 1479628600.0, "CloseUSD": 3151.9383597}