{"Index": "SSMI", "Date": "1999-03-19", "Open": 7201.899902, "High": 7293.299805, "Low": 7176.799805, "Close": 7208.299805, "Adj Close": 7208.299805, "Volume": 0.0, "CloseUSD": 8001.21278355}