{"Index": "399001.SZ", "Date": "2008-01-04", "Open": 17968.56055, "High": 18195.26953, "Low": 17863.18945, "Close": 18122.41016, "Adj Close": 18122.20703, "Volume": 83100.0, "CloseUSD": 2899.5856256}