{"Index": "N225", "Date": "2016-01-19", "Open": 16902.28906, "High": 17088.31055, "Low": 16812.65039, "Close": 17048.36914, "Adj Close": 17048.36914, "Volume": 154200000.0, "CloseUSD": 170.4836914}