{"Index": "SSMI", "Date": "2020-09-15", "Open": 10476.91992, "High": 10562.01953, "Low": 10452.91016, "Close": 10520.0, "Adj Close": 10520.0, "Volume": 56924900.0, "CloseUSD": 11677.2}