{"Index": "NYA", "Date": "1983-06-13", "Open": 1011.059998, "High": 1011.059998, "Low": 1011.059998, "Close": 1011.059998, "Adj Close": 1011.059998, "Volume": 0.0, "CloseUSD": 1011.059998}