{"Index": "IXIC", "Date": "2020-10-02", "Open": 11082.53027, "High": 11244.87012, "Low": 11033.69043, "Close": 11075.01953, "Adj Close": 11075.01953, "Volume": 3715090000.0, "CloseUSD": 11075.01953}