{"Index": "399001.SZ", "Date": "2006-12-14", "Open": 5981.370117, "High": 6044.279785, "Low": 5951.25, "Close": 6044.279785, "Adj Close": 6044.211914, "Volume": 71900.0, "CloseUSD": 967.0847656}