{"Index": "GSPTSE", "Date": "2009-09-23", "Open": 11596.29981, "High": 11648.59961, "Low": 11502.7002, "Close": 11517.5, "Adj Close": 11517.5, "Volume": 19761860000.0, "CloseUSD": 9559.525}