{"Index": "GSPTSE", "Date": "2007-08-17", "Open": 13161.7002, "High": 13245.29981, "Low": 12835.7002, "Close": 13049.59961, "Adj Close": 13049.59961, "Volume": 27942360000.0, "CloseUSD": 10831.1676763}