{"Index": "GSPTSE", "Date": "1985-02-21", "Open": 2611.199951, "High": 2611.199951, "Low": 2597.399902, "Close": 2605.800049, "Adj Close": 2599.182861, "Volume": 10270000.0, "CloseUSD": 2162.81404067}