{"Index": "NSEI", "Date": "2008-01-31", "Open": 5172.25, "High": 5251.649902, "Low": 5071.149902, "Close": 5137.450195, "Adj Close": 5137.450195, "Volume": 0.0, "CloseUSD": 51.37450195}