{"Index": "N225", "Date": "2015-11-10", "Open": 19457.05078, "High": 19674.05078, "Low": 19457.05078, "Close": 19671.25977, "Adj Close": 19671.25977, "Volume": 131200000.0, "CloseUSD": 196.7125977}