{"Index": "NYA", "Date": "1991-09-26", "Open": 2246.280029, "High": 2246.280029, "Low": 2246.280029, "Close": 2246.280029, "Adj Close": 2246.280029, "Volume": 0.0, "CloseUSD": 2246.280029}