{"Index": "HSI", "Date": "1988-10-12", "Open": 2551.899902, "High": 2551.899902, "Low": 2551.899902, "Close": 2551.899902, "Adj Close": 2551.899902, "Volume": 0.0, "CloseUSD": 331.74698726}