{"Index": "HSI", "Date": "1987-12-16", "Open": 2108.5, "High": 2145.699951, "Low": 2108.5, "Close": 2145.699951, "Adj Close": 2145.699951, "Volume": 0.0, "CloseUSD": 278.94099363000004}