{"Index": "IXIC", "Date": "1997-01-08", "Open": 1329.599976, "High": 1330.77002, "Low": 1319.939941, "Close": 1320.349976, "Adj Close": 1320.349976, "Volume": 666490000.0, "CloseUSD": 1320.349976}