{"Index": "399001.SZ", "Date": "2010-05-06", "Open": 10936.95996, "High": 10936.95996, "Low": 10421.70996, "Close": 10422.55957, "Adj Close": 10422.44238, "Volume": 84700.0, "CloseUSD": 1667.6095312}