{"Index": "IXIC", "Date": "1983-05-10", "Open": 304.339996, "High": 304.339996, "Low": 304.339996, "Close": 304.339996, "Adj Close": 304.339996, "Volume": 0.0, "CloseUSD": 304.339996}