{"Index": "HSI", "Date": "2005-07-14", "Open": 14389.37012, "High": 14497.42969, "Low": 14389.37012, "Close": 14491.54004, "Adj Close": 14491.54004, "Volume": 616934800.0, "CloseUSD": 1883.9002052}