{"Index": "IXIC", "Date": "1990-10-29", "Open": 334.5, "High": 335.399994, "Low": 330.399994, "Close": 330.799988, "Adj Close": 330.799988, "Volume": 92230000.0, "CloseUSD": 330.799988}