{"Index": "GSPTSE", "Date": "1984-06-06", "Open": 2280.100098, "High": 2282.600098, "Low": 2275.5, "Close": 2282.5, "Adj Close": 2276.703613, "Volume": 0.0, "CloseUSD": 1894.475}