{"Index": "HSI", "Date": "2010-01-04", "Open": 21860.03906, "High": 22024.83008, "Low": 21689.2207, "Close": 21823.2793, "Adj Close": 21823.2793, "Volume": 1006199600.0, "CloseUSD": 2837.026309}