{"Index": "N225", "Date": "1978-09-05", "Open": 5641.379883, "High": 5641.379883, "Low": 5641.379883, "Close": 5641.379883, "Adj Close": 5641.379883, "Volume": 0.0, "CloseUSD": 56.41379883}