{"Index": "NYA", "Date": "1982-05-11", "Open": 727.469971, "High": 727.469971, "Low": 727.469971, "Close": 727.469971, "Adj Close": 727.469971, "Volume": 0.0, "CloseUSD": 727.469971}