{"Index": "HSI", "Date": "2008-07-02", "Open": 21785.39063, "High": 21938.19922, "Low": 21555.5293, "Close": 21704.44922, "Adj Close": 21704.44922, "Volume": 2548582600.0, "CloseUSD": 2821.5783986}