{"Index": "NSEI", "Date": "2020-08-12", "Open": 11289.0, "High": 11322.0, "Low": 11242.65039, "Close": 11308.40039, "Adj Close": 11308.40039, "Volume": 609900.0, "CloseUSD": 113.0840039}