{"Index": "GSPTSE", "Date": "2018-11-29", "Open": 15157.09961, "High": 15251.2002, "Low": 15138.90039, "Close": 15194.0, "Adj Close": 15194.0, "Volume": 22308230000.0, "CloseUSD": 12611.02}