{"Index": "IXIC", "Date": "1982-01-08", "Open": 192.050003, "High": 192.050003, "Low": 192.050003, "Close": 192.050003, "Adj Close": 192.050003, "Volume": 0.0, "CloseUSD": 192.050003}