{"Index": "IXIC", "Date": "1974-07-31", "Open": 69.989998, "High": 69.989998, "Low": 69.989998, "Close": 69.989998, "Adj Close": 69.989998, "Volume": 0.0, "CloseUSD": 69.989998}