{"Index": "IXIC", "Date": "1987-04-20", "Open": 418.799988, "High": 420.299988, "Low": 417.600006, "Close": 417.700012, "Adj Close": 417.700012, "Volume": 110300000.0, "CloseUSD": 417.700012}