{"Index": "GDAXI", "Date": "1989-03-14", "Open": 1329.02002, "High": 1329.02002, "Low": 1329.02002, "Close": 1329.02002, "Adj Close": 1329.02002, "Volume": 0.0, "CloseUSD": 1621.4044244}