{"Index": "IXIC", "Date": "2004-06-04", "Open": 1982.650024, "High": 1995.5, "Low": 1978.040039, "Close": 1978.619995, "Adj Close": 1978.619995, "Volume": 1417600000.0, "CloseUSD": 1978.619995}