{"Index": "TWII", "Date": "2006-07-31", "Open": 6528.22998, "High": 6531.109863, "Low": 6428.259766, "Close": 6454.580078, "Adj Close": 6454.555664, "Volume": 2743000.0, "CloseUSD": 258.18320312000003}