{"Index": "IXIC", "Date": "1994-08-10", "Open": 722.869995, "High": 728.280029, "Low": 722.869995, "Close": 728.200012, "Adj Close": 728.200012, "Volume": 326430000.0, "CloseUSD": 728.200012}