{"Index": "N100", "Date": "2011-06-01", "Open": 715.049988, "High": 715.47998, "Low": 705.530029, "Close": 707.219971, "Adj Close": 707.219971, "Volume": 264248800.0, "CloseUSD": 862.80836462}