{"Index": "IXIC", "Date": "1984-06-19", "Open": 237.869995, "High": 237.869995, "Low": 237.869995, "Close": 237.869995, "Adj Close": 237.869995, "Volume": 0.0, "CloseUSD": 237.869995}