{"Index": "NYA", "Date": "1993-01-07", "Open": 2508.719971, "High": 2508.719971, "Low": 2508.719971, "Close": 2508.719971, "Adj Close": 2508.719971, "Volume": 0.0, "CloseUSD": 2508.719971}