{"Index": "NSEI", "Date": "2018-08-07", "Open": 11423.15039, "High": 11428.9502, "Low": 11359.7002, "Close": 11389.4502, "Adj Close": 11389.4502, "Volume": 226400.0, "CloseUSD": 113.894502}