{"Index": "NYA", "Date": "1978-07-05", "Open": 560.409973, "High": 560.409973, "Low": 560.409973, "Close": 560.409973, "Adj Close": 560.409973, "Volume": 0.0, "CloseUSD": 560.409973}