{"Index": "399001.SZ", "Date": "2003-07-24", "Open": 3339.290039, "High": 3340.580078, "Low": 3309.389893, "Close": 3316.48999, "Adj Close": 3316.452881, "Volume": 0.0, "CloseUSD": 530.6383984}