{"Index": "000001.SS", "Date": "2019-02-12", "Open": 2654.034912, "High": 2674.478027, "Low": 2648.830078, "Close": 2671.894043, "Adj Close": 2671.894043, "Volume": 184100.0, "CloseUSD": 427.50304688}