{"Index": "NYA", "Date": "1985-03-14", "Open": 1090.26001, "High": 1090.26001, "Low": 1090.26001, "Close": 1090.26001, "Adj Close": 1090.26001, "Volume": 0.0, "CloseUSD": 1090.26001}