{"Index": "NYA", "Date": "1983-10-06", "Open": 1040.880005, "High": 1040.880005, "Low": 1040.880005, "Close": 1040.880005, "Adj Close": 1040.880005, "Volume": 0.0, "CloseUSD": 1040.880005}