{"Index": "NYA", "Date": "1996-02-06", "Open": 3644.550049, "High": 3644.550049, "Low": 3644.550049, "Close": 3644.550049, "Adj Close": 3644.550049, "Volume": 0.0, "CloseUSD": 3644.550049}