{"Index": "GDAXI", "Date": "2019-03-05", "Open": 11570.96973, "High": 11627.78027, "Low": 11551.4502, "Close": 11620.74023, "Adj Close": 11620.74023, "Volume": 63643000.0, "CloseUSD": 14177.3030806}