{"Index": "TWII", "Date": "2003-07-01", "Open": 4893.580078, "High": 5017.779785, "Low": 4893.580078, "Close": 5017.779785, "Adj Close": 5017.760742, "Volume": 4937000.0, "CloseUSD": 200.7111914}