{"Index": "HSI", "Date": "1997-12-30", "Open": 10593.0, "High": 10767.59961, "Low": 10593.0, "Close": 10755.2002, "Adj Close": 10755.2002, "Volume": 0.0, "CloseUSD": 1398.176026}