{"Index": "TWII", "Date": "2020-12-14", "Open": 14238.91992, "High": 14270.33984, "Low": 14182.25, "Close": 14211.04981, "Adj Close": 14211.04981, "Volume": 5733400.0, "CloseUSD": 568.4419924}