{"Index": "NYA", "Date": "1972-04-06", "Open": 644.26001, "High": 644.26001, "Low": 644.26001, "Close": 644.26001, "Adj Close": 644.26001, "Volume": 0.0, "CloseUSD": 644.26001}