{"Index": "GSPTSE", "Date": "2009-05-14", "Open": 9700.200195, "High": 9938.0, "Low": 9683.099609, "Close": 9849.200195, "Adj Close": 9849.200195, "Volume": 22831270000.0, "CloseUSD": 8174.836161849999}