{"Index": "NSEI", "Date": "2010-05-20", "Open": 4924.299805, "High": 4980.25, "Low": 4924.299805, "Close": 4947.600098, "Adj Close": 4947.600098, "Volume": 0.0, "CloseUSD": 49.47600098}