{"Index": "N225", "Date": "1977-05-19", "Open": 5032.859863, "High": 5032.859863, "Low": 5032.859863, "Close": 5032.859863, "Adj Close": 5032.859863, "Volume": 0.0, "CloseUSD": 50.32859863}