{"Index": "GSPTSE", "Date": "2008-02-12", "Open": 13141.79981, "High": 13219.2002, "Low": 13036.5, "Close": 13087.40039, "Adj Close": 13087.40039, "Volume": 20457330000.0, "CloseUSD": 10862.5423237}