{"Index": "J203.JO", "Date": "2012-06-26", "Open": 33821.98047, "High": 33955.48047, "Low": 33755.19922, "Close": 33851.37109, "Adj Close": 33851.37109, "Volume": 0.0, "CloseUSD": 2369.5959763}