{"Index": "000001.SS", "Date": "2005-11-15", "Open": 1088.511963, "High": 1099.029053, "Low": 1082.506958, "Close": 1087.508057, "Adj Close": 1087.508057, "Volume": 12200.0, "CloseUSD": 174.00128912}