{"Index": "SSMI", "Date": "2009-04-17", "Open": 5172.27002, "High": 5237.47998, "Low": 5154.939941, "Close": 5192.629883, "Adj Close": 5192.629883, "Volume": 122787200.0, "CloseUSD": 5763.81917013}