{"Index": "HSI", "Date": "2002-12-13", "Open": 9743.19043, "High": 9754.860352, "Low": 9695.740234, "Close": 9728.429688, "Adj Close": 9728.429688, "Volume": 194733600.0, "CloseUSD": 1264.69585944}