{"Index": "IXIC", "Date": "1984-02-03", "Open": 264.01001, "High": 264.01001, "Low": 264.01001, "Close": 264.01001, "Adj Close": 264.01001, "Volume": 0.0, "CloseUSD": 264.01001}