{"Index": "GSPTSE", "Date": "1991-08-02", "Open": 3538.800049, "High": 3538.800049, "Low": 3518.699951, "Close": 3522.699951, "Adj Close": 3522.699951, "Volume": 23510000.0, "CloseUSD": 2923.84095933}