{"Index": "IXIC", "Date": "1984-12-11", "Open": 238.600006, "High": 238.800003, "Low": 238.5, "Close": 238.800003, "Adj Close": 238.800003, "Volume": 63130000.0, "CloseUSD": 238.800003}