{"Index": "HSI", "Date": "2012-02-09", "Open": 20922.28906, "High": 21053.06055, "Low": 20787.83984, "Close": 21010.00977, "Adj Close": 21010.00977, "Volume": 2208070800.0, "CloseUSD": 2731.3012701}