{"Index": "GSPTSE", "Date": "1990-07-18", "Open": 3595.399902, "High": 3602.600098, "Low": 3580.800049, "Close": 3580.800049, "Adj Close": 3571.706543, "Volume": 17090000.0, "CloseUSD": 2972.06404067}