{"Index": "N100", "Date": "2014-01-27", "Open": 790.630005, "High": 792.119995, "Low": 784.77002, "Close": 785.950012, "Adj Close": 785.950012, "Volume": 258105700.0, "CloseUSD": 958.85901464}