{"Index": "NYA", "Date": "1995-01-12", "Open": 2661.620117, "High": 2661.620117, "Low": 2661.620117, "Close": 2661.620117, "Adj Close": 2661.620117, "Volume": 0.0, "CloseUSD": 2661.620117}