{"Index": "NYA", "Date": "1967-03-17", "Open": 522.77002, "High": 522.77002, "Low": 522.77002, "Close": 522.77002, "Adj Close": 522.77002, "Volume": 0.0, "CloseUSD": 522.77002}