{"Index": "NYA", "Date": "1999-04-27", "Open": 6801.759766, "High": 6801.759766, "Low": 6801.759766, "Close": 6801.759766, "Adj Close": 6801.759766, "Volume": 0.0, "CloseUSD": 6801.759766}