{"Index": "GSPTSE", "Date": "2009-09-28", "Open": 11269.40039, "High": 11390.0, "Low": 11212.40039, "Close": 11338.7002, "Adj Close": 11338.7002, "Volume": 16660560000.0, "CloseUSD": 9411.121166}