{"Index": "NSEI", "Date": "2013-05-20", "Open": 6198.0, "High": 6229.450195, "Low": 6146.049805, "Close": 6156.899902, "Adj Close": 6156.899902, "Volume": 122300.0, "CloseUSD": 61.56899902}