{"Index": "HSI", "Date": "2014-11-24", "Open": 23883.32031, "High": 23936.33984, "Low": 23823.56055, "Close": 23893.14063, "Adj Close": 23893.14063, "Volume": 2862178800.0, "CloseUSD": 3106.1082819000003}