{"Index": "000001.SS", "Date": "2005-05-27", "Open": 1056.322998, "High": 1068.21106, "Low": 1050.055054, "Close": 1051.946045, "Adj Close": 1051.946045, "Volume": 10200.0, "CloseUSD": 168.31136719999998}