{"Index": "NSEI", "Date": "2013-07-29", "Open": 5869.950195, "High": 5886.0, "Low": 5825.799805, "Close": 5831.649902, "Adj Close": 5831.649902, "Volume": 173400.0, "CloseUSD": 58.31649902}