{"Index": "GSPTSE", "Date": "1991-10-21", "Open": 3481.300049, "High": 3481.300049, "Low": 3465.199951, "Close": 3467.199951, "Adj Close": 3467.199951, "Volume": 26940000.0, "CloseUSD": 2877.77595933}