{"Index": "SSMI", "Date": "2006-02-20", "Open": 7917.100098, "High": 7956.200195, "Low": 7902.5, "Close": 7950.200195, "Adj Close": 7950.200195, "Volume": 50141000.0, "CloseUSD": 8824.722216450002}