{"Index": "GDAXI", "Date": "2012-10-16", "Open": 7309.080078, "High": 7387.779785, "Low": 7293.899902, "Close": 7376.27002, "Adj Close": 7376.27002, "Volume": 132649800.0, "CloseUSD": 8999.0494244}