{"Index": "NYA", "Date": "2019-08-09", "Open": 12793.24023, "High": 12811.4502, "Low": 12689.66992, "Close": 12748.41992, "Adj Close": 12748.41992, "Volume": 3350640000.0, "CloseUSD": 12748.41992}