{"Index": "000001.SS", "Date": "2001-08-30", "Open": 1846.187012, "High": 1846.541992, "Low": 1831.020996, "Close": 1839.630981, "Adj Close": 1839.630981, "Volume": 0.0, "CloseUSD": 294.34095696}