{"Index": "SSMI", "Date": "2016-01-21", "Open": 8008.490234, "High": 8135.919922, "Low": 7977.870117, "Close": 8035.060059, "Adj Close": 8035.060059, "Volume": 74946300.0, "CloseUSD": 8918.916665490002}