{"Index": "SSMI", "Date": "1997-05-09", "Open": 5015.100098, "High": 5042.299805, "Low": 5000.700195, "Close": 5004.700195, "Adj Close": 5004.700195, "Volume": 0.0, "CloseUSD": 5555.217216450001}