{"Index": "TWII", "Date": "2013-09-24", "Open": 8295.5, "High": 8310.94043, "Low": 8265.549805, "Close": 8299.120117, "Adj Close": 8299.087891, "Volume": 2283200.0, "CloseUSD": 331.96480468000004}