{"Index": "N225", "Date": "1987-05-18", "Open": 24298.98047, "High": 24298.98047, "Low": 24298.98047, "Close": 24298.98047, "Adj Close": 24298.98047, "Volume": 0.0, "CloseUSD": 242.9898047}