{"Index": "N225", "Date": "1967-02-17", "Open": 1468.150024, "High": 1468.150024, "Low": 1468.150024, "Close": 1468.150024, "Adj Close": 1468.150024, "Volume": 0.0, "CloseUSD": 14.68150024}