{"Index": "SSMI", "Date": "2009-05-27", "Open": 5451.569824, "High": 5463.109863, "Low": 5393.149902, "Close": 5419.419922, "Adj Close": 5419.419922, "Volume": 62784100.0, "CloseUSD": 6015.556113420001}