{"Index": "399001.SZ", "Date": "2000-09-29", "Open": 4467.669922, "High": 4525.040039, "Low": 4467.669922, "Close": 4523.660156, "Adj Close": 4523.609863, "Volume": 0.0, "CloseUSD": 723.78562496}