{"Index": "IXIC", "Date": "2004-09-13", "Open": 1900.170044, "High": 1919.209961, "Low": 1897.72998, "Close": 1910.380005, "Adj Close": 1910.380005, "Volume": 1741080000.0, "CloseUSD": 1910.380005}