{"Index": "N225", "Date": "1988-12-15", "Open": 29758.41016, "High": 29794.68945, "Low": 29678.5, "Close": 29705.75, "Adj Close": 29705.75, "Volume": 0.0, "CloseUSD": 297.0575}