{"Index": "HSI", "Date": "2018-11-06", "Open": 26062.24023, "High": 26159.83008, "Low": 25826.68945, "Close": 26120.96094, "Adj Close": 26120.96094, "Volume": 1562913100.0, "CloseUSD": 3395.7249222}