{"Index": "TWII", "Date": "1997-12-17", "Open": 8297.69043, "High": 8347.200195, "Low": 8241.69043, "Close": 8347.200195, "Adj Close": 8347.167969, "Volume": 0.0, "CloseUSD": 333.8880078}