{"Index": "NYA", "Date": "2013-07-03", "Open": 9104.639648, "High": 9150.089844, "Low": 9074.589844, "Close": 9135.089844, "Adj Close": 9135.089844, "Volume": 1966050000.0, "CloseUSD": 9135.089844}