{"Index": "000001.SS", "Date": "2019-12-04", "Open": 2876.907959, "High": 2882.498047, "Low": 2869.422119, "Close": 2878.115967, "Adj Close": 2878.115967, "Volume": 125500.0, "CloseUSD": 460.49855472}