{"Index": "NYA", "Date": "2014-01-24", "Open": 10222.08008, "High": 10222.08008, "Low": 10034.44043, "Close": 10034.44043, "Adj Close": 10034.44043, "Volume": 4618450000.0, "CloseUSD": 10034.44043}