{"Index": "GSPTSE", "Date": "1993-10-28", "Open": 4208.700195, "High": 4238.0, "Low": 4208.700195, "Close": 4235.200195, "Adj Close": 4235.200195, "Volume": 70430000.0, "CloseUSD": 3515.21616185}