{"Index": "N225", "Date": "1998-12-25", "Open": 13768.65039, "High": 13918.23047, "Low": 13768.65039, "Close": 13797.9502, "Adj Close": 13797.9502, "Volume": 0.0, "CloseUSD": 137.979502}