{"Index": "TWII", "Date": "2013-12-23", "Open": 8441.160156, "High": 8477.469727, "Low": 8441.160156, "Close": 8456.459961, "Adj Close": 8456.427734, "Volume": 2120800.0, "CloseUSD": 338.25839844}