{"Index": "N100", "Date": "2009-08-07", "Open": 595.26001, "High": 605.640015, "Low": 591.219971, "Close": 603.340027, "Adj Close": 603.340027, "Volume": 362948600.0, "CloseUSD": 736.07483294}