{"Index": "000001.SS", "Date": "1998-02-20", "Open": 1234.600952, "High": 1237.915039, "Low": 1224.583984, "Close": 1226.02002, "Adj Close": 1226.02002, "Volume": 0.0, "CloseUSD": 196.1632032}