{"Index": "IXIC", "Date": "2001-11-14", "Open": 1910.449951, "High": 1922.449951, "Low": 1875.27002, "Close": 1903.189941, "Adj Close": 1903.189941, "Volume": 2175590000.0, "CloseUSD": 1903.189941}