{"Index": "J203.JO", "Date": "2016-08-05", "Open": 52543.37109, "High": 52776.58984, "Low": 52310.28125, "Close": 52348.35938, "Adj Close": 52348.35938, "Volume": 0.0, "CloseUSD": 3664.3851566}