{"Index": "GDAXI", "Date": "1996-07-16", "Open": 2493.669922, "High": 2499.790039, "Low": 2466.52002, "Close": 2475.97998, "Adj Close": 2475.97998, "Volume": 0.0, "CloseUSD": 3020.6955756}