{"Index": "TWII", "Date": "1999-01-22", "Open": 6303.859863, "High": 6328.310059, "Low": 6221.240234, "Close": 6228.950195, "Adj Close": 6228.926758, "Volume": 0.0, "CloseUSD": 249.1580078}