{"Index": "GSPTSE", "Date": "2004-03-29", "Open": 8533.0, "High": 8566.5, "Low": 8509.599609, "Close": 8555.200195, "Adj Close": 8555.200195, "Volume": 10462490000.0, "CloseUSD": 7100.816161849999}