{"Index": "N225", "Date": "1996-02-28", "Open": 20053.2207, "High": 20211.38086, "Low": 19878.91016, "Close": 19919.9707, "Adj Close": 19919.9707, "Volume": 0.0, "CloseUSD": 199.199707}