{"Index": "SSMI", "Date": "2016-11-07", "Open": 7688.160156, "High": 7739.660156, "Low": 7682.439941, "Close": 7735.220215, "Adj Close": 7735.220215, "Volume": 64136000.0, "CloseUSD": 8586.094438650001}