{"Index": "GDAXI", "Date": "2014-08-29", "Open": 9483.419922, "High": 9517.950195, "Low": 9369.400391, "Close": 9470.169922, "Adj Close": 9470.169922, "Volume": 68471200.0, "CloseUSD": 11553.60730484}