{"Index": "TWII", "Date": "2017-07-14", "Open": 10450.91992, "High": 10466.33984, "Low": 10423.40039, "Close": 10443.91016, "Adj Close": 10443.91016, "Volume": 2292900.0, "CloseUSD": 417.7564064}