{"Index": "GDAXI", "Date": "2003-06-16", "Open": 3156.800049, "High": 3264.5, "Low": 3122.399902, "Close": 3264.5, "Adj Close": 3264.5, "Volume": 97142500.0, "CloseUSD": 3982.69}