{"Index": "IXIC", "Date": "1988-06-09", "Open": 383.899994, "High": 384.700012, "Low": 382.899994, "Close": 384.600006, "Adj Close": 384.600006, "Volume": 143300000.0, "CloseUSD": 384.600006}