{"Index": "IXIC", "Date": "1979-12-21", "Open": 150.169998, "High": 150.169998, "Low": 150.169998, "Close": 150.169998, "Adj Close": 150.169998, "Volume": 0.0, "CloseUSD": 150.169998}