{"Index": "N225", "Date": "2013-10-10", "Open": 14097.62012, "High": 14200.30957, "Low": 14077.03027, "Close": 14194.70996, "Adj Close": 14194.70996, "Volume": 143200000.0, "CloseUSD": 141.9470996}