{"Index": "000001.SS", "Date": "2012-09-19", "Open": 2061.061035, "High": 2069.949951, "Low": 2055.197998, "Close": 2067.831055, "Adj Close": 2067.831055, "Volume": 52200.0, "CloseUSD": 330.85296880000004}