{"Index": "SSMI", "Date": "2015-07-16", "Open": 9331.69043, "High": 9458.959961, "Low": 9324.19043, "Close": 9458.959961, "Adj Close": 9458.959961, "Volume": 52941300.0, "CloseUSD": 10499.44555671}