{"Index": "N225", "Date": "1992-12-08", "Open": 17206.91992, "High": 17332.69922, "Low": 17135.81055, "Close": 17281.84961, "Adj Close": 17281.84961, "Volume": 0.0, "CloseUSD": 172.8184961}