{"Index": "IXIC", "Date": "1976-07-30", "Open": 91.290001, "High": 91.290001, "Low": 91.290001, "Close": 91.290001, "Adj Close": 91.290001, "Volume": 0.0, "CloseUSD": 91.290001}