{"Index": "NYA", "Date": "1990-01-26", "Open": 1905.48999, "High": 1905.48999, "Low": 1905.48999, "Close": 1905.48999, "Adj Close": 1905.48999, "Volume": 0.0, "CloseUSD": 1905.48999}