{"Index": "IXIC", "Date": "1983-05-04", "Open": 293.209991, "High": 293.209991, "Low": 293.209991, "Close": 293.209991, "Adj Close": 293.209991, "Volume": 0.0, "CloseUSD": 293.209991}