{"Index": "TWII", "Date": "2002-11-13", "Open": 4697.5, "High": 4724.589844, "Low": 4634.970215, "Close": 4671.77002, "Adj Close": 4671.75293, "Volume": 0.0, "CloseUSD": 186.8708008}