{"Index": "SSMI", "Date": "2007-12-28", "Open": 8467.599609, "High": 8571.799805, "Low": 8453.200195, "Close": 8484.5, "Adj Close": 8484.5, "Volume": 32228600.0, "CloseUSD": 9417.795}