{"Index": "000001.SS", "Date": "2011-04-15", "Open": 3036.344971, "High": 3062.530029, "Low": 3020.156006, "Close": 3050.525879, "Adj Close": 3050.525879, "Volume": 128600.0, "CloseUSD": 488.08414064}