{"Index": "GDAXI", "Date": "2005-06-15", "Open": 4601.470215, "High": 4608.290039, "Low": 4537.910156, "Close": 4548.419922, "Adj Close": 4548.419922, "Volume": 135105600.0, "CloseUSD": 5549.07230484}