{"Index": "N225", "Date": "2010-04-20", "Open": 10960.11035, "High": 10999.57031, "Low": 10890.82031, "Close": 10900.67969, "Adj Close": 10900.67969, "Volume": 129600000.0, "CloseUSD": 109.0067969}