{"Index": "GSPTSE", "Date": "2002-06-14", "Open": 7249.799805, "High": 7283.600098, "Low": 7217.899902, "Close": 7249.0, "Adj Close": 7249.0, "Volume": 13328040000.0, "CloseUSD": 6016.67}