{"Index": "NYA", "Date": "1972-12-22", "Open": 670.159973, "High": 670.159973, "Low": 670.159973, "Close": 670.159973, "Adj Close": 670.159973, "Volume": 0.0, "CloseUSD": 670.159973}