{"Index": "N225", "Date": "2016-11-01", "Open": 17380.53906, "High": 17473.11914, "Low": 17339.64063, "Close": 17442.40039, "Adj Close": 17442.40039, "Volume": 123000000.0, "CloseUSD": 174.4240039}