{"Index": "NYA", "Date": "2006-07-13", "Open": 8113.060059, "High": 8113.060059, "Low": 7986.950195, "Close": 7991.850098, "Adj Close": 7991.850098, "Volume": 2545760000.0, "CloseUSD": 7991.850098}