{"Index": "NYA", "Date": "1986-08-07", "Open": 1442.469971, "High": 1442.469971, "Low": 1442.469971, "Close": 1442.469971, "Adj Close": 1442.469971, "Volume": 0.0, "CloseUSD": 1442.469971}