{"Index": "SSMI", "Date": "2002-03-18", "Open": 6573.299805, "High": 6641.299805, "Low": 6565.100098, "Close": 6622.600098, "Adj Close": 6622.600098, "Volume": 0.0, "CloseUSD": 7351.08610878}