{"Index": "GSPTSE", "Date": "2006-08-17", "Open": 11980.59961, "High": 12056.0, "Low": 11961.09961, "Close": 12056.0, "Adj Close": 12056.0, "Volume": 25369970000.0, "CloseUSD": 10006.48}