{"Index": "TWII", "Date": "2012-09-18", "Open": 7740.569824, "High": 7757.040039, "Low": 7714.430176, "Close": 7734.259766, "Adj Close": 7734.230957, "Volume": 2445600.0, "CloseUSD": 309.37039064000004}