{"Index": "GSPTSE", "Date": "1982-08-10", "Open": 1401.099976, "High": 1403.599976, "Low": 1392.5, "Close": 1392.5, "Adj Close": 1388.963867, "Volume": 0.0, "CloseUSD": 1155.775}