{"Index": "HSI", "Date": "2016-01-06", "Open": 21142.63086, "High": 21199.61914, "Low": 20947.30078, "Close": 20980.81055, "Adj Close": 20980.81055, "Volume": 1651083400.0, "CloseUSD": 2727.5053715}