{"Index": "N225", "Date": "2012-09-03", "Open": 8836.610352, "High": 8893.389648, "Low": 8773.400391, "Close": 8783.889648, "Adj Close": 8783.889648, "Volume": 123400000.0, "CloseUSD": 87.83889648}