{"Index": "NYA", "Date": "2013-12-13", "Open": 9957.160156, "High": 9974.099609, "Low": 9927.5, "Close": 9954.839844, "Adj Close": 9954.839844, "Volume": 3061070000.0, "CloseUSD": 9954.839844}