{"Index": "SSMI", "Date": "2001-06-18", "Open": 7331.600098, "High": 7334.0, "Low": 7285.5, "Close": 7318.5, "Adj Close": 7318.5, "Volume": 0.0, "CloseUSD": 8123.535000000001}