{"Index": "NYA", "Date": "1974-11-21", "Open": 382.769989, "High": 382.769989, "Low": 382.769989, "Close": 382.769989, "Adj Close": 382.769989, "Volume": 0.0, "CloseUSD": 382.769989}