{"Index": "GSPTSE", "Date": "2002-09-20", "Open": 6190.700195, "High": 6211.100098, "Low": 6162.899902, "Close": 6202.0, "Adj Close": 6202.0, "Volume": 17444250000.0, "CloseUSD": 5147.66}