{"Index": "N225", "Date": "2021-04-12", "Open": 29874.42969, "High": 29876.03906, "Low": 29538.73047, "Close": 29538.73047, "Adj Close": 29538.73047, "Volume": 50200000.0, "CloseUSD": 295.3873047}