{"Index": "N225", "Date": "2006-11-06", "Open": 16278.78027, "High": 16398.50977, "Low": 16204.12988, "Close": 16364.75977, "Adj Close": 16364.75977, "Volume": 104200000.0, "CloseUSD": 163.6475977}