{"Index": "GSPTSE", "Date": "2005-10-14", "Open": 10392.0, "High": 10495.09961, "Low": 10359.2002, "Close": 10488.79981, "Adj Close": 10488.79981, "Volume": 11996630000.0, "CloseUSD": 8705.7038423}