{"Index": "IXIC", "Date": "2009-10-15", "Open": 2164.330078, "High": 2173.290039, "Low": 2158.290039, "Close": 2173.290039, "Adj Close": 2173.290039, "Volume": 2140090000.0, "CloseUSD": 2173.290039}