{"Index": "000001.SS", "Date": "2014-12-12", "Open": 2929.360107, "High": 2962.51001, "Low": 2914.956055, "Close": 2938.173096, "Adj Close": 2938.173096, "Volume": 409500.0, "CloseUSD": 470.10769536}