{"Index": "N225", "Date": "1969-03-19", "Open": 1791.819946, "High": 1791.819946, "Low": 1791.819946, "Close": 1791.819946, "Adj Close": 1791.819946, "Volume": 0.0, "CloseUSD": 17.91819946}