{"Index": "GSPTSE", "Date": "2005-07-12", "Open": 10228.2002, "High": 10233.7002, "Low": 10185.29981, "Close": 10207.90039, "Adj Close": 10207.90039, "Volume": 12217130000.0, "CloseUSD": 8472.5573237}