{"Index": "SSMI", "Date": "2005-02-24", "Open": 5888.799805, "High": 5888.799805, "Low": 5847.100098, "Close": 5886.200195, "Adj Close": 5886.200195, "Volume": 62647400.0, "CloseUSD": 6533.682216450001}