{"Index": "GSPTSE", "Date": "2020-03-10", "Open": 15019.0, "High": 15048.79981, "Low": 14481.90039, "Close": 14958.09961, "Adj Close": 14958.09961, "Volume": 57100130000.0, "CloseUSD": 12415.222676299998}