{"Index": "NSEI", "Date": "2016-09-30", "Open": 8581.5, "High": 8637.150391, "Low": 8555.200195, "Close": 8611.150391, "Adj Close": 8611.150391, "Volume": 181700.0, "CloseUSD": 86.11150391}