{"Index": "N100", "Date": "2003-12-08", "Open": 590.549988, "High": 591.030029, "Low": 587.640015, "Close": 590.070007, "Adj Close": 590.070007, "Volume": 0.0, "CloseUSD": 719.8854085400001}