{"Index": "GDAXI", "Date": "1997-04-04", "Open": 3228.659912, "High": 3262.129883, "Low": 3209.449951, "Close": 3235.350098, "Adj Close": 3235.350098, "Volume": 0.0, "CloseUSD": 3947.12711956}