{"Index": "NSEI", "Date": "2012-03-27", "Open": 5242.950195, "High": 5277.950195, "Low": 5184.649902, "Close": 5243.149902, "Adj Close": 5243.149902, "Volume": 0.0, "CloseUSD": 52.43149902}