{"Index": "NYA", "Date": "2007-09-14", "Open": 9678.139648, "High": 9679.650391, "Low": 9602.75, "Close": 9673.650391, "Adj Close": 9673.650391, "Volume": 2641740000.0, "CloseUSD": 9673.650391}