{"Index": "N225", "Date": "2019-03-26", "Open": 21174.33984, "High": 21460.99023, "Low": 21174.33984, "Close": 21428.39063, "Adj Close": 21428.39063, "Volume": 101300000.0, "CloseUSD": 214.2839063}