{"Index": "399001.SZ", "Date": "2013-02-06", "Open": 9942.040039, "High": 9973.540039, "Low": 9884.129883, "Close": 9922.719727, "Adj Close": 9922.608398, "Volume": 104900.0, "CloseUSD": 1587.63515632}