{"Index": "IXIC", "Date": "2008-05-14", "Open": 2503.280029, "High": 2528.399902, "Low": 2493.580078, "Close": 2496.699951, "Adj Close": 2496.699951, "Volume": 2129270000.0, "CloseUSD": 2496.699951}