{"Index": "TWII", "Date": "2006-06-30", "Open": 6731.069824, "High": 6731.069824, "Low": 6682.379883, "Close": 6704.410156, "Adj Close": 6704.384277, "Volume": 3862400.0, "CloseUSD": 268.17640624}