{"Index": "GDAXI", "Date": "2005-04-12", "Open": 4395.879883, "High": 4401.799805, "Low": 4366.25, "Close": 4372.120117, "Adj Close": 4372.120117, "Volume": 73418500.0, "CloseUSD": 5333.98654274}