{"Index": "TWII", "Date": "2005-07-11", "Open": 6255.399902, "High": 6305.609863, "Low": 6249.410156, "Close": 6298.859863, "Adj Close": 6298.835938, "Volume": 3622000.0, "CloseUSD": 251.95439452}