{"Index": "IXIC", "Date": "2009-05-08", "Open": 1733.5, "High": 1747.410034, "Low": 1711.01001, "Close": 1739.0, "Adj Close": 1739.0, "Volume": 3206310000.0, "CloseUSD": 1739.0}