{"Index": "SSMI", "Date": "2008-09-22", "Open": 7032.22998, "High": 7079.799805, "Low": 6879.200195, "Close": 6887.390137, "Adj Close": 6887.390137, "Volume": 106472600.0, "CloseUSD": 7645.003052070001}