{"Index": "NYA", "Date": "1993-06-30", "Open": 2633.919922, "High": 2633.919922, "Low": 2633.919922, "Close": 2633.919922, "Adj Close": 2633.919922, "Volume": 0.0, "CloseUSD": 2633.919922}