{"Index": "SSMI", "Date": "2017-07-17", "Open": 9041.429688, "High": 9052.639648, "Low": 8998.490234, "Close": 9038.650391, "Adj Close": 9038.650391, "Volume": 33687200.0, "CloseUSD": 10032.90193401}