{"Index": "GDAXI", "Date": "1997-06-09", "Open": 3717.100098, "High": 3734.050049, "Low": 3662.129883, "Close": 3668.610107, "Adj Close": 3668.610107, "Volume": 0.0, "CloseUSD": 4475.70433054}