{"Index": "N100", "Date": "2011-10-24", "Open": 596.219971, "High": 600.710022, "Low": 590.409973, "Close": 600.039978, "Adj Close": 600.039978, "Volume": 238493200.0, "CloseUSD": 732.04877316}