{"Index": "TWII", "Date": "2020-03-19", "Open": 9085.280273, "High": 9085.280273, "Low": 8523.629883, "Close": 8681.339844, "Adj Close": 8681.339844, "Volume": 5702600.0, "CloseUSD": 347.25359376}