{"Index": "399001.SZ", "Date": "2006-11-03", "Open": 4656.839844, "High": 4737.569824, "Low": 4655.600098, "Close": 4690.430176, "Adj Close": 4690.377441, "Volume": 59900.0, "CloseUSD": 750.46882816}