{"Index": "GDAXI", "Date": "1992-05-20", "Open": 1785.400024, "High": 1785.400024, "Low": 1785.400024, "Close": 1785.400024, "Adj Close": 1785.400024, "Volume": 0.0, "CloseUSD": 2178.18802928}