{"Index": "NSEI", "Date": "2019-12-26", "Open": 12211.84961, "High": 12221.54981, "Low": 12118.84961, "Close": 12126.54981, "Adj Close": 12126.54981, "Volume": 520300.0, "CloseUSD": 121.2654981}