{"Index": "GSPTSE", "Date": "2009-09-17", "Open": 11536.40039, "High": 11613.79981, "Low": 11447.0, "Close": 11528.2002, "Adj Close": 11528.2002, "Volume": 22367960000.0, "CloseUSD": 9568.406166}