{"Index": "NYA", "Date": "1977-03-02", "Open": 576.900024, "High": 576.900024, "Low": 576.900024, "Close": 576.900024, "Adj Close": 576.900024, "Volume": 0.0, "CloseUSD": 576.900024}