{"Index": "GSPTSE", "Date": "1989-04-20", "Open": 3600.300049, "High": 3600.300049, "Low": 3582.5, "Close": 3595.399902, "Adj Close": 3586.269531, "Volume": 28130000.0, "CloseUSD": 2984.18191866}