{"Index": "GSPTSE", "Date": "1982-07-06", "Open": 1360.5, "High": 1362.5, "Low": 1350.199951, "Close": 1354.5, "Adj Close": 1351.060303, "Volume": 0.0, "CloseUSD": 1124.235}