{"Index": "HSI", "Date": "2009-08-17", "Open": 20467.30078, "High": 20471.76953, "Low": 20058.09961, "Close": 20137.65039, "Adj Close": 20137.65039, "Volume": 2556880000.0, "CloseUSD": 2617.8945507}