{"Index": "GSPTSE", "Date": "1988-06-27", "Open": 3432.5, "High": 3434.399902, "Low": 3411.699951, "Close": 3411.699951, "Adj Close": 3403.035889, "Volume": 21580000.0, "CloseUSD": 2831.71095933}