{"Index": "GSPTSE", "Date": "1990-05-22", "Open": 3547.800049, "High": 3551.300049, "Low": 3529.199951, "Close": 3540.5, "Adj Close": 3531.509033, "Volume": 26390000.0, "CloseUSD": 2938.615}