{"Index": "NYA", "Date": "1967-05-09", "Open": 543.48999, "High": 543.48999, "Low": 543.48999, "Close": 543.48999, "Adj Close": 543.48999, "Volume": 0.0, "CloseUSD": 543.48999}