{"Index": "000001.SS", "Date": "2015-11-03", "Open": 3330.315918, "High": 3346.274902, "Low": 3302.184082, "Close": 3316.695068, "Adj Close": 3316.695068, "Volume": 192900.0, "CloseUSD": 530.67121088}