{"Index": "IXIC", "Date": "1989-05-18", "Open": 438.5, "High": 439.799988, "Low": 438.399994, "Close": 439.799988, "Adj Close": 439.799988, "Volume": 163450000.0, "CloseUSD": 439.799988}