{"Index": "N225", "Date": "1997-12-24", "Open": 14791.50977, "High": 15013.19043, "Low": 14681.82031, "Close": 14924.98047, "Adj Close": 14924.98047, "Volume": 0.0, "CloseUSD": 149.2498047}