{"Index": "NSEI", "Date": "2011-03-17", "Open": 5455.399902, "High": 5510.049805, "Low": 5435.299805, "Close": 5446.649902, "Adj Close": 5446.649902, "Volume": 0.0, "CloseUSD": 54.46649902}