{"Index": "N225", "Date": "2001-07-12", "Open": 12133.04981, "High": 12407.9502, "Low": 12133.04981, "Close": 12407.9502, "Adj Close": 12407.9502, "Volume": 0.0, "CloseUSD": 124.079502}