{"Index": "IXIC", "Date": "2013-08-29", "Open": 3587.070068, "High": 3635.840088, "Low": 3587.070068, "Close": 3620.300049, "Adj Close": 3620.300049, "Volume": 1344900000.0, "CloseUSD": 3620.300049}