{"Index": "N225", "Date": "1998-04-20", "Open": 15705.58984, "High": 15729.76953, "Low": 15598.9502, "Close": 15697.09961, "Adj Close": 15697.09961, "Volume": 0.0, "CloseUSD": 156.9709961}