{"Index": "TWII", "Date": "2008-02-20", "Open": 8000.120117, "High": 8040.830078, "Low": 7855.47998, "Close": 7894.470215, "Adj Close": 7894.439941, "Volume": 4148400.0, "CloseUSD": 315.7788086}