{"Index": "399001.SZ", "Date": "2001-12-13", "Open": 3459.600098, "High": 3481.419922, "Low": 3410.26001, "Close": 3410.550049, "Adj Close": 3410.511719, "Volume": 0.0, "CloseUSD": 545.68800784}