{"Index": "HSI", "Date": "2001-08-28", "Open": 11213.66016, "High": 11372.29004, "Low": 11046.82031, "Close": 11300.53027, "Adj Close": 11300.53027, "Volume": 179275400.0, "CloseUSD": 1469.0689351}