{"Index": "NYA", "Date": "1988-02-10", "Open": 1525.150024, "High": 1525.150024, "Low": 1525.150024, "Close": 1525.150024, "Adj Close": 1525.150024, "Volume": 0.0, "CloseUSD": 1525.150024}