{"Index": "NYA", "Date": "2020-10-19", "Open": 13169.32031, "High": 13247.75, "Low": 12999.41016, "Close": 13018.50977, "Adj Close": 13018.50977, "Volume": 4086200000.0, "CloseUSD": 13018.50977}