{"Index": "GSPTSE", "Date": "2016-11-16", "Open": 14707.90039, "High": 14734.2002, "Low": 14672.79981, "Close": 14733.2002, "Adj Close": 14733.2002, "Volume": 22398760000.0, "CloseUSD": 12228.556165999998}