{"Index": "GDAXI", "Date": "2018-04-19", "Open": 12595.61035, "High": 12595.61035, "Low": 12534.62988, "Close": 12567.41992, "Adj Close": 12567.41992, "Volume": 70668500.0, "CloseUSD": 15332.2523024}