{"Index": "N225", "Date": "1998-08-20", "Open": 15445.75, "High": 15445.75, "Low": 15236.25977, "Close": 15391.41016, "Adj Close": 15391.41016, "Volume": 0.0, "CloseUSD": 153.9141016}