{"Index": "N225", "Date": "2015-12-16", "Open": 18868.19922, "High": 19054.89063, "Low": 18859.10938, "Close": 19049.91016, "Adj Close": 19049.91016, "Volume": 143900000.0, "CloseUSD": 190.4991016}