{"Index": "HSI", "Date": "2004-08-03", "Open": 12405.29981, "High": 12425.42969, "Low": 12279.63965, "Close": 12357.12012, "Adj Close": 12357.12012, "Volume": 254464800.0, "CloseUSD": 1606.4256156}