{"Index": "NYA", "Date": "2012-06-13", "Open": 7533.600098, "High": 7577.709961, "Low": 7483.350098, "Close": 7506.419922, "Adj Close": 7506.419922, "Volume": 3506510000.0, "CloseUSD": 7506.419922}