{"Index": "GSPTSE", "Date": "2008-01-14", "Open": 13729.5, "High": 13734.40039, "Low": 13632.59961, "Close": 13698.29981, "Adj Close": 13698.29981, "Volume": 20829930000.0, "CloseUSD": 11369.5888423}