{"Index": "NYA", "Date": "1990-11-23", "Open": 1822.810059, "High": 1822.810059, "Low": 1822.810059, "Close": 1822.810059, "Adj Close": 1822.810059, "Volume": 0.0, "CloseUSD": 1822.810059}