{"Index": "IXIC", "Date": "1982-04-23", "Open": 184.929993, "High": 184.929993, "Low": 184.929993, "Close": 184.929993, "Adj Close": 184.929993, "Volume": 0.0, "CloseUSD": 184.929993}