{"Index": "GSPTSE", "Date": "1994-11-29", "Open": 4092.0, "High": 4104.200195, "Low": 4091.399902, "Close": 4103.700195, "Adj Close": 4103.700195, "Volume": 50710000.0, "CloseUSD": 3406.07116185}