{"Index": "IXIC", "Date": "2020-02-12", "Open": 9688.599609, "High": 9728.769531, "Low": 9666.69043, "Close": 9725.959961, "Adj Close": 9725.959961, "Volume": 2355000000.0, "CloseUSD": 9725.959961}