{"Index": "N225", "Date": "1995-10-06", "Open": 18200.98047, "High": 18547.42969, "Low": 18183.24023, "Close": 18506.2793, "Adj Close": 18506.2793, "Volume": 0.0, "CloseUSD": 185.062793}