{"Index": "IXIC", "Date": "1992-06-17", "Open": 562.179993, "High": 563.909973, "Low": 552.859985, "Close": 553.23999, "Adj Close": 553.23999, "Volume": 190570000.0, "CloseUSD": 553.23999}