{"Index": "NSEI", "Date": "2019-08-22", "Open": 10905.29981, "High": 10908.25, "Low": 10718.29981, "Close": 10741.34961, "Adj Close": 10741.34961, "Volume": 668200.0, "CloseUSD": 107.4134961}