{"Index": "NYA", "Date": "1982-10-15", "Open": 811.429993, "High": 811.429993, "Low": 811.429993, "Close": 811.429993, "Adj Close": 811.429993, "Volume": 0.0, "CloseUSD": 811.429993}