{"Index": "N225", "Date": "2014-10-09", "Open": 15681.53027, "High": 15732.32031, "Low": 15461.08984, "Close": 15478.92969, "Adj Close": 15478.92969, "Volume": 141000000.0, "CloseUSD": 154.7892969}