{"Index": "SSMI", "Date": "1993-10-20", "Open": 2661.699951, "High": 2672.199951, "Low": 2661.699951, "Close": 2668.399902, "Adj Close": 2668.399902, "Volume": 0.0, "CloseUSD": 2961.9238912200003}