{"Index": "N225", "Date": "1980-07-11", "Open": 6787.959961, "High": 6787.959961, "Low": 6787.959961, "Close": 6787.959961, "Adj Close": 6787.959961, "Volume": 0.0, "CloseUSD": 67.87959961}