{"Index": "NYA", "Date": "2018-08-13", "Open": 12836.65039, "High": 12853.16992, "Low": 12746.00977, "Close": 12763.66016, "Adj Close": 12763.66016, "Volume": 3158450000.0, "CloseUSD": 12763.66016}