{"Index": "TWII", "Date": "2017-09-08", "Open": 10553.90039, "High": 10609.9502, "Low": 10550.71973, "Close": 10609.9502, "Adj Close": 10609.9502, "Volume": 2818200.0, "CloseUSD": 424.398008}