{"Index": "000001.SS", "Date": "2018-11-23", "Open": 2640.666992, "High": 2642.035889, "Low": 2577.351074, "Close": 2579.48291, "Adj Close": 2579.48291, "Volume": 191500.0, "CloseUSD": 412.7172656}