{"Index": "TWII", "Date": "2021-02-19", "Open": 16376.91016, "High": 16382.7002, "Low": 16211.25, "Close": 16341.37988, "Adj Close": 16341.37988, "Volume": 5567600.0, "CloseUSD": 653.6551952}