{"Index": "NSEI", "Date": "2016-05-20", "Open": 7792.200195, "High": 7812.399902, "Low": 7735.75, "Close": 7749.700195, "Adj Close": 7749.700195, "Volume": 157000.0, "CloseUSD": 77.49700195000001}