{"Index": "N225", "Date": "1989-06-13", "Open": 33463.53125, "High": 33555.51172, "Low": 33135.05078, "Close": 33213.55078, "Adj Close": 33213.55078, "Volume": 0.0, "CloseUSD": 332.1355078}