{"Index": "J203.JO", "Date": "2013-07-12", "Open": 40543.0, "High": 40886.23828, "Low": 40543.0, "Close": 40734.89063, "Adj Close": 40734.89063, "Volume": 0.0, "CloseUSD": 2851.4423441000004}