{"Index": "IXIC", "Date": "2006-03-10", "Open": 2251.810059, "High": 2266.98999, "Low": 2239.540039, "Close": 2262.040039, "Adj Close": 2262.040039, "Volume": 1752700000.0, "CloseUSD": 2262.040039}