{"Index": "HSI", "Date": "2003-05-16", "Open": 9148.099609, "High": 9190.730469, "Low": 9052.25, "Close": 9093.179688, "Adj Close": 9093.179688, "Volume": 176185000.0, "CloseUSD": 1182.11335944}