{"Index": "GSPTSE", "Date": "1999-03-09", "Open": 6467.0, "High": 6512.799805, "Low": 6467.0, "Close": 6488.399902, "Adj Close": 6488.399902, "Volume": 7332630000.0, "CloseUSD": 5385.37191866}