{"Index": "000001.SS", "Date": "2006-01-19", "Open": 1235.083008, "High": 1251.957031, "Low": 1230.849976, "Close": 1251.57605, "Adj Close": 1251.57605, "Volume": 33600.0, "CloseUSD": 200.252168}