{"Index": "GSPTSE", "Date": "2017-12-18", "Open": 16107.79981, "High": 16200.79981, "Low": 16099.59961, "Close": 16131.59961, "Adj Close": 16131.59961, "Volume": 17250650000.0, "CloseUSD": 13389.2276763}