{"Index": "NYA", "Date": "1996-12-31", "Open": 4148.069824, "High": 4148.069824, "Low": 4148.069824, "Close": 4148.069824, "Adj Close": 4148.069824, "Volume": 0.0, "CloseUSD": 4148.069824}