{"Index": "N225", "Date": "2006-12-22", "Open": 17011.41992, "High": 17104.96094, "Low": 16992.76953, "Close": 17104.96094, "Adj Close": 17104.96094, "Volume": 117100000.0, "CloseUSD": 171.0496094}