{"Index": "N225", "Date": "1997-11-12", "Open": 15819.58008, "High": 15864.04004, "Low": 15359.44043, "Close": 15434.16992, "Adj Close": 15434.16992, "Volume": 0.0, "CloseUSD": 154.3416992}