{"Index": "IXIC", "Date": "1989-03-21", "Open": 400.600006, "High": 401.799988, "Low": 399.299988, "Close": 401.799988, "Adj Close": 401.799988, "Volume": 123730000.0, "CloseUSD": 401.799988}