{"Index": "NYA", "Date": "1968-01-18", "Open": 567.599976, "High": 567.599976, "Low": 567.599976, "Close": 567.599976, "Adj Close": 567.599976, "Volume": 0.0, "CloseUSD": 567.599976}