{"Index": "N100", "Date": "2005-01-03", "Open": 658.5, "High": 666.179993, "Low": 657.969971, "Close": 663.559998, "Adj Close": 663.559998, "Volume": 0.0, "CloseUSD": 809.54319756}