{"Index": "GDAXI", "Date": "1998-05-08", "Open": 5184.819824, "High": 5289.089844, "Low": 5178.439941, "Close": 5270.609863, "Adj Close": 5270.609863, "Volume": 0.0, "CloseUSD": 6430.144032859999}