{"Index": "N225", "Date": "2005-09-20", "Open": 12991.62988, "High": 13159.38965, "Low": 12991.62988, "Close": 13148.57031, "Adj Close": 13148.57031, "Volume": 185200000.0, "CloseUSD": 131.4857031}