{"Index": "NYA", "Date": "1980-09-26", "Open": 771.780029, "High": 771.780029, "Low": 771.780029, "Close": 771.780029, "Adj Close": 771.780029, "Volume": 0.0, "CloseUSD": 771.780029}