{"Index": "N225", "Date": "1996-07-12", "Open": 21807.07031, "High": 21807.07031, "Low": 21558.48047, "Close": 21656.44922, "Adj Close": 21656.44922, "Volume": 0.0, "CloseUSD": 216.5644922}