{"Index": "N225", "Date": "2016-05-02", "Open": 16357.09961, "High": 16357.09961, "Low": 15975.46973, "Close": 16147.37988, "Adj Close": 16147.37988, "Volume": 179900000.0, "CloseUSD": 161.4737988}