{"Index": "399001.SZ", "Date": "2004-12-22", "Open": 3100.77002, "High": 3169.570068, "Low": 3096.419922, "Close": 3169.320068, "Adj Close": 3169.284668, "Volume": 13300.0, "CloseUSD": 507.09121088}