{"Index": "NYA", "Date": "1997-09-29", "Open": 5276.080078, "High": 5276.080078, "Low": 5276.080078, "Close": 5276.080078, "Adj Close": 5276.080078, "Volume": 0.0, "CloseUSD": 5276.080078}