{"Index": "NSEI", "Date": "2020-04-03", "Open": 8356.549805, "High": 8356.549805, "Low": 8055.799805, "Close": 8083.799805, "Adj Close": 8083.799805, "Volume": 697000.0, "CloseUSD": 80.83799805}