{"Index": "000001.SS", "Date": "1997-10-15", "Open": 1119.108032, "High": 1129.654053, "Low": 1116.428955, "Close": 1125.781982, "Adj Close": 1125.781982, "Volume": 0.0, "CloseUSD": 180.12511712}