{"Index": "TWII", "Date": "2003-05-23", "Open": 4295.759766, "High": 4360.939941, "Low": 4289.529785, "Close": 4349.52002, "Adj Close": 4349.503906, "Volume": 3012800.0, "CloseUSD": 173.9808008}