{"Index": "N225", "Date": "2010-12-24", "Open": 10275.96973, "High": 10290.88965, "Low": 10264.05957, "Close": 10279.19043, "Adj Close": 10279.19043, "Volume": 86200000.0, "CloseUSD": 102.7919043}