{"Index": "HSI", "Date": "2004-02-16", "Open": 13727.96973, "High": 13857.98047, "Low": 13712.59961, "Close": 13831.53027, "Adj Close": 13831.53027, "Volume": 301144600.0, "CloseUSD": 1798.0989351}