{"Index": "NYA", "Date": "2020-04-06", "Open": 10264.12988, "High": 10560.73047, "Low": 10233.04004, "Close": 10515.24023, "Adj Close": 10515.24023, "Volume": 6391860000.0, "CloseUSD": 10515.24023}