{"Index": "HSI", "Date": "2009-08-03", "Open": 20582.67969, "High": 20816.60938, "Low": 20449.18945, "Close": 20807.25977, "Adj Close": 20807.25977, "Volume": 1928430400.0, "CloseUSD": 2704.9437701}