{"Index": "NSEI", "Date": "2008-08-01", "Open": 4331.600098, "High": 4422.950195, "Low": 4235.700195, "Close": 4413.549805, "Adj Close": 4413.549805, "Volume": 0.0, "CloseUSD": 44.13549805}