{"Index": "GDAXI", "Date": "2000-10-24", "Open": 6617.72998, "High": 6835.160156, "Low": 6603.490234, "Close": 6802.810059, "Adj Close": 6802.810059, "Volume": 50917500.0, "CloseUSD": 8299.42827198}