{"Index": "NYA", "Date": "1988-06-13", "Open": 1617.98999, "High": 1617.98999, "Low": 1617.98999, "Close": 1617.98999, "Adj Close": 1617.98999, "Volume": 0.0, "CloseUSD": 1617.98999}