{"Index": "GSPTSE", "Date": "2006-07-26", "Open": 11750.40039, "High": 11879.59961, "Low": 11698.2002, "Close": 11879.59961, "Adj Close": 11879.59961, "Volume": 18780320000.0, "CloseUSD": 9860.0676763}