{"Index": "SSMI", "Date": "1999-05-31", "Open": 6816.600098, "High": 6925.5, "Low": 6750.299805, "Close": 6911.600098, "Adj Close": 6911.600098, "Volume": 0.0, "CloseUSD": 7671.87610878}