{"Index": "N100", "Date": "2002-02-08", "Open": 748.130005, "High": 755.330017, "Low": 746.700012, "Close": 751.47998, "Adj Close": 751.47998, "Volume": 0.0, "CloseUSD": 916.8055756}