{"Index": "N225", "Date": "2017-02-10", "Open": 19216.74023, "High": 19395.99023, "Low": 19193.57031, "Close": 19378.92969, "Adj Close": 19378.92969, "Volume": 149400000.0, "CloseUSD": 193.7892969}