{"Index": "GSPTSE", "Date": "1987-07-02", "Open": 3743.5, "High": 3768.600098, "Low": 3743.5, "Close": 3767.600098, "Adj Close": 3758.032227, "Volume": 24690000.0, "CloseUSD": 3127.10808134}