{"Index": "GDAXI", "Date": "2007-05-15", "Open": 7432.660156, "High": 7520.529785, "Low": 7418.259766, "Close": 7505.350098, "Adj Close": 7505.350098, "Volume": 169196900.0, "CloseUSD": 9156.52711956}