{"Index": "SSMI", "Date": "2006-01-26", "Open": 7716.200195, "High": 7752.100098, "Low": 7705.0, "Close": 7749.399902, "Adj Close": 7749.399902, "Volume": 83649400.0, "CloseUSD": 8601.833891220002}