{"Index": "HSI", "Date": "2002-11-27", "Open": 9912.839844, "High": 10013.65039, "Low": 9912.019531, "Close": 9944.589844, "Adj Close": 9944.589844, "Volume": 298967400.0, "CloseUSD": 1292.7966797200002}