{"Index": "SSMI", "Date": "2007-05-25", "Open": 9323.200195, "High": 9385.099609, "Low": 9313.299805, "Close": 9381.299805, "Adj Close": 9381.299805, "Volume": 62490000.0, "CloseUSD": 10413.242783550002}