{"Index": "NYA", "Date": "2008-10-23", "Open": 5630.470215, "High": 5768.509766, "Low": 5379.680176, "Close": 5671.930176, "Adj Close": 5671.930176, "Volume": 7189900000.0, "CloseUSD": 5671.930176}