{"Index": "TWII", "Date": "2005-03-23", "Open": 6005.359863, "High": 6023.759766, "Low": 5970.200195, "Close": 6019.490234, "Adj Close": 6019.467773, "Volume": 2733200.0, "CloseUSD": 240.77960936}