{"Index": "TWII", "Date": "2009-09-08", "Open": 7263.22998, "High": 7350.879883, "Low": 7202.689941, "Close": 7313.990234, "Adj Close": 7313.962402, "Volume": 5261400.0, "CloseUSD": 292.55960936}