{"Index": "SSMI", "Date": "2017-05-26", "Open": 9017.730469, "High": 9059.049805, "Low": 9011.929688, "Close": 9042.030273, "Adj Close": 9042.030273, "Volume": 66846600.0, "CloseUSD": 10036.65360303}