{"Index": "N225", "Date": "2006-08-04", "Open": 15502.55957, "High": 15555.90039, "Low": 15435.33008, "Close": 15499.17969, "Adj Close": 15499.17969, "Volume": 89100000.0, "CloseUSD": 154.99179690000005}