{"Index": "GDAXI", "Date": "2003-03-28", "Open": 2580.959961, "High": 2581.649902, "Low": 2498.290039, "Close": 2520.840088, "Adj Close": 2520.840088, "Volume": 82518400.0, "CloseUSD": 3075.42490736}