{"Index": "000001.SS", "Date": "2006-06-06", "Open": 1681.219971, "High": 1692.824951, "Low": 1672.813965, "Close": 1679.125977, "Adj Close": 1679.125977, "Volume": 58400.0, "CloseUSD": 268.66015632}