{"Index": "GSPTSE", "Date": "2017-06-21", "Open": 15163.09961, "High": 15246.0, "Low": 15125.09961, "Close": 15148.5, "Adj Close": 15148.5, "Volume": 19918210000.0, "CloseUSD": 12573.255}