{"Index": "SSMI", "Date": "2000-04-04", "Open": 7568.799805, "High": 7609.799805, "Low": 7556.0, "Close": 7606.399902, "Adj Close": 7606.399902, "Volume": 0.0, "CloseUSD": 8443.10389122}