{"Index": "N100", "Date": "2003-08-22", "Open": 572.080017, "High": 579.309998, "Low": 571.690002, "Close": 576.700012, "Adj Close": 576.700012, "Volume": 0.0, "CloseUSD": 703.57401464}