{"Index": "GSPTSE", "Date": "1982-04-21", "Open": 1593.400024, "High": 1595.599976, "Low": 1584.599976, "Close": 1585.900024, "Adj Close": 1581.872681, "Volume": 0.0, "CloseUSD": 1316.29701992}