{"Index": "TWII", "Date": "2016-08-16", "Open": 9146.089844, "High": 9165.580078, "Low": 9082.339844, "Close": 9110.360352, "Adj Close": 9110.34668, "Volume": 1762700.0, "CloseUSD": 364.41441408}