{"Index": "TWII", "Date": "2013-11-14", "Open": 8137.819824, "High": 8161.700195, "Low": 8100.72998, "Close": 8134.910156, "Adj Close": 8134.879395, "Volume": 2146800.0, "CloseUSD": 325.39640624}