{"Index": "N225", "Date": "1980-07-30", "Open": 6821.100098, "High": 6821.100098, "Low": 6821.100098, "Close": 6821.100098, "Adj Close": 6821.100098, "Volume": 0.0, "CloseUSD": 68.21100098}