{"Index": "N225", "Date": "2007-08-22", "Open": 15866.59961, "High": 15957.95996, "Low": 15787.95996, "Close": 15900.63965, "Adj Close": 15900.63965, "Volume": 106300000.0, "CloseUSD": 159.0063965}