{"Index": "J203.JO", "Date": "2020-04-22", "Open": 47628.87109, "High": 48216.67188, "Low": 47596.33984, "Close": 48108.48828, "Adj Close": 48108.48828, "Volume": 0.0, "CloseUSD": 3367.5941796}