{"Index": "NYA", "Date": "2017-06-14", "Open": 11810.87012, "High": 11811.5, "Low": 11750.75, "Close": 11779.80957, "Adj Close": 11779.80957, "Volume": 3555590000.0, "CloseUSD": 11779.80957}