{"Index": "N100", "Date": "2002-04-10", "Open": 782.840027, "High": 796.780029, "Low": 780.619995, "Close": 794.52002, "Adj Close": 794.52002, "Volume": 0.0, "CloseUSD": 969.3144244}