{"Index": "399001.SZ", "Date": "2011-04-11", "Open": 13075.69043, "High": 13142.42969, "Low": 12918.92969, "Close": 12925.04981, "Adj Close": 12924.90527, "Volume": 176200.0, "CloseUSD": 2068.0079696000003}