{"Index": "GDAXI", "Date": "2002-05-08", "Open": 4878.740234, "High": 5028.589844, "Low": 4878.740234, "Close": 5028.589844, "Adj Close": 5028.589844, "Volume": 81396000.0, "CloseUSD": 6134.87960968}