{"Index": "N225", "Date": "1989-02-23", "Open": 32320.40039, "High": 32508.60938, "Low": 32286.16016, "Close": 32452.49023, "Adj Close": 32452.49023, "Volume": 0.0, "CloseUSD": 324.5249023}