{"Index": "NYA", "Date": "1971-06-14", "Open": 585.359985, "High": 585.359985, "Low": 585.359985, "Close": 585.359985, "Adj Close": 585.359985, "Volume": 0.0, "CloseUSD": 585.359985}