{"Index": "TWII", "Date": "2004-04-26", "Open": 6752.899902, "High": 6775.669922, "Low": 6704.580078, "Close": 6710.700195, "Adj Close": 6710.674316, "Volume": 4261600.0, "CloseUSD": 268.42800780000005}