{"Index": "J203.JO", "Date": "2015-10-27", "Open": 54150.69922, "High": 54150.69922, "Low": 53624.76953, "Close": 53770.28906, "Adj Close": 53770.28906, "Volume": 0.0, "CloseUSD": 3763.920234200001}