{"Index": "NYA", "Date": "2010-08-26", "Open": 6696.169922, "High": 6755.169922, "Low": 6651.180176, "Close": 6665.259766, "Adj Close": 6665.259766, "Volume": 3646710000.0, "CloseUSD": 6665.259766}