{"Index": "NYA", "Date": "1972-07-31", "Open": 624.799988, "High": 624.799988, "Low": 624.799988, "Close": 624.799988, "Adj Close": 624.799988, "Volume": 0.0, "CloseUSD": 624.799988}