{"Index": "N100", "Date": "2018-07-10", "Open": 1060.790039, "High": 1066.0, "Low": 1059.97998, "Close": 1065.219971, "Adj Close": 1065.219971, "Volume": 161879500.0, "CloseUSD": 1299.56836462}