{"Index": "GSPTSE", "Date": "2006-03-15", "Open": 12055.59961, "High": 12055.59961, "Low": 12055.59961, "Close": 12055.59961, "Adj Close": 12055.59961, "Volume": 15835480000.0, "CloseUSD": 10006.1476763}