{"Index": "GDAXI", "Date": "2010-12-14", "Open": 7024.790039, "High": 7032.649902, "Low": 7011.140137, "Close": 7027.399902, "Adj Close": 7027.399902, "Volume": 75982500.0, "CloseUSD": 8573.42788044}