{"Index": "GSPTSE", "Date": "2009-07-22", "Open": 10422.7002, "High": 10545.29981, "Low": 10404.90039, "Close": 10432.40039, "Adj Close": 10432.40039, "Volume": 16625020000.0, "CloseUSD": 8658.8923237}