{"Index": "N100", "Date": "2012-05-17", "Open": 586.580017, "High": 587.039978, "Low": 576.359985, "Close": 578.27002, "Adj Close": 578.27002, "Volume": 265066000.0, "CloseUSD": 705.4894244000001}