{"Index": "NSEI", "Date": "2012-03-14", "Open": 5490.549805, "High": 5499.399902, "Low": 5437.799805, "Close": 5463.899902, "Adj Close": 5463.899902, "Volume": 0.0, "CloseUSD": 54.63899902}