{"Index": "SSMI", "Date": "2000-08-29", "Open": 8336.599609, "High": 8349.900391, "Low": 8247.099609, "Close": 8257.299805, "Adj Close": 8257.299805, "Volume": 0.0, "CloseUSD": 9165.60278355}