{"Index": "SSMI", "Date": "1994-05-02", "Open": 2737.100098, "High": 2769.899902, "Low": 2737.100098, "Close": 2765.199951, "Adj Close": 2765.199951, "Volume": 0.0, "CloseUSD": 3069.37194561}