{"Index": "NYA", "Date": "2006-02-22", "Open": 8082.640137, "High": 8131.720215, "Low": 8081.740234, "Close": 8128.200195, "Adj Close": 8128.200195, "Volume": 2222380000.0, "CloseUSD": 8128.200195}