{"Index": "GDAXI", "Date": "2009-12-01", "Open": 5653.879883, "High": 5776.609863, "Low": 5653.080078, "Close": 5776.609863, "Adj Close": 5776.609863, "Volume": 116641300.0, "CloseUSD": 7047.46403286}