{"Index": "HSI", "Date": "1993-07-19", "Open": 6923.200195, "High": 6923.200195, "Low": 6775.700195, "Close": 6813.700195, "Adj Close": 6813.700195, "Volume": 0.0, "CloseUSD": 885.78102535}