{"Index": "NYA", "Date": "1993-04-21", "Open": 2591.300049, "High": 2591.300049, "Low": 2591.300049, "Close": 2591.300049, "Adj Close": 2591.300049, "Volume": 0.0, "CloseUSD": 2591.300049}