{"Index": "IXIC", "Date": "1986-02-05", "Open": 338.200012, "High": 338.899994, "Low": 337.700012, "Close": 338.899994, "Adj Close": 338.899994, "Volume": 105300000.0, "CloseUSD": 338.899994}