{"Index": "N225", "Date": "2007-07-10", "Open": 18244.68945, "High": 18259.81055, "Low": 18204.03906, "Close": 18252.66992, "Adj Close": 18252.66992, "Volume": 118800000.0, "CloseUSD": 182.5266992}