{"Index": "TWII", "Date": "2001-08-09", "Open": 4469.919922, "High": 4521.160156, "Low": 4445.149902, "Close": 4448.52002, "Adj Close": 4448.503418, "Volume": 0.0, "CloseUSD": 177.9408008}