{"Index": "NYA", "Date": "1979-05-24", "Open": 596.679993, "High": 596.679993, "Low": 596.679993, "Close": 596.679993, "Adj Close": 596.679993, "Volume": 0.0, "CloseUSD": 596.679993}