{"Index": "HSI", "Date": "1987-01-06", "Open": 2583.899902, "High": 2583.899902, "Low": 2583.899902, "Close": 2583.899902, "Adj Close": 2583.899902, "Volume": 0.0, "CloseUSD": 335.90698726000005}