{"Index": "IXIC", "Date": "2009-10-07", "Open": 2099.060059, "High": 2110.330078, "Low": 2095.939941, "Close": 2110.330078, "Adj Close": 2110.330078, "Volume": 2220910000.0, "CloseUSD": 2110.330078}