{"Index": "GDAXI", "Date": "2005-12-12", "Open": 5316.459961, "High": 5331.060059, "Low": 5290.910156, "Close": 5301.209961, "Adj Close": 5301.209961, "Volume": 79446100.0, "CloseUSD": 6467.476152419999}