{"Index": "NSEI", "Date": "2012-02-17", "Open": 5574.200195, "High": 5606.700195, "Low": 5545.200195, "Close": 5564.299805, "Adj Close": 5564.299805, "Volume": 0.0, "CloseUSD": 55.64299805}