{"Index": "HSI", "Date": "2003-09-25", "Open": 11273.12012, "High": 11444.71973, "Low": 11230.24023, "Close": 11286.51953, "Adj Close": 11286.51953, "Volume": 627774600.0, "CloseUSD": 1467.2475389}