{"Index": "SSMI", "Date": "2015-07-31", "Open": 9405.80957, "High": 9428.169922, "Low": 9367.469727, "Close": 9428.169922, "Adj Close": 9428.169922, "Volume": 43602600.0, "CloseUSD": 10465.26861342}