{"Index": "TWII", "Date": "2009-02-04", "Open": 4422.560059, "High": 4422.560059, "Low": 4366.410156, "Close": 4389.970215, "Adj Close": 4389.954102, "Volume": 3048800.0, "CloseUSD": 175.5988086}