{"Index": "000001.SS", "Date": "2011-05-30", "Open": 2704.485107, "High": 2728.062012, "Low": 2689.206055, "Close": 2706.361084, "Adj Close": 2706.361084, "Volume": 65200.0, "CloseUSD": 433.01777344}