{"Index": "TWII", "Date": "2013-04-19", "Open": 7868.899902, "High": 7933.720215, "Low": 7862.919922, "Close": 7930.799805, "Adj Close": 7930.769531, "Volume": 2033800.0, "CloseUSD": 317.2319922}