{"Index": "000001.SS", "Date": "2007-03-29", "Open": 3179.802979, "High": 3273.727051, "Low": 3176.525879, "Close": 3197.537109, "Adj Close": 3197.537109, "Volume": 149600.0, "CloseUSD": 511.60593744}