{"Index": "GDAXI", "Date": "1993-12-30", "Open": 2236.25, "High": 2258.169922, "Low": 2231.040039, "Close": 2255.290039, "Adj Close": 2255.290039, "Volume": 0.0, "CloseUSD": 2751.45384758}