{"Index": "NSEI", "Date": "2015-12-17", "Open": 7783.049805, "High": 7852.899902, "Low": 7737.549805, "Close": 7844.350098, "Adj Close": 7844.350098, "Volume": 175900.0, "CloseUSD": 78.44350098}