{"Index": "GSPTSE", "Date": "1986-10-03", "Open": 3009.699951, "High": 3014.399902, "Low": 2995.100098, "Close": 2999.0, "Adj Close": 2991.384033, "Volume": 20770000.0, "CloseUSD": 2489.17}