{"Index": "NYA", "Date": "1966-12-14", "Open": 473.700012, "High": 473.700012, "Low": 473.700012, "Close": 473.700012, "Adj Close": 473.700012, "Volume": 0.0, "CloseUSD": 473.700012}