{"Index": "000001.SS", "Date": "2017-02-28", "Open": 3225.968994, "High": 3242.678955, "Low": 3225.968994, "Close": 3241.73291, "Adj Close": 3241.73291, "Volume": 151200.0, "CloseUSD": 518.6772656}