{"Index": "GDAXI", "Date": "2008-07-04", "Open": 6360.700195, "High": 6374.839844, "Low": 6255.160156, "Close": 6272.209961, "Adj Close": 6272.209961, "Volume": 98812300.0, "CloseUSD": 7652.096152419999}