{"Index": "SSMI", "Date": "1992-12-17", "Open": 2025.699951, "High": 2034.800049, "Low": 2019.5, "Close": 2028.699951, "Adj Close": 2028.699951, "Volume": 0.0, "CloseUSD": 2251.8569456100004}