{"Index": "000001.SS", "Date": "2015-01-27", "Open": 3389.853027, "High": 3390.216064, "Low": 3290.218994, "Close": 3352.959961, "Adj Close": 3352.959961, "Volume": 374500.0, "CloseUSD": 536.47359376}