{"Index": "N225", "Date": "2014-09-12", "Open": 15885.04004, "High": 15984.90039, "Low": 15885.04004, "Close": 15948.29004, "Adj Close": 15948.29004, "Volume": 183400000.0, "CloseUSD": 159.4829004}