{"Index": "000001.SS", "Date": "2020-02-25", "Open": 2982.070068, "High": 3016.946045, "Low": 2943.717041, "Close": 3013.050049, "Adj Close": 3013.050049, "Volume": 441600.0, "CloseUSD": 482.08800784}