{"Index": "000001.SS", "Date": "2021-02-26", "Open": 3514.560059, "High": 3550.409912, "Low": 3500.699951, "Close": 3509.080078, "Adj Close": 3509.080078, "Volume": 333300.0, "CloseUSD": 561.45281248}