{"Index": "TWII", "Date": "2000-09-08", "Open": 7457.859863, "High": 7494.669922, "Low": 7360.5, "Close": 7367.990234, "Adj Close": 7367.962402, "Volume": 0.0, "CloseUSD": 294.71960936}