{"Index": "IXIC", "Date": "1983-08-04", "Open": 299.700012, "High": 299.700012, "Low": 299.700012, "Close": 299.700012, "Adj Close": 299.700012, "Volume": 0.0, "CloseUSD": 299.700012}