{"Index": "NYA", "Date": "1993-08-13", "Open": 2640.26001, "High": 2640.26001, "Low": 2640.26001, "Close": 2640.26001, "Adj Close": 2640.26001, "Volume": 0.0, "CloseUSD": 2640.26001}