{"Index": "N100", "Date": "2020-01-27", "Open": 1142.48999, "High": 1145.319946, "Low": 1129.26001, "Close": 1131.52002, "Adj Close": 1131.52002, "Volume": 238039000.0, "CloseUSD": 1380.4544244}