{"Index": "J203.JO", "Date": "2015-01-14", "Open": 49433.0, "High": 49433.0, "Low": 47855.71875, "Close": 48057.46094, "Adj Close": 48057.46094, "Volume": 0.0, "CloseUSD": 3364.0222658}