{"Index": "IXIC", "Date": "2011-04-19", "Open": 2741.350098, "High": 2746.179932, "Low": 2727.120117, "Close": 2744.969971, "Adj Close": 2744.969971, "Volume": 1675970000.0, "CloseUSD": 2744.969971}