{"Index": "N100", "Date": "2019-07-10", "Open": 1078.050049, "High": 1085.27002, "Low": 1077.369995, "Close": 1078.689941, "Adj Close": 1078.689941, "Volume": 150788200.0, "CloseUSD": 1316.00172802}