{"Index": "NYA", "Date": "1975-09-25", "Open": 480.470001, "High": 480.470001, "Low": 480.470001, "Close": 480.470001, "Adj Close": 480.470001, "Volume": 0.0, "CloseUSD": 480.470001}