{"Index": "N100", "Date": "2006-06-30", "Open": 843.840027, "High": 848.51001, "Low": 839.26001, "Close": 847.340027, "Adj Close": 847.340027, "Volume": 312767600.0, "CloseUSD": 1033.75483294}