{"Index": "IXIC", "Date": "2017-06-08", "Open": 6311.72998, "High": 6324.060059, "Low": 6282.930176, "Close": 6321.759766, "Adj Close": 6321.759766, "Volume": 2128780000.0, "CloseUSD": 6321.759766}