{"Index": "000001.SS", "Date": "2003-05-12", "Open": 1522.980957, "High": 1536.892944, "Low": 1511.870972, "Close": 1531.866943, "Adj Close": 1531.866943, "Volume": 15400.0, "CloseUSD": 245.09871088}