{"Index": "NYA", "Date": "1980-04-08", "Open": 606.719971, "High": 606.719971, "Low": 606.719971, "Close": 606.719971, "Adj Close": 606.719971, "Volume": 0.0, "CloseUSD": 606.719971}