{"Index": "SSMI", "Date": "1992-10-12", "Open": 1877.800049, "High": 1885.0, "Low": 1825.400024, "Close": 1881.5, "Adj Close": 1881.5, "Volume": 0.0, "CloseUSD": 2088.465}