{"Index": "HSI", "Date": "2012-07-13", "Open": 19069.35938, "High": 19160.49023, "Low": 19032.58984, "Close": 19092.63086, "Adj Close": 19092.63086, "Volume": 1267621700.0, "CloseUSD": 2482.0420118}