{"Index": "HSI", "Date": "1989-07-28", "Open": 2526.800049, "High": 2526.800049, "Low": 2526.800049, "Close": 2526.800049, "Adj Close": 2526.800049, "Volume": 0.0, "CloseUSD": 328.48400637000003}