{"Index": "TWII", "Date": "2015-11-11", "Open": 8543.629883, "High": 8557.69043, "Low": 8415.009766, "Close": 8415.009766, "Adj Close": 8414.977539, "Volume": 1930600.0, "CloseUSD": 336.60039064}