{"Index": "GDAXI", "Date": "2000-08-15", "Open": 7336.72998, "High": 7380.189941, "Low": 7276.040039, "Close": 7307.430176, "Adj Close": 7307.430176, "Volume": 24001300.0, "CloseUSD": 8915.064814719999}