{"Index": "IXIC", "Date": "1999-05-07", "Open": 2499.530029, "High": 2507.719971, "Low": 2462.27002, "Close": 2503.620117, "Adj Close": 2503.620117, "Volume": 867050000.0, "CloseUSD": 2503.620117}