{"Index": "TWII", "Date": "2013-10-28", "Open": 8365.429688, "High": 8414.80957, "Low": 8348.419922, "Close": 8407.830078, "Adj Close": 8407.797852, "Volume": 1712900.0, "CloseUSD": 336.31320312}