{"Index": "HSI", "Date": "2013-02-18", "Open": 23477.49023, "High": 23477.49023, "Low": 23309.55078, "Close": 23381.93945, "Adj Close": 23381.93945, "Volume": 1033227800.0, "CloseUSD": 3039.6521285000003}