{"Index": "TWII", "Date": "2002-03-06", "Open": 5955.27002, "High": 6097.569824, "Low": 5942.279785, "Close": 6097.569824, "Adj Close": 6097.547363, "Volume": 0.0, "CloseUSD": 243.90279296}