{"Index": "N225", "Date": "1974-07-31", "Open": 4492.419922, "High": 4492.419922, "Low": 4492.419922, "Close": 4492.419922, "Adj Close": 4492.419922, "Volume": 0.0, "CloseUSD": 44.92419922}