{"Index": "NSEI", "Date": "2011-08-03", "Open": 5402.0, "High": 5422.600098, "Low": 5378.850098, "Close": 5404.799805, "Adj Close": 5404.799805, "Volume": 0.0, "CloseUSD": 54.04799805}