{"Index": "NSEI", "Date": "2011-09-22", "Open": 5054.450195, "High": 5059.850098, "Low": 4907.75, "Close": 4923.649902, "Adj Close": 4923.649902, "Volume": 0.0, "CloseUSD": 49.23649902}