{"Index": "J203.JO", "Date": "2015-02-20", "Open": 52835.55078, "High": 53077.73047, "Low": 52734.30859, "Close": 53035.26172, "Adj Close": 53035.26172, "Volume": 0.0, "CloseUSD": 3712.4683204000007}