{"Index": "HSI", "Date": "1998-02-19", "Open": 11002.09961, "High": 11081.40039, "Low": 10581.29981, "Close": 10581.29981, "Adj Close": 10581.29981, "Volume": 0.0, "CloseUSD": 1375.5689753}