{"Index": "SSMI", "Date": "2018-05-29", "Open": 8723.519531, "High": 8735.410156, "Low": 8613.240234, "Close": 8637.200195, "Adj Close": 8637.200195, "Volume": 77712700.0, "CloseUSD": 9587.29221645}