{"Index": "IXIC", "Date": "1975-04-03", "Open": 74.949997, "High": 74.949997, "Low": 74.949997, "Close": 74.949997, "Adj Close": 74.949997, "Volume": 0.0, "CloseUSD": 74.949997}