{"Index": "HSI", "Date": "1998-03-31", "Open": 11447.7002, "High": 11578.40039, "Low": 11404.59961, "Close": 11518.7002, "Adj Close": 11518.7002, "Volume": 0.0, "CloseUSD": 1497.431026}