{"Index": "N100", "Date": "2019-05-13", "Open": 1041.319946, "High": 1041.780029, "Low": 1025.27002, "Close": 1027.699951, "Adj Close": 1027.699951, "Volume": 181960000.0, "CloseUSD": 1253.79394022}