{"Index": "NYA", "Date": "1989-11-29", "Open": 2011.650024, "High": 2011.650024, "Low": 2011.650024, "Close": 2011.650024, "Adj Close": 2011.650024, "Volume": 0.0, "CloseUSD": 2011.650024}