{"Index": "TWII", "Date": "2020-11-13", "Open": 13221.79981, "High": 13273.33008, "Low": 13170.12012, "Close": 13273.33008, "Adj Close": 13273.33008, "Volume": 3526400.0, "CloseUSD": 530.9332032}