{"Index": "IXIC", "Date": "1991-10-04", "Open": 520.340027, "High": 522.650024, "Low": 519.919983, "Close": 520.400024, "Adj Close": 520.400024, "Volume": 151230000.0, "CloseUSD": 520.400024}