{"Index": "N225", "Date": "1981-02-03", "Open": 7291.310059, "High": 7291.310059, "Low": 7291.310059, "Close": 7291.310059, "Adj Close": 7291.310059, "Volume": 0.0, "CloseUSD": 72.91310059}