{"Index": "NYA", "Date": "1966-01-10", "Open": 533.869995, "High": 533.869995, "Low": 533.869995, "Close": 533.869995, "Adj Close": 533.869995, "Volume": 0.0, "CloseUSD": 533.869995}