{"Index": "J203.JO", "Date": "2018-02-15", "Open": 57399.55078, "High": 60038.35156, "Low": 57399.55078, "Close": 59533.10156, "Adj Close": 59533.10156, "Volume": 0.0, "CloseUSD": 4167.3171092}