{"Index": "N100", "Date": "2005-03-15", "Open": 698.0, "High": 700.25, "Low": 697.820007, "Close": 699.640015, "Adj Close": 699.640015, "Volume": 0.0, "CloseUSD": 853.5608182999999}