{"Index": "NYA", "Date": "2018-02-07", "Open": 12696.9502, "High": 12866.58008, "Low": 12685.42969, "Close": 12687.17969, "Adj Close": 12687.17969, "Volume": 4626570000.0, "CloseUSD": 12687.17969}