{"Index": "000001.SS", "Date": "2004-12-30", "Open": 1273.154053, "High": 1280.571045, "Low": 1264.151978, "Close": 1273.708984, "Adj Close": 1273.708984, "Volume": 8800.0, "CloseUSD": 203.79343744}