{"Index": "IXIC", "Date": "1978-08-24", "Open": 135.279999, "High": 135.279999, "Low": 135.279999, "Close": 135.279999, "Adj Close": 135.279999, "Volume": 0.0, "CloseUSD": 135.279999}