{"Index": "399001.SZ", "Date": "2015-09-17", "Open": 9872.040039, "High": 10147.16992, "Low": 9739.889648, "Close": 9739.889648, "Adj Close": 9739.780273, "Volume": 1423500.0, "CloseUSD": 1558.38234368}