{"Index": "000001.SS", "Date": "2020-06-19", "Open": 2938.790039, "High": 2973.320068, "Low": 2935.820068, "Close": 2967.629883, "Adj Close": 2967.629883, "Volume": 264300.0, "CloseUSD": 474.82078128}