{"Index": "N225", "Date": "1971-07-12", "Open": 2686.419922, "High": 2686.419922, "Low": 2686.419922, "Close": 2686.419922, "Adj Close": 2686.419922, "Volume": 0.0, "CloseUSD": 26.86419922}