{"Index": "TWII", "Date": "2010-05-10", "Open": 7610.879883, "High": 7664.72998, "Low": 7577.310059, "Close": 7664.72998, "Adj Close": 7664.701172, "Volume": 3267400.0, "CloseUSD": 306.5891992}