{"Index": "GDAXI", "Date": "2015-06-01", "Open": 11462.96973, "High": 11510.92969, "Low": 11345.09961, "Close": 11436.04981, "Adj Close": 11436.04981, "Volume": 75686700.0, "CloseUSD": 13951.9807682}