{"Index": "NYA", "Date": "2003-05-06", "Open": 5207.129883, "High": 5279.600098, "Low": 5206.970215, "Close": 5259.060059, "Adj Close": 5259.060059, "Volume": 1663600000.0, "CloseUSD": 5259.060059}