{"Index": "N225", "Date": "1975-11-14", "Open": 4313.77002, "High": 4313.77002, "Low": 4313.77002, "Close": 4313.77002, "Adj Close": 4313.77002, "Volume": 0.0, "CloseUSD": 43.1377002}