{"Index": "N225", "Date": "1972-03-28", "Open": 3107.409912, "High": 3107.409912, "Low": 3107.409912, "Close": 3107.409912, "Adj Close": 3107.409912, "Volume": 0.0, "CloseUSD": 31.074099120000003}