{"Index": "TWII", "Date": "2013-10-23", "Open": 8419.799805, "High": 8438.950195, "Low": 8380.150391, "Close": 8393.620117, "Adj Close": 8393.587891, "Volume": 1912600.0, "CloseUSD": 335.74480468}