{"Index": "NSEI", "Date": "2016-02-16", "Open": 7201.25, "High": 7204.649902, "Low": 7037.700195, "Close": 7048.25, "Adj Close": 7048.25, "Volume": 253800.0, "CloseUSD": 70.4825}