{"Index": "SSMI", "Date": "1994-10-21", "Open": 2529.899902, "High": 2529.899902, "Low": 2487.600098, "Close": 2508.600098, "Adj Close": 2508.600098, "Volume": 0.0, "CloseUSD": 2784.54610878}