{"Index": "SSMI", "Date": "2017-04-10", "Open": 8627.980469, "High": 8631.05957, "Low": 8581.519531, "Close": 8616.679688, "Adj Close": 8616.679688, "Volume": 47438500.0, "CloseUSD": 9564.514453680002}