{"Index": "GDAXI", "Date": "1997-08-11", "Open": 4269.359863, "High": 4352.149902, "Low": 4267.740234, "Close": 4333.149902, "Adj Close": 4333.149902, "Volume": 0.0, "CloseUSD": 5286.44288044}