{"Index": "N100", "Date": "2009-09-21", "Open": 662.5, "High": 663.640015, "Low": 656.900024, "Close": 660.830017, "Adj Close": 660.830017, "Volume": 257831300.0, "CloseUSD": 806.21262074}