{"Index": "HSI", "Date": "1992-02-28", "Open": 4921.5, "High": 4966.899902, "Low": 4917.700195, "Close": 4929.100098, "Adj Close": 4929.100098, "Volume": 0.0, "CloseUSD": 640.78301274}