{"Index": "SSMI", "Date": "2012-11-16", "Open": 6540.77002, "High": 6574.439941, "Low": 6508.52002, "Close": 6508.660156, "Adj Close": 6508.660156, "Volume": 48755800.0, "CloseUSD": 7224.612773160001}