{"Index": "IXIC", "Date": "1984-10-10", "Open": 243.289993, "High": 243.289993, "Low": 243.289993, "Close": 243.289993, "Adj Close": 243.289993, "Volume": 0.0, "CloseUSD": 243.289993}