{"Index": "N100", "Date": "2011-11-02", "Open": 581.219971, "High": 585.01001, "Low": 571.869995, "Close": 581.299988, "Adj Close": 581.299988, "Volume": 314733800.0, "CloseUSD": 709.18598536}