{"Index": "GDAXI", "Date": "2005-11-07", "Open": 4994.540039, "High": 5033.990234, "Low": 4983.75, "Close": 5024.200195, "Adj Close": 5024.200195, "Volume": 84897100.0, "CloseUSD": 6129.5242379}