{"Index": "NYA", "Date": "1990-01-03", "Open": 2091.47998, "High": 2091.47998, "Low": 2091.47998, "Close": 2091.47998, "Adj Close": 2091.47998, "Volume": 0.0, "CloseUSD": 2091.47998}