{"Index": "TWII", "Date": "2019-09-02", "Open": 10613.19043, "High": 10634.84961, "Low": 10589.41992, "Close": 10634.84961, "Adj Close": 10634.84961, "Volume": 2078600.0, "CloseUSD": 425.3939844}