{"Index": "N100", "Date": "2010-12-03", "Open": 682.5, "High": 687.059998, "Low": 678.5, "Close": 683.309998, "Adj Close": 683.309998, "Volume": 305210800.0, "CloseUSD": 833.6381975599999}