{"Index": "TWII", "Date": "2000-08-08", "Open": 7751.279785, "High": 7818.669922, "Low": 7670.279785, "Close": 7797.779785, "Adj Close": 7797.750977, "Volume": 0.0, "CloseUSD": 311.9111914}