{"Index": "GDAXI", "Date": "2005-03-30", "Open": 4325.970215, "High": 4347.52002, "Low": 4320.009766, "Close": 4347.52002, "Adj Close": 4347.52002, "Volume": 81672200.0, "CloseUSD": 5303.974424399999}