{"Index": "NYA", "Date": "2005-01-18", "Open": 7066.209961, "High": 7114.529785, "Low": 7036.700195, "Close": 7114.529785, "Adj Close": 7114.529785, "Volume": 1594700000.0, "CloseUSD": 7114.529785}