{"Index": "IXIC", "Date": "1992-08-28", "Open": 562.809998, "High": 563.900024, "Low": 562.309998, "Close": 563.559998, "Adj Close": 563.559998, "Volume": 127110000.0, "CloseUSD": 563.559998}