{"Index": "GSPTSE", "Date": "1993-03-30", "Open": 3600.100098, "High": 3600.100098, "Low": 3575.0, "Close": 3586.100098, "Adj Close": 3586.100098, "Volume": 66920000.0, "CloseUSD": 2976.46308134}