{"Index": "N225", "Date": "1974-12-18", "Open": 3916.620117, "High": 3916.620117, "Low": 3916.620117, "Close": 3916.620117, "Adj Close": 3916.620117, "Volume": 0.0, "CloseUSD": 39.16620117}