{"Index": "SSMI", "Date": "2007-12-04", "Open": 8699.599609, "High": 8702.400391, "Low": 8592.099609, "Close": 8645.0, "Adj Close": 8645.0, "Volume": 76429400.0, "CloseUSD": 9595.95}