{"Index": "J203.JO", "Date": "2020-09-11", "Open": 55953.96094, "High": 56276.94922, "Low": 55780.46094, "Close": 56087.83984, "Adj Close": 56087.83984, "Volume": 0.0, "CloseUSD": 3926.1487888000006}