{"Index": "N225", "Date": "2018-07-03", "Open": 21889.06055, "High": 21927.81055, "Low": 21574.56055, "Close": 21785.53906, "Adj Close": 21785.53906, "Volume": 76500000.0, "CloseUSD": 217.8553906}