{"Index": "N225", "Date": "2011-10-24", "Open": 8764.919922, "High": 8844.280273, "Low": 8762.019531, "Close": 8843.980469, "Adj Close": 8843.980469, "Volume": 97300000.0, "CloseUSD": 88.43980469}