{"Index": "NYA", "Date": "2000-02-22", "Open": 6239.77002, "High": 6239.77002, "Low": 6239.77002, "Close": 6239.77002, "Adj Close": 6239.77002, "Volume": 0.0, "CloseUSD": 6239.77002}