{"Index": "GDAXI", "Date": "2010-01-21", "Open": 5878.240234, "High": 5908.850098, "Low": 5742.450195, "Close": 5746.970215, "Adj Close": 5746.970215, "Volume": 138594400.0, "CloseUSD": 7011.3036623}