{"Index": "TWII", "Date": "2016-10-21", "Open": 9322.549805, "High": 9348.089844, "Low": 9292.530273, "Close": 9306.570313, "Adj Close": 9306.557617, "Volume": 1895600.0, "CloseUSD": 372.26281252}