{"Index": "IXIC", "Date": "2001-12-19", "Open": 1981.650024, "High": 2007.76001, "Low": 1971.069946, "Close": 1982.890015, "Adj Close": 1982.890015, "Volume": 1919850000.0, "CloseUSD": 1982.890015}