{"Index": "N225", "Date": "1985-12-20", "Open": 13011.08984, "High": 13011.08984, "Low": 13011.08984, "Close": 13011.08984, "Adj Close": 13011.08984, "Volume": 0.0, "CloseUSD": 130.1108984}