{"Index": "000001.SS", "Date": "2019-10-08", "Open": 2905.76001, "High": 2933.02002, "Low": 2905.76001, "Close": 2913.570068, "Adj Close": 2913.570068, "Volume": 125500.0, "CloseUSD": 466.17121088}