{"Index": "NYA", "Date": "1992-05-14", "Open": 2407.850098, "High": 2407.850098, "Low": 2407.850098, "Close": 2407.850098, "Adj Close": 2407.850098, "Volume": 0.0, "CloseUSD": 2407.850098}