{"Index": "HSI", "Date": "2014-06-30", "Open": 23273.18945, "High": 23346.23047, "Low": 22960.08008, "Close": 23190.7207, "Adj Close": 23190.7207, "Volume": 1476157900.0, "CloseUSD": 3014.7936910000003}