{"Index": "N225", "Date": "1993-08-06", "Open": 20379.74023, "High": 20379.74023, "Low": 20244.82031, "Close": 20357.93945, "Adj Close": 20357.93945, "Volume": 0.0, "CloseUSD": 203.57939450000003}