{"Index": "GDAXI", "Date": "1999-01-06", "Open": 5337.899902, "High": 5460.200195, "Low": 5312.47998, "Close": 5442.899902, "Adj Close": 5442.899902, "Volume": 0.0, "CloseUSD": 6640.33788044}