{"Index": "N225", "Date": "2021-06-03", "Open": 28890.39063, "High": 29157.16016, "Low": 28879.15039, "Close": 29058.10938, "Adj Close": 29058.10938, "Volume": 0.0, "CloseUSD": 290.5810938}