{"Index": "N225", "Date": "1980-07-23", "Open": 6837.470215, "High": 6837.470215, "Low": 6837.470215, "Close": 6837.470215, "Adj Close": 6837.470215, "Volume": 0.0, "CloseUSD": 68.37470215}