{"Index": "N100", "Date": "2009-08-05", "Open": 595.200012, "High": 600.219971, "Low": 590.090027, "Close": 592.099976, "Adj Close": 592.099976, "Volume": 323890500.0, "CloseUSD": 722.3619707199999}