{"Index": "N225", "Date": "2008-05-26", "Open": 13875.98047, "High": 13883.50977, "Low": 13670.91992, "Close": 13690.19043, "Adj Close": 13690.19043, "Volume": 117800000.0, "CloseUSD": 136.9019043}