{"Index": "NSEI", "Date": "2009-02-18", "Open": 2755.149902, "High": 2806.5, "Low": 2736.649902, "Close": 2776.149902, "Adj Close": 2776.149902, "Volume": 0.0, "CloseUSD": 27.76149902}