{"Index": "N225", "Date": "1997-02-25", "Open": 18854.46094, "High": 19097.82031, "Low": 18775.90039, "Close": 19070.07031, "Adj Close": 19070.07031, "Volume": 0.0, "CloseUSD": 190.7007031}