{"Index": "IXIC", "Date": "1974-08-12", "Open": 70.360001, "High": 70.360001, "Low": 70.360001, "Close": 70.360001, "Adj Close": 70.360001, "Volume": 0.0, "CloseUSD": 70.360001}