{"Index": "HSI", "Date": "2009-12-08", "Open": 22306.16992, "High": 22306.16992, "Low": 22055.01953, "Close": 22060.51953, "Adj Close": 22060.51953, "Volume": 1317624300.0, "CloseUSD": 2867.8675389000005}