{"Index": "N225", "Date": "1973-01-22", "Open": 5270.540039, "High": 5270.540039, "Low": 5270.540039, "Close": 5270.540039, "Adj Close": 5270.540039, "Volume": 0.0, "CloseUSD": 52.70540039000001}