{"Index": "J203.JO", "Date": "2018-11-27", "Open": 51690.12109, "High": 52053.85156, "Low": 51230.92969, "Close": 51353.98047, "Adj Close": 51353.98047, "Volume": 0.0, "CloseUSD": 3594.7786329000005}