{"Index": "NYA", "Date": "1975-09-05", "Open": 481.73999, "High": 481.73999, "Low": 481.73999, "Close": 481.73999, "Adj Close": 481.73999, "Volume": 0.0, "CloseUSD": 481.73999}