{"Index": "NYA", "Date": "1976-12-07", "Open": 588.219971, "High": 588.219971, "Low": 588.219971, "Close": 588.219971, "Adj Close": 588.219971, "Volume": 0.0, "CloseUSD": 588.219971}