{"Index": "SSMI", "Date": "2012-01-03", "Open": 6020.629883, "High": 6053.169922, "Low": 5998.109863, "Close": 6050.930176, "Adj Close": 6050.930176, "Volume": 48743800.0, "CloseUSD": 6716.53249536}