{"Index": "000001.SS", "Date": "2007-09-10", "Open": 5208.317871, "High": 5356.855957, "Low": 5169.904785, "Close": 5355.287109, "Adj Close": 5355.287109, "Volume": 102400.0, "CloseUSD": 856.84593744}