{"Index": "TWII", "Date": "2016-07-15", "Open": 8857.150391, "High": 8949.849609, "Low": 8857.150391, "Close": 8949.849609, "Adj Close": 8949.835938, "Volume": 2268200.0, "CloseUSD": 357.99398436}