{"Index": "N225", "Date": "1975-10-30", "Open": 4322.330078, "High": 4322.330078, "Low": 4322.330078, "Close": 4322.330078, "Adj Close": 4322.330078, "Volume": 0.0, "CloseUSD": 43.22330078}