{"Index": "N100", "Date": "2004-09-17", "Open": 631.650024, "High": 639.159973, "Low": 631.580017, "Close": 637.690002, "Adj Close": 637.690002, "Volume": 0.0, "CloseUSD": 777.98180244}