{"Index": "SSMI", "Date": "1998-06-08", "Open": 7699.100098, "High": 7792.600098, "Low": 7699.100098, "Close": 7743.399902, "Adj Close": 7743.399902, "Volume": 0.0, "CloseUSD": 8595.173891220002}