{"Index": "000001.SS", "Date": "2009-08-26", "Open": 2889.735107, "High": 2995.802979, "Low": 2872.263916, "Close": 2967.594971, "Adj Close": 2967.594971, "Volume": 130400.0, "CloseUSD": 474.81519536}