{"Index": "GDAXI", "Date": "1988-10-28", "Open": 1314.709961, "High": 1314.709961, "Low": 1314.709961, "Close": 1314.709961, "Adj Close": 1314.709961, "Volume": 0.0, "CloseUSD": 1603.94615242}