{"Index": "N225", "Date": "1989-12-07", "Open": 37656.14844, "High": 37858.10938, "Low": 37549.53125, "Close": 37858.10938, "Adj Close": 37858.10938, "Volume": 0.0, "CloseUSD": 378.5810938}