{"Index": "N100", "Date": "2014-01-16", "Open": 818.210022, "High": 818.52002, "Low": 815.27002, "Close": 816.23999, "Adj Close": 816.23999, "Volume": 242293500.0, "CloseUSD": 995.8127878}