{"Index": "399001.SZ", "Date": "2002-03-13", "Open": 3284.22998, "High": 3348.639893, "Low": 3263.689941, "Close": 3267.929932, "Adj Close": 3267.893311, "Volume": 0.0, "CloseUSD": 522.86878912}