{"Index": "N225", "Date": "1976-01-21", "Open": 4617.399902, "High": 4617.399902, "Low": 4617.399902, "Close": 4617.399902, "Adj Close": 4617.399902, "Volume": 0.0, "CloseUSD": 46.17399902}