{"Index": "399001.SZ", "Date": "2004-04-15", "Open": 3921.209961, "High": 3956.090088, "Low": 3895.77002, "Close": 3903.610107, "Adj Close": 3903.566406, "Volume": 17500.0, "CloseUSD": 624.57761712}