{"Index": "IXIC", "Date": "2011-05-13", "Open": 2859.699951, "High": 2861.51001, "Low": 2827.51001, "Close": 2828.469971, "Adj Close": 2828.469971, "Volume": 1917050000.0, "CloseUSD": 2828.469971}