{"Index": "N225", "Date": "1990-04-02", "Open": 29979.96094, "High": 29979.96094, "Low": 28002.07031, "Close": 28002.07031, "Adj Close": 28002.07031, "Volume": 0.0, "CloseUSD": 280.0207031}