{"Index": "TWII", "Date": "2010-01-08", "Open": 8266.870117, "High": 8290.660156, "Low": 8178.930176, "Close": 8280.900391, "Adj Close": 8280.868164, "Volume": 5764400.0, "CloseUSD": 331.23601563999995}