{"Index": "NYA", "Date": "1996-11-13", "Open": 4091.080078, "High": 4091.080078, "Low": 4091.080078, "Close": 4091.080078, "Adj Close": 4091.080078, "Volume": 0.0, "CloseUSD": 4091.080078}