{"Index": "SSMI", "Date": "2014-09-09", "Open": 8824.230469, "High": 8847.219727, "Low": 8821.040039, "Close": 8825.599609, "Adj Close": 8825.599609, "Volume": 40308500.0, "CloseUSD": 9796.415565990004}