{"Index": "399001.SZ", "Date": "2003-05-16", "Open": 3399.030029, "High": 3433.02002, "Low": 3393.100098, "Close": 3414.129883, "Adj Close": 3414.091553, "Volume": 0.0, "CloseUSD": 546.2607812800001}