{"Index": "NYA", "Date": "1989-04-17", "Open": 1787.48999, "High": 1787.48999, "Low": 1787.48999, "Close": 1787.48999, "Adj Close": 1787.48999, "Volume": 0.0, "CloseUSD": 1787.48999}