{"Index": "N225", "Date": "1998-06-12", "Open": 14978.32031, "High": 15060.69043, "Low": 14784.51953, "Close": 15022.33008, "Adj Close": 15022.33008, "Volume": 0.0, "CloseUSD": 150.2233008}