{"Index": "HSI", "Date": "2011-07-29", "Open": 22544.50977, "High": 22623.00977, "Low": 22323.16016, "Close": 22440.25, "Adj Close": 22440.25, "Volume": 1287597300.0, "CloseUSD": 2917.2325}