{"Index": "NYA", "Date": "1965-12-31", "Open": 528.690002, "High": 528.690002, "Low": 528.690002, "Close": 528.690002, "Adj Close": 528.690002, "Volume": 0.0, "CloseUSD": 528.690002}