{"Index": "GDAXI", "Date": "1994-09-15", "Open": 2120.909912, "High": 2130.5, "Low": 2115.290039, "Close": 2129.360107, "Adj Close": 2129.360107, "Volume": 0.0, "CloseUSD": 2597.81933054}