{"Index": "399001.SZ", "Date": "2014-12-31", "Open": 10723.08984, "High": 11037.61035, "Low": 10711.33008, "Close": 11014.62012, "Adj Close": 11014.49707, "Volume": 332600.0, "CloseUSD": 1762.3392192}