{"Index": "NSEI", "Date": "2014-09-10", "Open": 8135.549805, "High": 8135.75, "Low": 8082.100098, "Close": 8094.100098, "Adj Close": 8094.100098, "Volume": 107100.0, "CloseUSD": 80.94100098}