{"Index": "SSMI", "Date": "2000-06-22", "Open": 7771.600098, "High": 7786.299805, "Low": 7663.299805, "Close": 7664.399902, "Adj Close": 7664.399902, "Volume": 0.0, "CloseUSD": 8507.483891220001}