{"Index": "NYA", "Date": "1984-11-29", "Open": 999.530029, "High": 999.530029, "Low": 999.530029, "Close": 999.530029, "Adj Close": 999.530029, "Volume": 0.0, "CloseUSD": 999.530029}