{"Index": "NSEI", "Date": "2018-04-09", "Open": 10333.7002, "High": 10397.7002, "Low": 10328.5, "Close": 10379.34961, "Adj Close": 10379.34961, "Volume": 221600.0, "CloseUSD": 103.7934961}