{"Index": "NYA", "Date": "1997-06-02", "Open": 4668.72998, "High": 4668.72998, "Low": 4668.72998, "Close": 4668.72998, "Adj Close": 4668.72998, "Volume": 0.0, "CloseUSD": 4668.72998}