{"Index": "GSPTSE", "Date": "2021-01-29", "Open": 17615.80078, "High": 17615.80078, "Low": 17297.80078, "Close": 17337.0, "Adj Close": 17337.0, "Volume": 30430930000.0, "CloseUSD": 14389.71}