{"Index": "NYA", "Date": "1993-02-10", "Open": 2600.399902, "High": 2600.399902, "Low": 2600.399902, "Close": 2600.399902, "Adj Close": 2600.399902, "Volume": 0.0, "CloseUSD": 2600.399902}