{"Index": "GSPTSE", "Date": "1996-10-23", "Open": 5524.200195, "High": 5576.200195, "Low": 5523.5, "Close": 5576.200195, "Adj Close": 5576.200195, "Volume": 105440000.0, "CloseUSD": 4628.24616185}