{"Index": "GDAXI", "Date": "2006-03-02", "Open": 5862.359863, "High": 5885.72998, "Low": 5749.060059, "Close": 5783.490234, "Adj Close": 5783.490234, "Volume": 151466500.0, "CloseUSD": 7055.858085479999}