{"Index": "J203.JO", "Date": "2015-06-05", "Open": 51323.67969, "High": 51756.55859, "Low": 51126.28125, "Close": 51694.25, "Adj Close": 51694.25, "Volume": 0.0, "CloseUSD": 3618.5975}