{"Index": "000001.SS", "Date": "2020-03-25", "Open": 2775.302979, "High": 2788.63501, "Low": 2757.802002, "Close": 2781.591064, "Adj Close": 2781.591064, "Volume": 273100.0, "CloseUSD": 445.05457024}