{"Index": "IXIC", "Date": "1979-11-21", "Open": 138.880005, "High": 138.880005, "Low": 138.880005, "Close": 138.880005, "Adj Close": 138.880005, "Volume": 0.0, "CloseUSD": 138.880005}