{"Index": "GSPTSE", "Date": "1997-08-26", "Open": 6728.899902, "High": 6742.799805, "Low": 6696.0, "Close": 6697.899902, "Adj Close": 6697.899902, "Volume": 5033830000.0, "CloseUSD": 5559.256918659999}