{"Index": "IXIC", "Date": "2010-01-29", "Open": 2198.26001, "High": 2202.840088, "Low": 2140.340088, "Close": 2147.350098, "Adj Close": 2147.350098, "Volume": 3090580000.0, "CloseUSD": 2147.350098}