{"Index": "NYA", "Date": "2006-10-11", "Open": 8563.610352, "High": 8569.269531, "Low": 8508.94043, "Close": 8540.639648, "Adj Close": 8540.639648, "Volume": 2521000000.0, "CloseUSD": 8540.639648}