{"Index": "GDAXI", "Date": "2010-03-15", "Open": 5933.629883, "High": 5953.189941, "Low": 5898.220215, "Close": 5903.560059, "Adj Close": 5903.560059, "Volume": 85800100.0, "CloseUSD": 7202.34327198}