{"Index": "399001.SZ", "Date": "2016-06-15", "Open": 9790.879883, "High": 10215.61035, "Low": 9779.110352, "Close": 10173.84961, "Adj Close": 10173.73535, "Volume": 1080800.0, "CloseUSD": 1627.8159376}