{"Index": "N225", "Date": "1985-09-03", "Open": 12630.95996, "High": 12630.95996, "Low": 12630.95996, "Close": 12630.95996, "Adj Close": 12630.95996, "Volume": 0.0, "CloseUSD": 126.3095996}