{"Index": "GSPTSE", "Date": "1988-01-13", "Open": 3123.100098, "High": 3145.800049, "Low": 3112.399902, "Close": 3135.899902, "Adj Close": 3127.936279, "Volume": 17430000.0, "CloseUSD": 2602.79691866}