{"Index": "IXIC", "Date": "2019-06-05", "Open": 7585.680176, "High": 7589.470215, "Low": 7498.169922, "Close": 7575.47998, "Adj Close": 7575.47998, "Volume": 2115570000.0, "CloseUSD": 7575.47998}