{"Index": "NYA", "Date": "1978-03-17", "Open": 531.330017, "High": 531.330017, "Low": 531.330017, "Close": 531.330017, "Adj Close": 531.330017, "Volume": 0.0, "CloseUSD": 531.330017}