{"Index": "NSEI", "Date": "2009-05-22", "Open": 4211.850098, "High": 4249.5, "Low": 4155.850098, "Close": 4238.5, "Adj Close": 4238.5, "Volume": 0.0, "CloseUSD": 42.385}