{"Index": "GSPTSE", "Date": "1999-07-13", "Open": 7142.399902, "High": 7149.299805, "Low": 7129.100098, "Close": 7139.0, "Adj Close": 7139.0, "Volume": 5968870000.0, "CloseUSD": 5925.37}