{"Index": "IXIC", "Date": "1977-08-26", "Open": 99.889999, "High": 99.889999, "Low": 99.889999, "Close": 99.889999, "Adj Close": 99.889999, "Volume": 0.0, "CloseUSD": 99.889999}