{"Index": "IXIC", "Date": "1986-12-19", "Open": 351.600006, "High": 352.200012, "Low": 351.0, "Close": 352.200012, "Adj Close": 352.200012, "Volume": 129000000.0, "CloseUSD": 352.200012}