{"Index": "GSPTSE", "Date": "2010-07-16", "Open": 11690.2002, "High": 11741.79981, "Low": 11503.79981, "Close": 11569.7002, "Adj Close": 11569.7002, "Volume": 18675920000.0, "CloseUSD": 9602.851166}