{"Index": "GDAXI", "Date": "2008-03-18", "Open": 6237.629883, "High": 6417.950195, "Low": 6237.629883, "Close": 6393.390137, "Adj Close": 6393.390137, "Volume": 201172900.0, "CloseUSD": 7799.93596714}