{"Index": "SSMI", "Date": "2018-10-24", "Open": 8794.900391, "High": 8858.669922, "Low": 8724.610352, "Close": 8724.610352, "Adj Close": 8724.610352, "Volume": 63249000.0, "CloseUSD": 9684.31749072}