{"Index": "IXIC", "Date": "2010-04-01", "Open": 2411.679932, "High": 2423.429932, "Low": 2383.77002, "Close": 2402.580078, "Adj Close": 2402.580078, "Volume": 2340270000.0, "CloseUSD": 2402.580078}