{"Index": "J203.JO", "Date": "2016-01-07", "Open": 49082.28906, "High": 49082.28906, "Low": 47637.5, "Close": 48052.78125, "Adj Close": 48052.78125, "Volume": 0.0, "CloseUSD": 3363.6946875000003}