{"Index": "SSMI", "Date": "2015-06-22", "Open": 8956.919922, "High": 9035.429688, "Low": 8945.69043, "Close": 9021.370117, "Adj Close": 9021.370117, "Volume": 49556100.0, "CloseUSD": 10013.72082987}