{"Index": "N225", "Date": "1996-03-13", "Open": 19932.0293, "High": 19932.0293, "Low": 19627.57031, "Close": 19734.69922, "Adj Close": 19734.69922, "Volume": 0.0, "CloseUSD": 197.3469922}