{"Index": "SSMI", "Date": "1991-10-25", "Open": 1709.800049, "High": 1709.800049, "Low": 1686.900024, "Close": 1688.599976, "Adj Close": 1688.599976, "Volume": 0.0, "CloseUSD": 1874.34597336}