{"Index": "SSMI", "Date": "2002-02-12", "Open": 6305.5, "High": 6319.799805, "Low": 6229.0, "Close": 6253.299805, "Adj Close": 6253.299805, "Volume": 0.0, "CloseUSD": 6941.16278355}