{"Index": "000001.SS", "Date": "1999-07-14", "Open": 1526.977051, "High": 1559.662964, "Low": 1526.219971, "Close": 1559.52002, "Adj Close": 1559.52002, "Volume": 0.0, "CloseUSD": 249.5232032}