{"Index": "NYA", "Date": "2007-02-20", "Open": 9433.419922, "High": 9458.469727, "Low": 9389.30957, "Close": 9453.929688, "Adj Close": 9453.929688, "Volume": 2337860000.0, "CloseUSD": 9453.929688}