{"Index": "GSPTSE", "Date": "1995-01-18", "Open": 4154.700195, "High": 4170.799805, "Low": 4149.0, "Close": 4170.799805, "Adj Close": 4170.799805, "Volume": 59780000.0, "CloseUSD": 3461.76383815}