{"Index": "IXIC", "Date": "2016-04-01", "Open": 4842.549805, "High": 4917.089844, "Low": 4832.060059, "Close": 4914.540039, "Adj Close": 4914.540039, "Volume": 1812250000.0, "CloseUSD": 4914.540039}