{"Index": "N225", "Date": "1992-01-09", "Open": 22736.84961, "High": 23114.53906, "Low": 22544.33984, "Close": 23113.64063, "Adj Close": 23113.64063, "Volume": 0.0, "CloseUSD": 231.13640630000003}