{"Index": "GSPTSE", "Date": "1997-04-23", "Open": 5868.100098, "High": 5881.700195, "Low": 5860.100098, "Close": 5874.100098, "Adj Close": 5874.100098, "Volume": 6471280000.0, "CloseUSD": 4875.50308134}