{"Index": "IXIC", "Date": "1992-05-12", "Open": 586.719971, "High": 588.409973, "Low": 582.530029, "Close": 583.960022, "Adj Close": 583.960022, "Volume": 162340000.0, "CloseUSD": 583.960022}