{"Index": "GSPTSE", "Date": "2003-04-11", "Open": 6430.799805, "High": 6446.5, "Low": 6418.5, "Close": 6432.100098, "Adj Close": 6432.100098, "Volume": 9033170000.0, "CloseUSD": 5338.643081339999}