{"Index": "N225", "Date": "2018-09-10", "Open": 22253.65039, "High": 22396.88086, "Low": 22249.60938, "Close": 22373.08984, "Adj Close": 22373.08984, "Volume": 55700000.0, "CloseUSD": 223.7308984}