{"Index": "SSMI", "Date": "2010-08-18", "Open": 6349.22998, "High": 6377.339844, "Low": 6330.319824, "Close": 6362.879883, "Adj Close": 6362.879883, "Volume": 37320200.0, "CloseUSD": 7062.79667013}