{"Index": "GDAXI", "Date": "2020-11-16", "Open": 13170.51953, "High": 13277.4502, "Low": 13081.11035, "Close": 13138.61035, "Adj Close": 13138.61035, "Volume": 85190200.0, "CloseUSD": 16029.104627}