{"Index": "N225", "Date": "1986-12-08", "Open": 18710.67969, "High": 18710.67969, "Low": 18710.67969, "Close": 18710.67969, "Adj Close": 18710.67969, "Volume": 0.0, "CloseUSD": 187.1067969}