{"Index": "IXIC", "Date": "1991-01-08", "Open": 359.100006, "High": 360.5, "Low": 358.200012, "Close": 359.0, "Adj Close": 359.0, "Volume": 111730000.0, "CloseUSD": 359.0}