{"Index": "SSMI", "Date": "2012-07-02", "Open": 6082.810059, "High": 6114.009766, "Low": 6078.72998, "Close": 6109.410156, "Adj Close": 6109.410156, "Volume": 34322700.0, "CloseUSD": 6781.44527316}