{"Index": "NYA", "Date": "2010-07-27", "Open": 7046.060059, "High": 7092.549805, "Low": 7015.080078, "Close": 7044.990234, "Adj Close": 7044.990234, "Volume": 4725690000.0, "CloseUSD": 7044.990234}