{"Index": "NYA", "Date": "1968-04-18", "Open": 571.619995, "High": 571.619995, "Low": 571.619995, "Close": 571.619995, "Adj Close": 571.619995, "Volume": 0.0, "CloseUSD": 571.619995}