{"Index": "NYA", "Date": "1997-01-14", "Open": 4283.100098, "High": 4283.100098, "Low": 4283.100098, "Close": 4283.100098, "Adj Close": 4283.100098, "Volume": 0.0, "CloseUSD": 4283.100098}