{"Index": "J203.JO", "Date": "2013-08-22", "Open": 42762.37109, "High": 43014.44141, "Low": 42678.80859, "Close": 43014.44141, "Adj Close": 43014.44141, "Volume": 0.0, "CloseUSD": 3011.0108987000003}