{"Index": "N225", "Date": "2006-11-21", "Open": 15766.42969, "High": 15817.73047, "Low": 15696.21973, "Close": 15734.13965, "Adj Close": 15734.13965, "Volume": 100100000.0, "CloseUSD": 157.3413965}