{"Index": "NYA", "Date": "1998-05-27", "Open": 5962.839844, "High": 5962.839844, "Low": 5962.839844, "Close": 5962.839844, "Adj Close": 5962.839844, "Volume": 0.0, "CloseUSD": 5962.839844}