{"Index": "NYA", "Date": "2008-05-07", "Open": 9510.969727, "High": 9510.969727, "Low": 9333.070313, "Close": 9339.469727, "Adj Close": 9339.469727, "Volume": 4075860000.0, "CloseUSD": 9339.469727}