{"Index": "IXIC", "Date": "2007-01-09", "Open": 2443.26001, "High": 2449.870117, "Low": 2423.560059, "Close": 2443.830078, "Adj Close": 2443.830078, "Volume": 2144160000.0, "CloseUSD": 2443.830078}