{"Index": "N225", "Date": "2012-07-02", "Open": 9103.790039, "High": 9103.790039, "Low": 9003.480469, "Close": 9003.480469, "Adj Close": 9003.480469, "Volume": 99700000.0, "CloseUSD": 90.03480469}