{"Index": "J203.JO", "Date": "2018-01-08", "Open": 59717.19922, "High": 60082.44141, "Low": 59604.10156, "Close": 60038.39063, "Adj Close": 60038.39063, "Volume": 0.0, "CloseUSD": 4202.687344100001}