{"Index": "GDAXI", "Date": "2005-03-24", "Open": 4325.240234, "High": 4347.720215, "Low": 4315.72998, "Close": 4343.600098, "Adj Close": 4343.600098, "Volume": 84682600.0, "CloseUSD": 5299.19211956}