{"Index": "N225", "Date": "1984-12-17", "Open": 11455.66992, "High": 11455.66992, "Low": 11455.66992, "Close": 11455.66992, "Adj Close": 11455.66992, "Volume": 0.0, "CloseUSD": 114.5566992}