{"Index": "HSI", "Date": "2001-03-07", "Open": 14369.5, "High": 14432.21973, "Low": 14141.41016, "Close": 14177.36035, "Adj Close": 14177.36035, "Volume": 0.0, "CloseUSD": 1843.0568455}