{"Index": "NYA", "Date": "1985-09-09", "Open": 1153.810059, "High": 1153.810059, "Low": 1153.810059, "Close": 1153.810059, "Adj Close": 1153.810059, "Volume": 0.0, "CloseUSD": 1153.810059}