{"Index": "N225", "Date": "2009-05-14", "Open": 9212.299805, "High": 9223.769531, "Low": 9052.410156, "Close": 9093.730469, "Adj Close": 9093.730469, "Volume": 169300000.0, "CloseUSD": 90.93730469}