{"Index": "SSMI", "Date": "2020-04-16", "Open": 9416.200195, "High": 9474.799805, "Low": 9381.200195, "Close": 9439.910156, "Adj Close": 9439.910156, "Volume": 89572200.0, "CloseUSD": 10478.30027316}