{"Index": "NYA", "Date": "1967-11-16", "Open": 542.429993, "High": 542.429993, "Low": 542.429993, "Close": 542.429993, "Adj Close": 542.429993, "Volume": 0.0, "CloseUSD": 542.429993}