{"Index": "GSPTSE", "Date": "1998-04-27", "Open": 7569.799805, "High": 7569.799805, "Low": 7514.100098, "Close": 7564.799805, "Adj Close": 7564.799805, "Volume": 5057670000.0, "CloseUSD": 6278.78383815}