{"Index": "NSEI", "Date": "2014-11-12", "Open": 8378.900391, "High": 8415.049805, "Low": 8370.5, "Close": 8383.299805, "Adj Close": 8383.299805, "Volume": 125200.0, "CloseUSD": 83.83299805}