{"Index": "399001.SZ", "Date": "1997-11-20", "Open": 4514.629883, "High": 4536.450195, "Low": 4444.109863, "Close": 4459.919922, "Adj Close": 4459.870117, "Volume": 0.0, "CloseUSD": 713.58718752}