{"Index": "N225", "Date": "1984-06-26", "Open": 10245.08008, "High": 10245.08008, "Low": 10245.08008, "Close": 10245.08008, "Adj Close": 10245.08008, "Volume": 0.0, "CloseUSD": 102.4508008}