{"Index": "GDAXI", "Date": "1990-12-07", "Open": 1510.97998, "High": 1510.97998, "Low": 1510.97998, "Close": 1510.97998, "Adj Close": 1510.97998, "Volume": 0.0, "CloseUSD": 1843.3955756}