{"Index": "NYA", "Date": "1996-05-29", "Open": 3790.050049, "High": 3790.050049, "Low": 3790.050049, "Close": 3790.050049, "Adj Close": 3790.050049, "Volume": 0.0, "CloseUSD": 3790.050049}