{"Index": "SSMI", "Date": "1996-09-23", "Open": 3691.100098, "High": 3691.100098, "Low": 3631.899902, "Close": 3635.5, "Adj Close": 3635.5, "Volume": 0.0, "CloseUSD": 4035.405}