{"Index": "N225", "Date": "1966-08-03", "Open": 1490.790039, "High": 1490.790039, "Low": 1490.790039, "Close": 1490.790039, "Adj Close": 1490.790039, "Volume": 0.0, "CloseUSD": 14.90790039}