{"Index": "GSPTSE", "Date": "2008-01-25", "Open": 13171.29981, "High": 13171.29981, "Low": 12837.90039, "Close": 12894.79981, "Adj Close": 12894.79981, "Volume": 28108740000.0, "CloseUSD": 10702.6838423}