{"Index": "N100", "Date": "2012-10-09", "Open": 656.030029, "High": 656.309998, "Low": 648.419983, "Close": 649.320007, "Adj Close": 649.320007, "Volume": 255383600.0, "CloseUSD": 792.17040854}