{"Index": "N225", "Date": "1980-04-21", "Open": 6810.669922, "High": 6810.669922, "Low": 6810.669922, "Close": 6810.669922, "Adj Close": 6810.669922, "Volume": 0.0, "CloseUSD": 68.10669922}