{"Index": "SSMI", "Date": "2012-09-04", "Open": 6438.75, "High": 6439.169922, "Low": 6355.830078, "Close": 6362.819824, "Adj Close": 6362.819824, "Volume": 29280100.0, "CloseUSD": 7062.7300046400005}