{"Index": "GSPTSE", "Date": "1987-02-11", "Open": 3463.800049, "High": 3485.699951, "Low": 3460.300049, "Close": 3485.699951, "Adj Close": 3476.8479, "Volume": 27790000.0, "CloseUSD": 2893.13095933}