{"Index": "GDAXI", "Date": "2012-02-27", "Open": 6817.459961, "High": 6868.580078, "Low": 6743.649902, "Close": 6849.600098, "Adj Close": 6849.600098, "Volume": 168648200.0, "CloseUSD": 8356.51211956}