{"Index": "N225", "Date": "1993-11-29", "Open": 16688.57031, "High": 16688.57031, "Low": 15671.96973, "Close": 16078.70996, "Adj Close": 16078.70996, "Volume": 0.0, "CloseUSD": 160.7870996}