{"Index": "N225", "Date": "2006-06-30", "Open": 15333.09961, "High": 15521.21973, "Low": 15333.09961, "Close": 15505.17969, "Adj Close": 15505.17969, "Volume": 108900000.0, "CloseUSD": 155.0517969}