{"Index": "HSI", "Date": "1993-08-25", "Open": 7326.399902, "High": 7370.399902, "Low": 7265.600098, "Close": 7265.600098, "Adj Close": 7265.600098, "Volume": 0.0, "CloseUSD": 944.52801274}