{"Index": "TWII", "Date": "2017-08-09", "Open": 10523.50977, "High": 10536.19043, "Low": 10457.51953, "Close": 10470.37988, "Adj Close": 10470.37988, "Volume": 2590000.0, "CloseUSD": 418.8151952}