{"Index": "SSMI", "Date": "1996-07-25", "Open": 3485.399902, "High": 3539.800049, "Low": 3485.399902, "Close": 3537.399902, "Adj Close": 3537.399902, "Volume": 0.0, "CloseUSD": 3926.513891220001}