{"Index": "GDAXI", "Date": "2009-06-16", "Open": 4899.810059, "High": 4933.790039, "Low": 4870.200195, "Close": 4890.720215, "Adj Close": 4890.720215, "Volume": 86782300.0, "CloseUSD": 5966.6786623}