{"Index": "GDAXI", "Date": "2003-04-08", "Open": 2798.73999, "High": 2809.169922, "Low": 2740.610107, "Close": 2767.790039, "Adj Close": 2767.790039, "Volume": 106660300.0, "CloseUSD": 3376.70384758}