{"Index": "IXIC", "Date": "2008-09-26", "Open": 2144.060059, "High": 2187.530029, "Low": 2136.850098, "Close": 2183.340088, "Adj Close": 2183.340088, "Volume": 1949200000.0, "CloseUSD": 2183.340088}