{"Index": "GDAXI", "Date": "2019-03-12", "Open": 11612.45996, "High": 11618.73047, "Low": 11499.46973, "Close": 11524.16992, "Adj Close": 11524.16992, "Volume": 87365300.0, "CloseUSD": 14059.4873024}