{"Index": "GSPTSE", "Date": "1992-05-13", "Open": 3420.399902, "High": 3420.399902, "Low": 3404.199951, "Close": 3404.199951, "Adj Close": 3404.199951, "Volume": 31000000.0, "CloseUSD": 2825.48595933}