{"Index": "HSI", "Date": "2005-05-23", "Open": 13730.08984, "High": 13730.08984, "Low": 13632.23047, "Close": 13699.12988, "Adj Close": 13699.12988, "Volume": 163988800.0, "CloseUSD": 1780.8868844}