{"Index": "N225", "Date": "1989-11-15", "Open": 35806.17188, "High": 35976.78125, "Low": 35805.39063, "Close": 35852.23047, "Adj Close": 35852.23047, "Volume": 0.0, "CloseUSD": 358.5223047}