{"Index": "HSI", "Date": "1996-01-23", "Open": 10963.09961, "High": 10988.7002, "Low": 10857.2002, "Close": 10957.2002, "Adj Close": 10957.2002, "Volume": 0.0, "CloseUSD": 1424.436026}