{"Index": "HSI", "Date": "2004-05-18", "Open": 11033.41992, "High": 11132.69043, "Low": 10981.29004, "Close": 11072.38965, "Adj Close": 11072.38965, "Volume": 364107200.0, "CloseUSD": 1439.4106545}