{"Index": "399001.SZ", "Date": "2018-08-03", "Open": 8767.55957, "High": 8807.950195, "Low": 8602.120117, "Close": 8602.120117, "Adj Close": 8602.085938, "Volume": 67200.0, "CloseUSD": 1376.3392187200002}