{"Index": "TWII", "Date": "2009-10-09", "Open": 7572.790039, "High": 7597.790039, "Low": 7506.77002, "Close": 7571.959961, "Adj Close": 7571.931152, "Volume": 4741200.0, "CloseUSD": 302.87839844}