{"Index": "HSI", "Date": "2018-09-27", "Open": 27912.50977, "High": 27928.28906, "Low": 27638.53906, "Close": 27715.66992, "Adj Close": 27715.66992, "Volume": 1440548100.0, "CloseUSD": 3603.0370896}