{"Index": "N225", "Date": "1989-09-11", "Open": 34128.80859, "High": 34165.17188, "Low": 33955.14063, "Close": 34113.66016, "Adj Close": 34113.66016, "Volume": 0.0, "CloseUSD": 341.1366016}