{"Index": "NYA", "Date": "2004-07-09", "Open": 6473.569824, "High": 6503.759766, "Low": 6473.569824, "Close": 6500.399902, "Adj Close": 6500.399902, "Volume": 1186300000.0, "CloseUSD": 6500.399902}