{"Index": "TWII", "Date": "2003-02-20", "Open": 4555.649902, "High": 4606.75, "Low": 4520.759766, "Close": 4550.700195, "Adj Close": 4550.683105, "Volume": 3366200.0, "CloseUSD": 182.0280078}