{"Index": "399001.SZ", "Date": "2016-06-07", "Open": 10365.80957, "High": 10371.87012, "Low": 10297.41992, "Close": 10347.83984, "Adj Close": 10347.72363, "Volume": 919000.0, "CloseUSD": 1655.6543744}