{"Index": "N100", "Date": "2005-02-01", "Open": 676.090027, "High": 681.289978, "Low": 675.25, "Close": 681.289978, "Adj Close": 681.289978, "Volume": 0.0, "CloseUSD": 831.17377316}