{"Index": "NSEI", "Date": "2008-09-09", "Open": 4485.149902, "High": 4497.5, "Low": 4418.950195, "Close": 4468.700195, "Adj Close": 4468.700195, "Volume": 0.0, "CloseUSD": 44.68700195}