{"Index": "NYA", "Date": "2015-06-02", "Open": 11057.13965, "High": 11117.59961, "Low": 11027.80957, "Close": 11080.88965, "Adj Close": 11080.88965, "Volume": 3049350000.0, "CloseUSD": 11080.88965}