{"Index": "GDAXI", "Date": "2020-06-19", "Open": 12375.17969, "High": 12447.15039, "Low": 12319.19043, "Close": 12330.75977, "Adj Close": 12330.75977, "Volume": 227975200.0, "CloseUSD": 15043.5269194}