{"Index": "GSPTSE", "Date": "1980-03-25", "Open": 1830.800049, "High": 1835.699951, "Low": 1811.599976, "Close": 1819.800049, "Adj Close": 1815.178711, "Volume": 0.0, "CloseUSD": 1510.4340406699998}