{"Index": "GDAXI", "Date": "1993-10-29", "Open": 2064.97998, "High": 2064.97998, "Low": 2064.97998, "Close": 2064.97998, "Adj Close": 2064.97998, "Volume": 0.0, "CloseUSD": 2519.2755756}