{"Index": "N225", "Date": "2020-09-15", "Open": 23438.83008, "High": 23477.85938, "Low": 23351.34961, "Close": 23454.89063, "Adj Close": 23454.89063, "Volume": 61800000.0, "CloseUSD": 234.54890630000003}