{"Index": "GSPTSE", "Date": "1997-10-21", "Open": 7104.100098, "High": 7137.299805, "Low": 7086.799805, "Close": 7137.299805, "Adj Close": 7137.299805, "Volume": 6499030000.0, "CloseUSD": 5923.95883815}