{"Index": "N225", "Date": "1968-10-16", "Open": 1700.47998, "High": 1700.47998, "Low": 1700.47998, "Close": 1700.47998, "Adj Close": 1700.47998, "Volume": 0.0, "CloseUSD": 17.0047998}