{"Index": "NYA", "Date": "1982-03-30", "Open": 683.590027, "High": 683.590027, "Low": 683.590027, "Close": 683.590027, "Adj Close": 683.590027, "Volume": 0.0, "CloseUSD": 683.590027}