{"Index": "HSI", "Date": "2019-05-29", "Open": 27226.94922, "High": 27429.36914, "Low": 27178.71094, "Close": 27235.71094, "Adj Close": 27235.71094, "Volume": 2236869000.0, "CloseUSD": 3540.6424222}