{"Index": "NYA", "Date": "1993-10-13", "Open": 2714.810059, "High": 2714.810059, "Low": 2714.810059, "Close": 2714.810059, "Adj Close": 2714.810059, "Volume": 0.0, "CloseUSD": 2714.810059}