{"Index": "TWII", "Date": "1998-03-19", "Open": 8994.049805, "High": 8994.049805, "Low": 8837.290039, "Close": 8859.410156, "Adj Close": 8859.37793, "Volume": 0.0, "CloseUSD": 354.37640624}