{"Index": "GDAXI", "Date": "2010-08-10", "Open": 6315.870117, "High": 6333.25, "Low": 6247.620117, "Close": 6286.25, "Adj Close": 6286.25, "Volume": 83815500.0, "CloseUSD": 7669.224999999999}