{"Index": "N225", "Date": "1997-08-07", "Open": 19719.07031, "High": 19772.17969, "Low": 19366.14063, "Close": 19475.84961, "Adj Close": 19475.84961, "Volume": 0.0, "CloseUSD": 194.7584961}