{"Index": "IXIC", "Date": "1996-09-04", "Open": 1143.640015, "High": 1145.810059, "Low": 1140.540039, "Close": 1143.819946, "Adj Close": 1143.819946, "Volume": 439820000.0, "CloseUSD": 1143.819946}