{"Index": "NYA", "Date": "2001-08-15", "Open": 6406.620117, "High": 6406.620117, "Low": 6406.620117, "Close": 6406.620117, "Adj Close": 6406.620117, "Volume": 1065600000.0, "CloseUSD": 6406.620117}