{"Index": "000001.SS", "Date": "2017-05-25", "Open": 3055.343018, "High": 3114.657959, "Low": 3052.831055, "Close": 3107.831055, "Adj Close": 3107.831055, "Volume": 191400.0, "CloseUSD": 497.2529688}