{"Index": "000001.SS", "Date": "1997-09-24", "Open": 1064.661011, "High": 1110.107056, "Low": 1064.661011, "Close": 1110.011963, "Adj Close": 1110.011963, "Volume": 0.0, "CloseUSD": 177.60191408}