{"Index": "N225", "Date": "2001-06-26", "Open": 12856.15039, "High": 13026.79981, "Low": 12837.79981, "Close": 12978.82031, "Adj Close": 12978.82031, "Volume": 0.0, "CloseUSD": 129.7882031}