{"Index": "IXIC", "Date": "1978-06-23", "Open": 120.739998, "High": 120.739998, "Low": 120.739998, "Close": 120.739998, "Adj Close": 120.739998, "Volume": 0.0, "CloseUSD": 120.739998}