{"Index": "N225", "Date": "2021-02-24", "Open": 30020.10938, "High": 30089.58984, "Low": 29671.69922, "Close": 29671.69922, "Adj Close": 29671.69922, "Volume": 79300000.0, "CloseUSD": 296.7169922}