{"Index": "NYA", "Date": "1984-06-21", "Open": 941.700012, "High": 941.700012, "Low": 941.700012, "Close": 941.700012, "Adj Close": 941.700012, "Volume": 0.0, "CloseUSD": 941.700012}