{"Index": "399001.SZ", "Date": "2013-12-02", "Open": 8461.490234, "High": 8593.990234, "Low": 8355.990234, "Close": 8376.639648, "Adj Close": 8376.545898, "Volume": 170600.0, "CloseUSD": 1340.2623436800002}