{"Index": "N225", "Date": "1966-01-27", "Open": 1454.76001, "High": 1454.76001, "Low": 1454.76001, "Close": 1454.76001, "Adj Close": 1454.76001, "Volume": 0.0, "CloseUSD": 14.5476001}