{"Index": "NYA", "Date": "1975-04-14", "Open": 479.309998, "High": 479.309998, "Low": 479.309998, "Close": 479.309998, "Adj Close": 479.309998, "Volume": 0.0, "CloseUSD": 479.309998}