{"Index": "IXIC", "Date": "2021-02-01", "Open": 13226.17969, "High": 13431.45996, "Low": 13132.46973, "Close": 13403.38965, "Adj Close": 13403.38965, "Volume": 7014220000.0, "CloseUSD": 13403.38965}