{"Index": "GDAXI", "Date": "2018-10-04", "Open": 12275.07031, "High": 12348.86035, "Low": 12174.69043, "Close": 12244.13965, "Adj Close": 12244.13965, "Volume": 101177000.0, "CloseUSD": 14937.850373}