{"Index": "GSPTSE", "Date": "2017-09-11", "Open": 15023.0, "High": 15067.79981, "Low": 15015.59961, "Close": 15040.29981, "Adj Close": 15040.29981, "Volume": 16337520000.0, "CloseUSD": 12483.4488423}