{"Index": "NYA", "Date": "1998-10-15", "Open": 5460.910156, "High": 5460.910156, "Low": 5460.910156, "Close": 5460.910156, "Adj Close": 5460.910156, "Volume": 0.0, "CloseUSD": 5460.910156}