{"Index": "N100", "Date": "2019-09-04", "Open": 1071.540039, "High": 1075.430054, "Low": 1069.849976, "Close": 1073.660034, "Adj Close": 1073.660034, "Volume": 156569400.0, "CloseUSD": 1309.86524148}