{"Index": "IXIC", "Date": "2004-10-21", "Open": 1940.109985, "High": 1957.47998, "Low": 1933.0, "Close": 1953.619995, "Adj Close": 1953.619995, "Volume": 2006000000.0, "CloseUSD": 1953.619995}