{"Index": "TWII", "Date": "2001-09-21", "Open": 3599.72998, "High": 3607.199951, "Low": 3588.459961, "Close": 3591.850098, "Adj Close": 3591.836426, "Volume": 0.0, "CloseUSD": 143.67400392}