{"Index": "GDAXI", "Date": "1999-04-09", "Open": 5097.02002, "High": 5178.890137, "Low": 5091.549805, "Close": 5133.919922, "Adj Close": 5133.919922, "Volume": 0.0, "CloseUSD": 6263.38230484}