{"Index": "GDAXI", "Date": "2003-02-17", "Open": 2683.47998, "High": 2722.300049, "Low": 2679.949951, "Close": 2708.969971, "Adj Close": 2708.969971, "Volume": 59239000.0, "CloseUSD": 3304.94336462}