{"Index": "SSMI", "Date": "2005-11-17", "Open": 7316.700195, "High": 7375.100098, "Low": 7310.0, "Close": 7329.899902, "Adj Close": 7329.899902, "Volume": 106682400.0, "CloseUSD": 8136.188891220001}