{"Index": "N225", "Date": "1983-04-14", "Open": 8554.209961, "High": 8554.209961, "Low": 8554.209961, "Close": 8554.209961, "Adj Close": 8554.209961, "Volume": 0.0, "CloseUSD": 85.54209961000001}