{"Index": "SSMI", "Date": "2015-07-01", "Open": 8809.169922, "High": 8955.19043, "Low": 8793.030273, "Close": 8908.990234, "Adj Close": 8908.990234, "Volume": 60213700.0, "CloseUSD": 9888.979159740002}