{"Index": "NSEI", "Date": "2019-11-21", "Open": 12025.65039, "High": 12028.2002, "Low": 11956.90039, "Close": 11968.40039, "Adj Close": 11968.40039, "Volume": 557700.0, "CloseUSD": 119.6840039}