{"Index": "HSI", "Date": "2020-04-21", "Open": 24247.83984, "High": 24247.83984, "Low": 23676.13086, "Close": 23793.55078, "Adj Close": 23793.55078, "Volume": 2160661700.0, "CloseUSD": 3093.1616014}