{"Index": "N225", "Date": "1973-11-16", "Open": 4388.100098, "High": 4388.100098, "Low": 4388.100098, "Close": 4388.100098, "Adj Close": 4388.100098, "Volume": 0.0, "CloseUSD": 43.88100098}