{"Index": "TWII", "Date": "2015-09-15", "Open": 8320.219727, "High": 8327.950195, "Low": 8226.070313, "Close": 8259.990234, "Adj Close": 8259.958008, "Volume": 1622000.0, "CloseUSD": 330.39960936000006}