{"Index": "SSMI", "Date": "2015-04-10", "Open": 9411.519531, "High": 9472.459961, "Low": 9406.849609, "Close": 9471.459961, "Adj Close": 9471.459961, "Volume": 46139000.0, "CloseUSD": 10513.32055671}