{"Index": "SSMI", "Date": "2003-10-06", "Open": 5187.700195, "High": 5201.5, "Low": 5145.799805, "Close": 5161.5, "Adj Close": 5161.5, "Volume": 28609400.0, "CloseUSD": 5729.265}