{"Index": "N225", "Date": "2016-12-02", "Open": 18435.55078, "High": 18469.67969, "Low": 18315.38086, "Close": 18426.08008, "Adj Close": 18426.08008, "Volume": 197200000.0, "CloseUSD": 184.2608008}