{"Index": "399001.SZ", "Date": "2019-01-22", "Open": 7615.799805, "High": 7615.799805, "Low": 7493.779785, "Close": 7516.790039, "Adj Close": 7516.790039, "Volume": 77600.0, "CloseUSD": 1202.68640624}