{"Index": "TWII", "Date": "2019-09-05", "Open": 10718.40039, "High": 10766.59961, "Low": 10714.26953, "Close": 10756.92969, "Adj Close": 10756.92969, "Volume": 2805200.0, "CloseUSD": 430.2771876000001}