{"Index": "IXIC", "Date": "2004-10-25", "Open": 1911.079956, "High": 1920.709961, "Low": 1905.910034, "Close": 1914.040039, "Adj Close": 1914.040039, "Volume": 1603830000.0, "CloseUSD": 1914.040039}