{"Index": "NYA", "Date": "2002-04-04", "Open": 6249.180176, "High": 6249.180176, "Low": 6249.180176, "Close": 6249.180176, "Adj Close": 6249.180176, "Volume": 1283800000.0, "CloseUSD": 6249.180176}