{"Index": "HSI", "Date": "1987-03-26", "Open": 2783.100098, "High": 2783.100098, "Low": 2783.100098, "Close": 2783.100098, "Adj Close": 2783.100098, "Volume": 0.0, "CloseUSD": 361.80301274}