{"Index": "SSMI", "Date": "2021-05-06", "Open": 11129.84961, "High": 11139.62988, "Low": 11062.69043, "Close": 11111.09961, "Adj Close": 11111.09961, "Volume": 49963800.0, "CloseUSD": 12333.3205671}