{"Index": "TWII", "Date": "2006-09-14", "Open": 6687.569824, "High": 6691.509766, "Low": 6550.029785, "Close": 6598.870117, "Adj Close": 6598.845215, "Volume": 2937200.0, "CloseUSD": 263.95480468}