{"Index": "GDAXI", "Date": "2015-05-04", "Open": 11506.83984, "High": 11656.88965, "Low": 11411.76953, "Close": 11619.84961, "Adj Close": 11619.84961, "Volume": 80328700.0, "CloseUSD": 14176.2165242}