{"Index": "N225", "Date": "1980-05-22", "Open": 6836.890137, "High": 6836.890137, "Low": 6836.890137, "Close": 6836.890137, "Adj Close": 6836.890137, "Volume": 0.0, "CloseUSD": 68.36890137}