{"Index": "TWII", "Date": "2000-06-15", "Open": 8943.209961, "High": 8968.990234, "Low": 8826.69043, "Close": 8844.969727, "Adj Close": 8844.9375, "Volume": 0.0, "CloseUSD": 353.79878908}