{"Index": "IXIC", "Date": "1987-09-30", "Open": 441.5, "High": 444.299988, "Low": 441.5, "Close": 444.299988, "Adj Close": 444.299988, "Volume": 162500000.0, "CloseUSD": 444.299988}