{"Index": "N225", "Date": "2013-09-30", "Open": 14530.62012, "High": 14619.24023, "Low": 14425.82031, "Close": 14455.79981, "Adj Close": 14455.79981, "Volume": 157300000.0, "CloseUSD": 144.55799810000002}