{"Index": "IXIC", "Date": "1977-08-19", "Open": 100.849998, "High": 100.849998, "Low": 100.849998, "Close": 100.849998, "Adj Close": 100.849998, "Volume": 0.0, "CloseUSD": 100.849998}