{"Index": "000001.SS", "Date": "2018-03-28", "Open": 3130.571045, "High": 3165.212891, "Low": 3117.533936, "Close": 3122.290039, "Adj Close": 3122.290039, "Volume": 163500.0, "CloseUSD": 499.56640624}