{"Index": "GDAXI", "Date": "1998-10-28", "Open": 4653.310059, "High": 4653.310059, "Low": 4524.419922, "Close": 4564.120117, "Adj Close": 4564.120117, "Volume": 0.0, "CloseUSD": 5568.226542740001}