{"Index": "399001.SZ", "Date": "2007-03-08", "Open": 8174.029785, "High": 8257.570313, "Low": 8062.919922, "Close": 8249.209961, "Adj Close": 8249.118164, "Volume": 71900.0, "CloseUSD": 1319.8735937600002}