{"Index": "GSPTSE", "Date": "1989-05-24", "Open": 3645.199951, "High": 3667.399902, "Low": 3645.100098, "Close": 3667.399902, "Adj Close": 3658.086426, "Volume": 23170000.0, "CloseUSD": 3043.94191866}