{"Index": "NYA", "Date": "1985-08-21", "Open": 1157.719971, "High": 1157.719971, "Low": 1157.719971, "Close": 1157.719971, "Adj Close": 1157.719971, "Volume": 0.0, "CloseUSD": 1157.719971}