{"Index": "TWII", "Date": "2004-03-29", "Open": 6348.859863, "High": 6474.169922, "Low": 6327.339844, "Close": 6474.109863, "Adj Close": 6474.085449, "Volume": 4786600.0, "CloseUSD": 258.96439452}