{"Index": "IXIC", "Date": "2009-01-15", "Open": 1489.459961, "High": 1521.579956, "Low": 1456.719971, "Close": 1511.839966, "Adj Close": 1511.839966, "Volume": 2507870000.0, "CloseUSD": 1511.839966}