{"Index": "SSMI", "Date": "2017-05-09", "Open": 9037.849609, "High": 9121.099609, "Low": 9037.849609, "Close": 9113.830078, "Adj Close": 9113.830078, "Volume": 59481200.0, "CloseUSD": 10116.35138658}