{"Index": "GSPTSE", "Date": "1988-06-22", "Open": 3442.800049, "High": 3448.600098, "Low": 3436.399902, "Close": 3443.300049, "Adj Close": 3434.555664, "Volume": 36650000.0, "CloseUSD": 2857.93904067}