{"Index": "000001.SS", "Date": "2020-08-31", "Open": 3416.550049, "High": 3442.736084, "Low": 3395.468018, "Close": 3395.677979, "Adj Close": 3395.677979, "Volume": 323500.0, "CloseUSD": 543.30847664}