{"Index": "IXIC", "Date": "2013-03-12", "Open": 3244.850098, "High": 3249.780029, "Low": 3229.919922, "Close": 3242.320068, "Adj Close": 3242.320068, "Volume": 1673740000.0, "CloseUSD": 3242.320068}