{"Index": "399001.SZ", "Date": "2020-03-23", "Open": 9828.900391, "High": 9929.959961, "Low": 9659.349609, "Close": 9691.530273, "Adj Close": 9691.530273, "Volume": 1634700.0, "CloseUSD": 1550.64484368}