{"Index": "GDAXI", "Date": "1998-05-04", "Open": 5264.25, "High": 5357.470215, "Low": 5259.430176, "Close": 5337.75, "Adj Close": 5337.75, "Volume": 0.0, "CloseUSD": 6512.055}