{"Index": "000001.SS", "Date": "1997-11-13", "Open": 1169.703979, "High": 1185.281982, "Low": 1157.293945, "Close": 1185.024048, "Adj Close": 1185.024048, "Volume": 0.0, "CloseUSD": 189.60384768}