{"Index": "399001.SZ", "Date": "2018-10-29", "Open": 7449.640137, "High": 7450.379883, "Low": 7290.819824, "Close": 7322.240234, "Adj Close": 7322.211426, "Volume": 74300.0, "CloseUSD": 1171.55843744}