{"Index": "GDAXI", "Date": "2007-09-18", "Open": 7460.040039, "High": 7588.419922, "Low": 7452.0, "Close": 7575.209961, "Adj Close": 7575.209961, "Volume": 154348600.0, "CloseUSD": 9241.75615242}