{"Index": "000001.SS", "Date": "2015-07-07", "Open": 3654.778076, "High": 3750.570068, "Low": 3585.398926, "Close": 3727.125, "Adj Close": 3727.125, "Volume": 698800.0, "CloseUSD": 596.34}