{"Index": "J203.JO", "Date": "2015-06-30", "Open": 51999.92188, "High": 52043.23047, "Low": 51566.03125, "Close": 51806.94922, "Adj Close": 51806.94922, "Volume": 0.0, "CloseUSD": 3626.4864454}