{"Index": "N225", "Date": "1972-04-20", "Open": 3187.620117, "High": 3187.620117, "Low": 3187.620117, "Close": 3187.620117, "Adj Close": 3187.620117, "Volume": 0.0, "CloseUSD": 31.87620117}