{"Index": "N225", "Date": "1995-07-12", "Open": 16603.23047, "High": 16833.94922, "Low": 16511.98047, "Close": 16605.74023, "Adj Close": 16605.74023, "Volume": 0.0, "CloseUSD": 166.0574023}