{"Index": "TWII", "Date": "2007-05-15", "Open": 8022.580078, "High": 8041.549805, "Low": 7968.919922, "Close": 7975.029785, "Adj Close": 7974.999512, "Volume": 2612000.0, "CloseUSD": 319.0011914}