{"Index": "399001.SZ", "Date": "2007-12-04", "Open": 15888.51953, "High": 16270.33008, "Low": 15888.51953, "Close": 16065.16992, "Adj Close": 16064.98926, "Volume": 33400.0, "CloseUSD": 2570.4271872}