{"Index": "000001.SS", "Date": "2000-09-11", "Open": 1963.270996, "High": 1972.07605, "Low": 1956.078003, "Close": 1972.042969, "Adj Close": 1972.042969, "Volume": 0.0, "CloseUSD": 315.52687504}