{"Index": "000001.SS", "Date": "2019-12-02", "Open": 2874.449951, "High": 2888.889893, "Low": 2870.23999, "Close": 2875.810059, "Adj Close": 2875.810059, "Volume": 128800.0, "CloseUSD": 460.12960944}