{"Index": "IXIC", "Date": "2008-12-19", "Open": 1572.75, "High": 1593.349976, "Low": 1557.050049, "Close": 1564.319946, "Adj Close": 1564.319946, "Volume": 2651440000.0, "CloseUSD": 1564.319946}