{"Index": "NYA", "Date": "1994-02-03", "Open": 2825.090088, "High": 2825.090088, "Low": 2825.090088, "Close": 2825.090088, "Adj Close": 2825.090088, "Volume": 0.0, "CloseUSD": 2825.090088}