{"Index": "N225", "Date": "2018-01-24", "Open": 24026.42969, "High": 24072.76953, "Low": 23917.14063, "Close": 23940.7793, "Adj Close": 23940.7793, "Volume": 79900000.0, "CloseUSD": 239.407793}