{"Index": "NYA", "Date": "1976-01-02", "Open": 507.959991, "High": 507.959991, "Low": 507.959991, "Close": 507.959991, "Adj Close": 507.959991, "Volume": 0.0, "CloseUSD": 507.959991}