{"Index": "IXIC", "Date": "2004-02-11", "Open": 2072.899902, "High": 2089.659912, "Low": 2064.77002, "Close": 2089.659912, "Adj Close": 2089.659912, "Volume": 2185700000.0, "CloseUSD": 2089.659912}