{"Index": "HSI", "Date": "2000-11-13", "Open": 15078.75, "High": 15078.75, "Low": 14802.48047, "Close": 14815.69043, "Adj Close": 14815.69043, "Volume": 0.0, "CloseUSD": 1926.0397559}