{"Index": "000001.SS", "Date": "2004-04-26", "Open": 1633.269043, "High": 1644.501953, "Low": 1623.04895, "Close": 1635.499023, "Adj Close": 1635.499023, "Volume": 10200.0, "CloseUSD": 261.67984368000003}