{"Index": "IXIC", "Date": "1994-10-28", "Open": 767.780029, "High": 776.150024, "Low": 766.969971, "Close": 776.150024, "Adj Close": 776.150024, "Volume": 378500000.0, "CloseUSD": 776.150024}