{"Index": "SSMI", "Date": "2011-01-07", "Open": 6543.529785, "High": 6559.600098, "Low": 6489.189941, "Close": 6497.640137, "Adj Close": 6497.640137, "Volume": 48897200.0, "CloseUSD": 7212.380552070001}