{"Index": "GSPTSE", "Date": "1989-08-17", "Open": 4016.0, "High": 4016.0, "Low": 3987.300049, "Close": 3994.100098, "Adj Close": 3983.957275, "Volume": 32820000.0, "CloseUSD": 3315.10308134}