{"Index": "N225", "Date": "1998-11-11", "Open": 14137.62988, "High": 14428.01953, "Low": 14065.50977, "Close": 14428.01953, "Adj Close": 14428.01953, "Volume": 0.0, "CloseUSD": 144.2801953}