{"Index": "IXIC", "Date": "1987-07-24", "Open": 428.600006, "High": 429.200012, "Low": 427.600006, "Close": 429.100006, "Adj Close": 429.100006, "Volume": 147300000.0, "CloseUSD": 429.100006}