{"Index": "SSMI", "Date": "1993-01-27", "Open": 2084.300049, "High": 2088.100098, "Low": 2062.699951, "Close": 2064.100098, "Adj Close": 2064.100098, "Volume": 0.0, "CloseUSD": 2291.15110878}