{"Index": "000001.SS", "Date": "2012-02-29", "Open": 2446.228027, "High": 2453.065918, "Low": 2426.329102, "Close": 2428.487061, "Adj Close": 2428.487061, "Volume": 95600.0, "CloseUSD": 388.55792976}