{"Index": "GSPTSE", "Date": "2012-09-18", "Open": 12422.79981, "High": 12450.0, "Low": 12391.40039, "Close": 12422.7002, "Adj Close": 12422.7002, "Volume": 17955860000.0, "CloseUSD": 10310.841165999998}