{"Index": "SSMI", "Date": "1994-07-28", "Open": 2544.399902, "High": 2559.300049, "Low": 2522.5, "Close": 2559.300049, "Adj Close": 2559.300049, "Volume": 0.0, "CloseUSD": 2840.8230543900004}