{"Index": "NYA", "Date": "1988-01-12", "Open": 1456.430054, "High": 1456.430054, "Low": 1456.430054, "Close": 1456.430054, "Adj Close": 1456.430054, "Volume": 0.0, "CloseUSD": 1456.430054}