{"Index": "SSMI", "Date": "2015-05-19", "Open": 9220.44043, "High": 9306.889648, "Low": 9220.44043, "Close": 9295.620117, "Adj Close": 9295.620117, "Volume": 43047100.0, "CloseUSD": 10318.138329870002}