{"Index": "NYA", "Date": "2002-08-09", "Open": 5185.669922, "High": 5185.669922, "Low": 5185.669922, "Close": 5185.669922, "Adj Close": 5185.669922, "Volume": 1294900000.0, "CloseUSD": 5185.669922}