{"Index": "GSPTSE", "Date": "1996-07-02", "Open": 5070.399902, "High": 5072.399902, "Low": 5057.600098, "Close": 5061.5, "Adj Close": 5061.5, "Volume": 58090000.0, "CloseUSD": 4201.045}