{"Index": "GDAXI", "Date": "2005-02-21", "Open": 4363.209961, "High": 4373.149902, "Low": 4342.209961, "Close": 4353.339844, "Adj Close": 4353.339844, "Volume": 88462800.0, "CloseUSD": 5311.07460968}