{"Index": "SSMI", "Date": "2003-09-02", "Open": 5221.100098, "High": 5227.700195, "Low": 5175.600098, "Close": 5185.0, "Adj Close": 5185.0, "Volume": 47697200.0, "CloseUSD": 5755.35}