{"Index": "N100", "Date": "2003-02-13", "Open": 480.329987, "High": 487.339996, "Low": 477.619995, "Close": 482.390015, "Adj Close": 482.390015, "Volume": 0.0, "CloseUSD": 588.5158183}