{"Index": "HSI", "Date": "2008-02-05", "Open": 24710.09961, "High": 24961.98047, "Low": 24504.5293, "Close": 24808.69922, "Adj Close": 24808.69922, "Volume": 1704108800.0, "CloseUSD": 3225.1308986}