{"Index": "IXIC", "Date": "2011-03-16", "Open": 2652.919922, "High": 2669.27002, "Low": 2603.5, "Close": 2616.820068, "Adj Close": 2616.820068, "Volume": 2596000000.0, "CloseUSD": 2616.820068}