{"Index": "TWII", "Date": "2003-08-25", "Open": 5667.040039, "High": 5686.850098, "Low": 5626.600098, "Close": 5686.850098, "Adj Close": 5686.829102, "Volume": 4412200.0, "CloseUSD": 227.47400392}