{"Index": "GDAXI", "Date": "2000-07-03", "Open": 6912.970215, "High": 6962.02002, "Low": 6842.609863, "Close": 6958.959961, "Adj Close": 6958.959961, "Volume": 32797800.0, "CloseUSD": 8489.931152419998}