{"Index": "GSPTSE", "Date": "2014-01-14", "Open": 13681.5, "High": 13747.0, "Low": 13681.5, "Close": 13692.40039, "Adj Close": 13692.40039, "Volume": 20628450000.0, "CloseUSD": 11364.6923237}