{"Index": "GDAXI", "Date": "1996-12-09", "Open": 2851.719971, "High": 2876.629883, "Low": 2850.77002, "Close": 2870.300049, "Adj Close": 2870.300049, "Volume": 0.0, "CloseUSD": 3501.76605978}