{"Index": "IXIC", "Date": "2020-09-28", "Open": 11084.37988, "High": 11120.79004, "Low": 11019.13965, "Close": 11117.53027, "Adj Close": 11117.53027, "Volume": 3562900000.0, "CloseUSD": 11117.53027}