{"Index": "SSMI", "Date": "2004-11-30", "Open": 5513.899902, "High": 5514.799805, "Low": 5441.100098, "Close": 5444.200195, "Adj Close": 5444.200195, "Volume": 41660000.0, "CloseUSD": 6043.062216450001}