{"Index": "SSMI", "Date": "2005-02-21", "Open": 5915.399902, "High": 5941.0, "Low": 5911.0, "Close": 5928.0, "Adj Close": 5928.0, "Volume": 68246600.0, "CloseUSD": 6580.080000000001}