{"Index": "HSI", "Date": "2013-03-06", "Open": 22750.58008, "High": 22808.81055, "Low": 22664.93945, "Close": 22777.83984, "Adj Close": 22777.83984, "Volume": 1755859400.0, "CloseUSD": 2961.1191792}