{"Index": "HSI", "Date": "2008-05-14", "Open": 25461.36914, "High": 25546.7793, "Low": 25108.06055, "Close": 25533.48047, "Adj Close": 25533.48047, "Volume": 1855836800.0, "CloseUSD": 3319.3524611}