{"Index": "TWII", "Date": "2018-06-12", "Open": 11140.01953, "High": 11160.04981, "Low": 11088.53027, "Close": 11144.79004, "Adj Close": 11144.79004, "Volume": 3009100.0, "CloseUSD": 445.7916016}