{"Index": "GDAXI", "Date": "2010-10-25", "Open": 6645.450195, "High": 6668.540039, "Low": 6625.830078, "Close": 6639.209961, "Adj Close": 6639.209961, "Volume": 75742000.0, "CloseUSD": 8099.836152419999}