{"Index": "IXIC", "Date": "1986-07-07", "Open": 409.0, "High": 411.299988, "Low": 400.899994, "Close": 401.0, "Adj Close": 401.0, "Volume": 112100000.0, "CloseUSD": 401.0}