{"Index": "NYA", "Date": "1987-08-21", "Open": 1982.680054, "High": 1982.680054, "Low": 1982.680054, "Close": 1982.680054, "Adj Close": 1982.680054, "Volume": 0.0, "CloseUSD": 1982.680054}