{"Index": "GDAXI", "Date": "1992-09-24", "Open": 1536.300049, "High": 1536.300049, "Low": 1536.300049, "Close": 1536.300049, "Adj Close": 1536.300049, "Volume": 0.0, "CloseUSD": 1874.28605978}