{"Index": "NYA", "Date": "2003-08-12", "Open": 5552.290039, "High": 5594.939941, "Low": 5550.930176, "Close": 5594.899902, "Adj Close": 5594.899902, "Volume": 1132300000.0, "CloseUSD": 5594.899902}