{"Index": "SSMI", "Date": "1998-02-26", "Open": 7082.399902, "High": 7136.899902, "Low": 7074.799805, "Close": 7118.600098, "Adj Close": 7118.600098, "Volume": 0.0, "CloseUSD": 7901.646108780001}