{"Index": "TWII", "Date": "2008-12-02", "Open": 4310.5, "High": 4356.97998, "Low": 4292.080078, "Close": 4356.97998, "Adj Close": 4356.963867, "Volume": 3566600.0, "CloseUSD": 174.2791992}