{"Index": "N100", "Date": "2000-06-27", "Open": 1080.400024, "High": 1080.400024, "Low": 1080.400024, "Close": 1080.400024, "Adj Close": 1080.400024, "Volume": 0.0, "CloseUSD": 1318.08802928}