{"Index": "TWII", "Date": "1999-09-13", "Open": 8201.0, "High": 8250.730469, "Low": 8159.189941, "Close": 8178.689941, "Adj Close": 8178.65918, "Volume": 0.0, "CloseUSD": 327.14759764}