{"Index": "IXIC", "Date": "1999-05-24", "Open": 2529.300049, "High": 2529.300049, "Low": 2444.889893, "Close": 2453.659912, "Adj Close": 2453.659912, "Volume": 919880000.0, "CloseUSD": 2453.659912}