{"Index": "000001.SS", "Date": "2006-10-09", "Open": 1768.144043, "High": 1786.109985, "Low": 1763.110962, "Close": 1785.38501, "Adj Close": 1785.38501, "Volume": 53000.0, "CloseUSD": 285.6616016}