{"Index": "NYA", "Date": "1999-11-04", "Open": 6605.620117, "High": 6605.620117, "Low": 6605.620117, "Close": 6605.620117, "Adj Close": 6605.620117, "Volume": 0.0, "CloseUSD": 6605.620117}