{"Index": "HSI", "Date": "2013-06-13", "Open": 21069.25977, "High": 21069.25977, "Low": 20652.75, "Close": 20887.03906, "Adj Close": 20887.03906, "Volume": 3299557200.0, "CloseUSD": 2715.3150778}