{"Index": "J203.JO", "Date": "2015-12-21", "Open": 48717.28125, "High": 49311.05859, "Low": 48646.80859, "Close": 49189.98828, "Adj Close": 49189.98828, "Volume": 0.0, "CloseUSD": 3443.2991796}