{"Index": "IXIC", "Date": "2010-07-30", "Open": 2227.290039, "High": 2264.810059, "Low": 2218.610107, "Close": 2254.699951, "Adj Close": 2254.699951, "Volume": 2138610000.0, "CloseUSD": 2254.699951}