{"Index": "N225", "Date": "2000-05-22", "Open": 16802.66016, "High": 16802.66016, "Low": 16174.40039, "Close": 16386.00977, "Adj Close": 16386.00977, "Volume": 0.0, "CloseUSD": 163.8600977}