{"Index": "GSPTSE", "Date": "2008-12-31", "Open": 8794.5, "High": 8998.400391, "Low": 8790.400391, "Close": 8987.700195, "Adj Close": 8987.700195, "Volume": 19776560000.0, "CloseUSD": 7459.791161849999}