{"Index": "IXIC", "Date": "2012-06-20", "Open": 2932.959961, "High": 2942.280029, "Low": 2910.0, "Close": 2930.449951, "Adj Close": 2930.449951, "Volume": 1563080000.0, "CloseUSD": 2930.449951}