{"Index": "GDAXI", "Date": "2014-04-29", "Open": 9521.650391, "High": 9596.419922, "Low": 9480.570313, "Close": 9584.120117, "Adj Close": 9584.120117, "Volume": 91467900.0, "CloseUSD": 11692.62654274}