{"Index": "J203.JO", "Date": "2014-04-30", "Open": 48935.35938, "High": 48935.35938, "Low": 48743.26172, "Close": 48870.10156, "Adj Close": 48870.10156, "Volume": 0.0, "CloseUSD": 3420.9071092000004}