{"Index": "GDAXI", "Date": "2006-05-02", "Open": 6014.379883, "High": 6056.27002, "Low": 6006.870117, "Close": 6051.290039, "Adj Close": 6051.290039, "Volume": 128906600.0, "CloseUSD": 7382.573847580001}