{"Index": "GSPTSE", "Date": "2015-08-19", "Open": 14187.59961, "High": 14187.59961, "Low": 14014.0, "Close": 14036.59961, "Adj Close": 14036.59961, "Volume": 21670860000.0, "CloseUSD": 11650.3776763}