{"Index": "GSPTSE", "Date": "2015-06-17", "Open": 14773.0, "High": 14825.09961, "Low": 14659.90039, "Close": 14733.0, "Adj Close": 14733.0, "Volume": 16217450000.0, "CloseUSD": 12228.39}