{"Index": "N225", "Date": "1994-09-09", "Open": 19966.58984, "High": 20150.92969, "Low": 19853.16992, "Close": 19897.88086, "Adj Close": 19897.88086, "Volume": 0.0, "CloseUSD": 198.9788086}