{"Index": "SSMI", "Date": "2004-01-15", "Open": 5610.600098, "High": 5639.100098, "Low": 5596.799805, "Close": 5631.0, "Adj Close": 5631.0, "Volume": 75783400.0, "CloseUSD": 6250.410000000001}