{"Index": "SSMI", "Date": "2001-02-08", "Open": 7996.5, "High": 8000.700195, "Low": 7937.200195, "Close": 7938.799805, "Adj Close": 7938.799805, "Volume": 0.0, "CloseUSD": 8812.067783550001}