{"Index": "SSMI", "Date": "1999-08-17", "Open": 6983.100098, "High": 7046.0, "Low": 6959.299805, "Close": 6993.799805, "Adj Close": 6993.799805, "Volume": 0.0, "CloseUSD": 7763.11778355}