{"Index": "NYA", "Date": "2019-08-02", "Open": 12885.32031, "High": 12887.25, "Low": 12767.00977, "Close": 12839.50977, "Adj Close": 12839.50977, "Volume": 3874660000.0, "CloseUSD": 12839.50977}