{"Index": "N100", "Date": "2008-05-21", "Open": 901.700012, "High": 903.969971, "Low": 892.130005, "Close": 895.02002, "Adj Close": 895.02002, "Volume": 327036100.0, "CloseUSD": 1091.9244244}