{"Index": "NSEI", "Date": "2020-03-30", "Open": 8385.950195, "High": 8576.0, "Low": 8244.0, "Close": 8281.099609, "Adj Close": 8281.099609, "Volume": 593300.0, "CloseUSD": 82.81099609}