{"Index": "SSMI", "Date": "2000-06-07", "Open": 7768.299805, "High": 7803.700195, "Low": 7751.899902, "Close": 7797.899902, "Adj Close": 7797.899902, "Volume": 0.0, "CloseUSD": 8655.66889122}