{"Index": "NYA", "Date": "1971-11-10", "Open": 545.390015, "High": 545.390015, "Low": 545.390015, "Close": 545.390015, "Adj Close": 545.390015, "Volume": 0.0, "CloseUSD": 545.390015}