{"Index": "000001.SS", "Date": "2016-11-25", "Open": 3241.24292, "High": 3262.437988, "Low": 3209.5979, "Close": 3261.937988, "Adj Close": 3261.937988, "Volume": 233900.0, "CloseUSD": 521.9100780800001}