{"Index": "GDAXI", "Date": "2013-04-15", "Open": 7740.540039, "High": 7773.109863, "Low": 7651.580078, "Close": 7712.629883, "Adj Close": 7712.629883, "Volume": 118152700.0, "CloseUSD": 9409.40845726}