{"Index": "NYA", "Date": "1980-08-18", "Open": 748.090027, "High": 748.090027, "Low": 748.090027, "Close": 748.090027, "Adj Close": 748.090027, "Volume": 0.0, "CloseUSD": 748.090027}