{"Index": "IXIC", "Date": "2001-10-01", "Open": 1491.449951, "High": 1491.449951, "Low": 1458.410034, "Close": 1480.459961, "Adj Close": 1480.459961, "Volume": 1505140000.0, "CloseUSD": 1480.459961}