{"Index": "SSMI", "Date": "1998-01-20", "Open": 6340.200195, "High": 6414.700195, "Low": 6322.600098, "Close": 6397.5, "Adj Close": 6397.5, "Volume": 0.0, "CloseUSD": 7101.225}