{"Index": "J203.JO", "Date": "2012-07-31", "Open": 34958.58984, "High": 35035.76172, "Low": 34525.64063, "Close": 34596.89844, "Adj Close": 34596.89844, "Volume": 0.0, "CloseUSD": 2421.7828908}