{"Index": "N225", "Date": "2009-04-28", "Open": 8678.280273, "High": 8808.639648, "Low": 8493.769531, "Close": 8493.769531, "Adj Close": 8493.769531, "Volume": 169600000.0, "CloseUSD": 84.93769531}