{"Index": "GDAXI", "Date": "2021-01-19", "Open": 13935.92969, "High": 13940.04981, "Low": 13804.45996, "Close": 13815.05957, "Adj Close": 13815.05957, "Volume": 64904200.0, "CloseUSD": 16854.372675399998}