{"Index": "N100", "Date": "2013-07-03", "Open": 700.419983, "High": 700.51001, "Low": 693.390015, "Close": 699.119995, "Adj Close": 699.119995, "Volume": 262018600.0, "CloseUSD": 852.9263939}