{"Index": "N225", "Date": "2009-07-22", "Open": 9642.790039, "High": 9750.629883, "Low": 9608.769531, "Close": 9723.160156, "Adj Close": 9723.160156, "Volume": 153800000.0, "CloseUSD": 97.23160156}