{"Index": "IXIC", "Date": "1972-03-21", "Open": 125.730003, "High": 125.730003, "Low": 125.730003, "Close": 125.730003, "Adj Close": 125.730003, "Volume": 0.0, "CloseUSD": 125.730003}