{"Index": "NYA", "Date": "1976-11-01", "Open": 581.559998, "High": 581.559998, "Low": 581.559998, "Close": 581.559998, "Adj Close": 581.559998, "Volume": 0.0, "CloseUSD": 581.559998}