{"Index": "IXIC", "Date": "2002-04-05", "Open": 1796.920044, "High": 1803.209961, "Low": 1769.949951, "Close": 1770.030029, "Adj Close": 1770.030029, "Volume": 1508100000.0, "CloseUSD": 1770.030029}