{"Index": "000001.SS", "Date": "2002-03-05", "Open": 1529.297974, "High": 1566.06604, "Low": 1529.297974, "Close": 1560.078979, "Adj Close": 1560.078979, "Volume": 0.0, "CloseUSD": 249.61263664}