{"Index": "IXIC", "Date": "2006-03-07", "Open": 2280.080078, "High": 2280.080078, "Low": 2259.639893, "Close": 2268.379883, "Adj Close": 2268.379883, "Volume": 1908310000.0, "CloseUSD": 2268.379883}