{"Index": "N225", "Date": "1988-08-09", "Open": 28253.01953, "High": 28295.17969, "Low": 28126.08008, "Close": 28170.35938, "Adj Close": 28170.35938, "Volume": 0.0, "CloseUSD": 281.7035938}