{"Index": "NSEI", "Date": "2011-01-17", "Open": 5648.799805, "High": 5696.149902, "Low": 5624.149902, "Close": 5654.75, "Adj Close": 5654.75, "Volume": 0.0, "CloseUSD": 56.5475}