{"Index": "N225", "Date": "2003-03-24", "Open": 8300.320313, "High": 8451.049805, "Low": 8299.639648, "Close": 8435.070313, "Adj Close": 8435.070313, "Volume": 58000000.0, "CloseUSD": 84.35070313}