{"Index": "NYA", "Date": "2002-11-08", "Open": 5040.069824, "High": 5040.069824, "Low": 5040.069824, "Close": 5040.069824, "Adj Close": 5040.069824, "Volume": 1446500000.0, "CloseUSD": 5040.069824}