{"Index": "GSPTSE", "Date": "1998-08-24", "Open": 6315.200195, "High": 6322.700195, "Low": 6232.799805, "Close": 6248.899902, "Adj Close": 6248.899902, "Volume": 5062310000.0, "CloseUSD": 5186.58691866}