{"Index": "TWII", "Date": "2019-07-01", "Open": 10821.29981, "High": 10914.84961, "Low": 10821.29981, "Close": 10895.45996, "Adj Close": 10895.45996, "Volume": 2277900.0, "CloseUSD": 435.8183984}