{"Index": "N225", "Date": "2006-03-23", "Open": 16605.48047, "High": 16661.14063, "Low": 16464.4707, "Close": 16489.36914, "Adj Close": 16489.36914, "Volume": 98900000.0, "CloseUSD": 164.8936914}