{"Index": "HSI", "Date": "1989-10-13", "Open": 2792.0, "High": 2792.0, "Low": 2772.0, "Close": 2782.300049, "Adj Close": 2782.300049, "Volume": 0.0, "CloseUSD": 361.69900637}