{"Index": "TWII", "Date": "2012-12-21", "Open": 7592.569824, "High": 7608.810059, "Low": 7491.52002, "Close": 7519.930176, "Adj Close": 7519.901855, "Volume": 2356200.0, "CloseUSD": 300.79720704}