{"Index": "NYA", "Date": "2012-01-31", "Open": 7834.410156, "High": 7894.939941, "Low": 7801.27002, "Close": 7838.47998, "Adj Close": 7838.47998, "Volume": 4235550000.0, "CloseUSD": 7838.47998}