{"Index": "GDAXI", "Date": "1994-03-31", "Open": 2141.76001, "High": 2145.909912, "Low": 2131.639893, "Close": 2142.879883, "Adj Close": 2142.879883, "Volume": 0.0, "CloseUSD": 2614.31345726}