{"Index": "N225", "Date": "2004-05-24", "Open": 11094.70996, "High": 11170.26953, "Low": 11043.21973, "Close": 11101.63965, "Adj Close": 11101.63965, "Volume": 83600000.0, "CloseUSD": 111.0163965}