{"Index": "N225", "Date": "1980-07-17", "Open": 6810.410156, "High": 6810.410156, "Low": 6810.410156, "Close": 6810.410156, "Adj Close": 6810.410156, "Volume": 0.0, "CloseUSD": 68.10410156}