{"Index": "N225", "Date": "1997-02-24", "Open": 19065.98047, "High": 19229.49023, "Low": 18859.84961, "Close": 18896.99023, "Adj Close": 18896.99023, "Volume": 0.0, "CloseUSD": 188.9699023}