{"Index": "NSEI", "Date": "2019-04-18", "Open": 11856.15039, "High": 11856.15039, "Low": 11738.5, "Close": 11752.79981, "Adj Close": 11752.79981, "Volume": 339700.0, "CloseUSD": 117.5279981}