{"Index": "IXIC", "Date": "2004-05-26", "Open": 1961.160034, "High": 1976.160034, "Low": 1957.579956, "Close": 1976.150024, "Adj Close": 1976.150024, "Volume": 1591030000.0, "CloseUSD": 1976.150024}