{"Index": "SSMI", "Date": "2020-08-28", "Open": 10233.48047, "High": 10254.40039, "Low": 10147.15039, "Close": 10164.49023, "Adj Close": 10164.49023, "Volume": 41039300.0, "CloseUSD": 11282.5841553}