{"Index": "NYA", "Date": "1987-05-28", "Open": 1729.969971, "High": 1729.969971, "Low": 1729.969971, "Close": 1729.969971, "Adj Close": 1729.969971, "Volume": 0.0, "CloseUSD": 1729.969971}