{"Index": "IXIC", "Date": "2011-07-06", "Open": 2821.419922, "High": 2838.850098, "Low": 2812.800049, "Close": 2834.02002, "Adj Close": 2834.02002, "Volume": 1639490000.0, "CloseUSD": 2834.02002}