{"Index": "NYA", "Date": "1981-05-28", "Open": 818.830017, "High": 818.830017, "Low": 818.830017, "Close": 818.830017, "Adj Close": 818.830017, "Volume": 0.0, "CloseUSD": 818.830017}