{"Index": "399001.SZ", "Date": "2011-02-15", "Open": 12767.79004, "High": 12865.46973, "Low": 12707.20996, "Close": 12711.58008, "Adj Close": 12711.4375, "Volume": 117700.0, "CloseUSD": 2033.8528128}