{"Index": "GDAXI", "Date": "1993-03-12", "Open": 1688.73999, "High": 1688.73999, "Low": 1688.73999, "Close": 1688.73999, "Adj Close": 1688.73999, "Volume": 0.0, "CloseUSD": 2060.2627878}