{"Index": "NSEI", "Date": "2019-07-30", "Open": 11213.7002, "High": 11267.4502, "Low": 11072.65039, "Close": 11085.40039, "Adj Close": 11085.40039, "Volume": 479100.0, "CloseUSD": 110.8540039}