{"Index": "IXIC", "Date": "2012-08-29", "Open": 3078.050049, "High": 3087.23999, "Low": 3067.620117, "Close": 3081.189941, "Adj Close": 3081.189941, "Volume": 1282900000.0, "CloseUSD": 3081.189941}