{"Index": "HSI", "Date": "2020-11-11", "Open": 26226.80078, "High": 26432.56055, "Low": 26168.63086, "Close": 26226.98047, "Adj Close": 26226.98047, "Volume": 4120773700.0, "CloseUSD": 3409.5074611}