{"Index": "000001.SS", "Date": "2019-03-25", "Open": 3058.802002, "High": 3086.996094, "Low": 3041.949951, "Close": 3043.031006, "Adj Close": 3043.031006, "Volume": 380300.0, "CloseUSD": 486.88496096000006}