{"Index": "IXIC", "Date": "2011-01-03", "Open": 2676.649902, "High": 2704.860107, "Low": 2676.340088, "Close": 2691.52002, "Adj Close": 2691.52002, "Volume": 1919660000.0, "CloseUSD": 2691.52002}