{"Index": "SSMI", "Date": "1991-01-04", "Open": 1372.099976, "High": 1375.900024, "Low": 1366.599976, "Close": 1371.699951, "Adj Close": 1371.699951, "Volume": 0.0, "CloseUSD": 1522.5869456100002}