{"Index": "IXIC", "Date": "1984-07-12", "Open": 234.220001, "High": 234.220001, "Low": 234.220001, "Close": 234.220001, "Adj Close": 234.220001, "Volume": 0.0, "CloseUSD": 234.220001}