{"Index": "NYA", "Date": "2010-03-23", "Open": 7419.009766, "High": 7481.200195, "Low": 7412.299805, "Close": 7478.859863, "Adj Close": 7478.859863, "Volume": 4411640000.0, "CloseUSD": 7478.859863}