{"Index": "GDAXI", "Date": "2002-06-04", "Open": 4731.240234, "High": 4731.240234, "Low": 4580.919922, "Close": 4625.790039, "Adj Close": 4625.790039, "Volume": 75624100.0, "CloseUSD": 5643.46384758}