{"Index": "HSI", "Date": "1993-11-26", "Open": 9283.900391, "High": 9361.099609, "Low": 9224.200195, "Close": 9274.400391, "Adj Close": 9274.400391, "Volume": 0.0, "CloseUSD": 1205.67205083}