{"Index": "GDAXI", "Date": "2020-12-18", "Open": 13649.66016, "High": 13774.4502, "Low": 13624.25, "Close": 13630.50977, "Adj Close": 13630.50977, "Volume": 156772100.0, "CloseUSD": 16629.2219194}