{"Index": "GSPTSE", "Date": "1992-07-07", "Open": 3428.0, "High": 3433.0, "Low": 3415.399902, "Close": 3416.300049, "Adj Close": 3416.300049, "Volume": 30830000.0, "CloseUSD": 2835.52904067}