{"Index": "TWII", "Date": "1998-04-08", "Open": 9263.94043, "High": 9279.280273, "Low": 9222.209961, "Close": 9263.44043, "Adj Close": 9263.40625, "Volume": 0.0, "CloseUSD": 370.53761720000006}