{"Index": "N225", "Date": "1965-09-17", "Open": 1266.400024, "High": 1266.400024, "Low": 1266.400024, "Close": 1266.400024, "Adj Close": 1266.400024, "Volume": 0.0, "CloseUSD": 12.66400024}