{"Index": "399001.SZ", "Date": "2011-01-31", "Open": 11884.33984, "High": 12020.50977, "Low": 11820.2002, "Close": 11994.67969, "Adj Close": 11994.5459, "Volume": 62000.0, "CloseUSD": 1919.1487504}