{"Index": "SSMI", "Date": "2010-08-09", "Open": 6375.109863, "High": 6396.330078, "Low": 6362.799805, "Close": 6391.740234, "Adj Close": 6391.740234, "Volume": 32927200.0, "CloseUSD": 7094.831659740001}