{"Index": "GSPTSE", "Date": "2001-11-12", "Open": 7151.299805, "High": 7223.899902, "Low": 7134.299805, "Close": 7223.899902, "Adj Close": 7223.899902, "Volume": 7895290000.0, "CloseUSD": 5995.836918659999}