{"Index": "J203.JO", "Date": "2015-05-07", "Open": 53848.73828, "High": 53848.73828, "Low": 53001.44141, "Close": 53238.17188, "Adj Close": 53238.17188, "Volume": 0.0, "CloseUSD": 3726.672031600001}