{"Index": "HSI", "Date": "2004-09-06", "Open": 12964.7002, "High": 13107.37012, "Low": 12942.66992, "Close": 13104.33984, "Adj Close": 13104.33984, "Volume": 335562000.0, "CloseUSD": 1703.5641792}