{"Index": "SSMI", "Date": "2002-10-25", "Open": 4896.200195, "High": 4939.899902, "Low": 4805.0, "Close": 4939.200195, "Adj Close": 4939.200195, "Volume": 0.0, "CloseUSD": 5482.512216450001}