{"Index": "N225", "Date": "1969-04-17", "Open": 1899.790039, "High": 1899.790039, "Low": 1899.790039, "Close": 1899.790039, "Adj Close": 1899.790039, "Volume": 0.0, "CloseUSD": 18.99790039}