{"Index": "000001.SS", "Date": "1999-09-21", "Open": 1630.020996, "High": 1630.269043, "Low": 1617.812012, "Close": 1625.588013, "Adj Close": 1625.588013, "Volume": 0.0, "CloseUSD": 260.09408208}