{"Index": "NYA", "Date": "1983-01-14", "Open": 895.280029, "High": 895.280029, "Low": 895.280029, "Close": 895.280029, "Adj Close": 895.280029, "Volume": 0.0, "CloseUSD": 895.280029}