{"Index": "NYA", "Date": "2019-01-17", "Open": 11873.82031, "High": 12033.58008, "Low": 11862.42969, "Close": 11994.54004, "Adj Close": 11994.54004, "Volume": 3772270000.0, "CloseUSD": 11994.54004}