{"Index": "NYA", "Date": "1991-08-12", "Open": 2247.22998, "High": 2247.22998, "Low": 2247.22998, "Close": 2247.22998, "Adj Close": 2247.22998, "Volume": 0.0, "CloseUSD": 2247.22998}