{"Index": "000001.SS", "Date": "2006-09-07", "Open": 1683.781982, "High": 1683.890015, "Low": 1655.407959, "Close": 1661.189941, "Adj Close": 1661.189941, "Volume": 31600.0, "CloseUSD": 265.79039056}