{"Index": "TWII", "Date": "2014-03-17", "Open": 8697.259766, "High": 8708.400391, "Low": 8662.490234, "Close": 8700.099609, "Adj Close": 8700.067383, "Volume": 2240400.0, "CloseUSD": 348.00398436000006}