{"Index": "IXIC", "Date": "1979-09-24", "Open": 150.119995, "High": 150.119995, "Low": 150.119995, "Close": 150.119995, "Adj Close": 150.119995, "Volume": 0.0, "CloseUSD": 150.119995}