{"Index": "NYA", "Date": "1980-11-03", "Open": 786.26001, "High": 786.26001, "Low": 786.26001, "Close": 786.26001, "Adj Close": 786.26001, "Volume": 0.0, "CloseUSD": 786.26001}