{"Index": "NYA", "Date": "1983-11-16", "Open": 1013.919983, "High": 1013.919983, "Low": 1013.919983, "Close": 1013.919983, "Adj Close": 1013.919983, "Volume": 0.0, "CloseUSD": 1013.919983}