{"Index": "NYA", "Date": "1992-11-17", "Open": 2443.47998, "High": 2443.47998, "Low": 2443.47998, "Close": 2443.47998, "Adj Close": 2443.47998, "Volume": 0.0, "CloseUSD": 2443.47998}