{"Index": "GSPTSE", "Date": "2019-02-14", "Open": 15622.29981, "High": 15733.09961, "Low": 15608.2002, "Close": 15696.0, "Adj Close": 15696.0, "Volume": 30583380000.0, "CloseUSD": 13027.679999999998}