{"Index": "IXIC", "Date": "1987-08-07", "Open": 442.799988, "High": 444.399994, "Low": 442.799988, "Close": 443.600006, "Adj Close": 443.600006, "Volume": 165300000.0, "CloseUSD": 443.600006}