{"Index": "HSI", "Date": "2004-11-10", "Open": 13563.46973, "High": 13672.37012, "Low": 13530.33008, "Close": 13672.37012, "Adj Close": 13672.37012, "Volume": 388797000.0, "CloseUSD": 1777.4081156}