{"Index": "N225", "Date": "1999-08-18", "Open": 17873.31055, "High": 18082.4707, "Low": 17827.89063, "Close": 17892.25977, "Adj Close": 17892.25977, "Volume": 0.0, "CloseUSD": 178.9225977}