{"Index": "HSI", "Date": "1998-06-23", "Open": 8284.589844, "High": 8341.44043, "Low": 8048.819824, "Close": 8219.669922, "Adj Close": 8219.669922, "Volume": 0.0, "CloseUSD": 1068.55708986}