{"Index": "NYA", "Date": "1979-08-10", "Open": 641.190002, "High": 641.190002, "Low": 641.190002, "Close": 641.190002, "Adj Close": 641.190002, "Volume": 0.0, "CloseUSD": 641.190002}