{"Index": "IXIC", "Date": "1989-10-09", "Open": 483.5, "High": 485.799988, "Low": 482.700012, "Close": 485.700012, "Adj Close": 485.700012, "Volume": 84270000.0, "CloseUSD": 485.700012}