{"Index": "GSPTSE", "Date": "2013-02-01", "Open": 12741.2002, "High": 12783.09961, "Low": 12691.90039, "Close": 12768.79981, "Adj Close": 12768.79981, "Volume": 16362260000.0, "CloseUSD": 10598.1038423}