{"Index": "399001.SZ", "Date": "1997-12-31", "Open": 4171.069824, "High": 4189.009766, "Low": 4152.890137, "Close": 4184.839844, "Adj Close": 4184.792969, "Volume": 0.0, "CloseUSD": 669.5743750400001}