{"Index": "N225", "Date": "2000-01-07", "Open": 18194.05078, "High": 18285.73047, "Low": 18068.09961, "Close": 18193.41016, "Adj Close": 18193.41016, "Volume": 0.0, "CloseUSD": 181.9341016}