{"Index": "000001.SS", "Date": "2012-08-30", "Open": 2044.032959, "High": 2060.185059, "Low": 2032.536987, "Close": 2052.584961, "Adj Close": 2052.584961, "Volume": 62000.0, "CloseUSD": 328.41359376}