{"Index": "HSI", "Date": "2011-06-16", "Open": 22048.2793, "High": 22065.46094, "Low": 21874.89063, "Close": 21953.10938, "Adj Close": 21953.10938, "Volume": 1875976400.0, "CloseUSD": 2853.9042194000003}