{"Index": "N100", "Date": "2002-03-05", "Open": 795.609985, "High": 801.789978, "Low": 793.22998, "Close": 795.719971, "Adj Close": 795.719971, "Volume": 0.0, "CloseUSD": 970.77836462}