{"Index": "HSI", "Date": "2012-11-20", "Open": 21478.0, "High": 21478.0, "Low": 21213.11914, "Close": 21228.2793, "Adj Close": 21228.2793, "Volume": 1169937500.0, "CloseUSD": 2759.676309}