{"Index": "TWII", "Date": "2008-07-03", "Open": 7190.75, "High": 7439.470215, "Low": 7115.069824, "Close": 7394.100098, "Adj Close": 7394.072266, "Volume": 4977200.0, "CloseUSD": 295.76400392}