{"Index": "SSMI", "Date": "2008-08-20", "Open": 7134.649902, "High": 7148.97998, "Low": 7053.850098, "Close": 7100.009766, "Adj Close": 7100.009766, "Volume": 72557800.0, "CloseUSD": 7881.010840260001}