{"Index": "J203.JO", "Date": "2020-09-16", "Open": 56130.78125, "High": 56245.42969, "Low": 55833.03125, "Close": 55960.73828, "Adj Close": 55960.73828, "Volume": 0.0, "CloseUSD": 3917.2516796}