{"Index": "J203.JO", "Date": "2021-03-31", "Open": 67291.65625, "High": 67323.92188, "Low": 66384.1875, "Close": 66485.28906, "Adj Close": 66485.28906, "Volume": 0.0, "CloseUSD": 4653.9702342}