{"Index": "GDAXI", "Date": "2020-02-25", "Open": 13132.04004, "High": 13132.04004, "Low": 12778.66016, "Close": 12790.49023, "Adj Close": 12790.49023, "Volume": 129552500.0, "CloseUSD": 15604.398080599998}