{"Index": "GSPTSE", "Date": "2009-04-17", "Open": 9365.299805, "High": 9483.599609, "Low": 9343.400391, "Close": 9437.700195, "Adj Close": 9437.700195, "Volume": 23774880000.0, "CloseUSD": 7833.291161849999}