{"Index": "GSPTSE", "Date": "1983-02-09", "Open": 2076.699951, "High": 2082.399902, "Low": 2072.699951, "Close": 2082.399902, "Adj Close": 2077.111572, "Volume": 0.0, "CloseUSD": 1728.39191866}