{"Index": "TWII", "Date": "2000-07-13", "Open": 8101.379883, "High": 8304.009766, "Low": 8101.379883, "Close": 8267.660156, "Adj Close": 8267.62793, "Volume": 0.0, "CloseUSD": 330.70640624}