{"Index": "NYA", "Date": "2003-07-08", "Open": 5639.160156, "High": 5647.620117, "Low": 5604.060059, "Close": 5642.439941, "Adj Close": 5642.439941, "Volume": 1565700000.0, "CloseUSD": 5642.439941}