{"Index": "NYA", "Date": "1989-06-02", "Open": 1919.030029, "High": 1919.030029, "Low": 1919.030029, "Close": 1919.030029, "Adj Close": 1919.030029, "Volume": 0.0, "CloseUSD": 1919.030029}