{"Index": "GSPTSE", "Date": "2013-10-03", "Open": 12839.0, "High": 12844.90039, "Low": 12700.40039, "Close": 12735.09961, "Adj Close": 12735.09961, "Volume": 13755530000.0, "CloseUSD": 10570.1326763}