{"Index": "NYA", "Date": "1997-03-07", "Open": 4481.459961, "High": 4481.459961, "Low": 4481.459961, "Close": 4481.459961, "Adj Close": 4481.459961, "Volume": 0.0, "CloseUSD": 4481.459961}