{"Index": "HSI", "Date": "1998-09-09", "Open": 8215.660156, "High": 8215.660156, "Low": 7899.97998, "Close": 7905.450195, "Adj Close": 7905.450195, "Volume": 0.0, "CloseUSD": 1027.7085253500002}