{"Index": "IXIC", "Date": "2003-11-26", "Open": 1954.280029, "High": 1960.310059, "Low": 1930.630005, "Close": 1953.310059, "Adj Close": 1953.310059, "Volume": 1524790000.0, "CloseUSD": 1953.310059}