{"Index": "NSEI", "Date": "2015-07-13", "Open": 8397.25, "High": 8471.650391, "Low": 8355.400391, "Close": 8459.650391, "Adj Close": 8459.650391, "Volume": 117800.0, "CloseUSD": 84.59650391}