{"Index": "N225", "Date": "1990-12-27", "Open": 23938.25, "High": 24263.63086, "Low": 23865.83984, "Close": 23940.69922, "Adj Close": 23940.69922, "Volume": 0.0, "CloseUSD": 239.4069922}