{"Index": "NYA", "Date": "1973-11-07", "Open": 599.950012, "High": 599.950012, "Low": 599.950012, "Close": 599.950012, "Adj Close": 599.950012, "Volume": 0.0, "CloseUSD": 599.950012}