{"Index": "SSMI", "Date": "1995-02-01", "Open": 2537.699951, "High": 2565.100098, "Low": 2536.300049, "Close": 2560.800049, "Adj Close": 2560.800049, "Volume": 0.0, "CloseUSD": 2842.4880543900003}