{"Index": "GDAXI", "Date": "1994-01-04", "Open": 2280.399902, "High": 2280.409912, "Low": 2247.889893, "Close": 2249.850098, "Adj Close": 2249.850098, "Volume": 0.0, "CloseUSD": 2744.81711956}