{"Index": "IXIC", "Date": "2017-03-17", "Open": 5898.580078, "High": 5912.609863, "Low": 5890.419922, "Close": 5901.0, "Adj Close": 5901.0, "Volume": 3184130000.0, "CloseUSD": 5901.0}