{"Index": "NYA", "Date": "1992-01-09", "Open": 2434.389893, "High": 2434.389893, "Low": 2434.389893, "Close": 2434.389893, "Adj Close": 2434.389893, "Volume": 0.0, "CloseUSD": 2434.389893}