{"Index": "IXIC", "Date": "1990-06-05", "Open": 467.200012, "High": 467.600006, "Low": 464.0, "Close": 464.600006, "Adj Close": 464.600006, "Volume": 173460000.0, "CloseUSD": 464.600006}