{"Index": "N100", "Date": "2017-11-29", "Open": 1048.199951, "High": 1051.5, "Low": 1041.869995, "Close": 1043.089966, "Adj Close": 1043.089966, "Volume": 208910500.0, "CloseUSD": 1272.56975852}