{"Index": "N225", "Date": "1974-02-04", "Open": 4551.879883, "High": 4551.879883, "Low": 4551.879883, "Close": 4551.879883, "Adj Close": 4551.879883, "Volume": 0.0, "CloseUSD": 45.51879883}