{"Index": "IXIC", "Date": "2016-05-09", "Open": 4736.350098, "High": 4771.939941, "Low": 4735.060059, "Close": 4750.209961, "Adj Close": 4750.209961, "Volume": 1625100000.0, "CloseUSD": 4750.209961}