{"Index": "GSPTSE", "Date": "1988-08-26", "Open": 3248.699951, "High": 3265.300049, "Low": 3248.699951, "Close": 3265.300049, "Adj Close": 3257.008057, "Volume": 15310000.0, "CloseUSD": 2710.19904067}