{"Index": "NYA", "Date": "1994-08-04", "Open": 2678.01001, "High": 2678.01001, "Low": 2678.01001, "Close": 2678.01001, "Adj Close": 2678.01001, "Volume": 0.0, "CloseUSD": 2678.01001}