{"Index": "GDAXI", "Date": "2003-05-19", "Open": 2976.379883, "High": 2976.379883, "Low": 2841.02002, "Close": 2850.679932, "Adj Close": 2850.679932, "Volume": 102016600.0, "CloseUSD": 3477.82951704}