{"Index": "NYA", "Date": "1976-04-06", "Open": 582.929993, "High": 582.929993, "Low": 582.929993, "Close": 582.929993, "Adj Close": 582.929993, "Volume": 0.0, "CloseUSD": 582.929993}