{"Index": "IXIC", "Date": "1998-03-03", "Open": 1748.959961, "High": 1757.180054, "Low": 1741.150024, "Close": 1757.140015, "Adj Close": 1757.140015, "Volume": 783120000.0, "CloseUSD": 1757.140015}