{"Index": "N100", "Date": "2010-07-08", "Open": 635.359985, "High": 642.119995, "Low": 633.809998, "Close": 639.929993, "Adj Close": 639.929993, "Volume": 338436900.0, "CloseUSD": 780.71459146}