{"Index": "GDAXI", "Date": "1989-04-03", "Open": 1339.430054, "High": 1339.430054, "Low": 1339.430054, "Close": 1339.430054, "Adj Close": 1339.430054, "Volume": 0.0, "CloseUSD": 1634.10466588}