{"Index": "N225", "Date": "1986-05-08", "Open": 16078.24023, "High": 16078.24023, "Low": 16078.24023, "Close": 16078.24023, "Adj Close": 16078.24023, "Volume": 0.0, "CloseUSD": 160.7824023}