{"Index": "N225", "Date": "1966-08-23", "Open": 1469.550049, "High": 1469.550049, "Low": 1469.550049, "Close": 1469.550049, "Adj Close": 1469.550049, "Volume": 0.0, "CloseUSD": 14.69550049}