{"Index": "NYA", "Date": "2008-06-03", "Open": 9316.620117, "High": 9358.490234, "Low": 9216.019531, "Close": 9262.0, "Adj Close": 9262.0, "Volume": 4396380000.0, "CloseUSD": 9262.0}