{"Index": "TWII", "Date": "2000-04-07", "Open": 10069.51953, "High": 10128.25977, "Low": 9908.879883, "Close": 9921.030273, "Adj Close": 9920.992188, "Volume": 0.0, "CloseUSD": 396.84121092}