{"Index": "GSPTSE", "Date": "2018-03-22", "Open": 15563.5, "High": 15570.90039, "Low": 15387.09961, "Close": 15399.90039, "Adj Close": 15399.90039, "Volume": 23035260000.0, "CloseUSD": 12781.9173237}