{"Index": "GSPTSE", "Date": "2010-04-16", "Open": 12190.59961, "High": 12211.5, "Low": 12019.90039, "Close": 12070.7002, "Adj Close": 12070.7002, "Volume": 20940830000.0, "CloseUSD": 10018.681165999998}