{"Index": "GSPTSE", "Date": "1988-06-02", "Open": 3273.199951, "High": 3308.100098, "Low": 3273.199951, "Close": 3306.399902, "Adj Close": 3298.003418, "Volume": 32900000.0, "CloseUSD": 2744.31191866}