{"Index": "399001.SZ", "Date": "2006-06-30", "Open": 4322.410156, "High": 4341.629883, "Low": 4275.830078, "Close": 4301.660156, "Adj Close": 4301.611816, "Volume": 55700.0, "CloseUSD": 688.26562496}