{"Index": "N100", "Date": "2002-12-27", "Open": 539.570007, "High": 543.580017, "Low": 531.849976, "Close": 532.580017, "Adj Close": 532.580017, "Volume": 0.0, "CloseUSD": 649.74762074}