{"Index": "IXIC", "Date": "1998-02-17", "Open": 1721.02002, "High": 1723.400024, "Low": 1700.910034, "Close": 1703.430054, "Adj Close": 1703.430054, "Volume": 691970000.0, "CloseUSD": 1703.430054}