{"Index": "TWII", "Date": "2021-03-31", "Open": 16529.23047, "High": 16550.19922, "Low": 16427.19922, "Close": 16431.13086, "Adj Close": 16431.13086, "Volume": 5865500.0, "CloseUSD": 657.2452344000001}