{"Index": "TWII", "Date": "2016-12-09", "Open": 9383.070313, "High": 9399.25, "Low": 9366.860352, "Close": 9392.679688, "Adj Close": 9392.672852, "Volume": 1811800.0, "CloseUSD": 375.70718752}