{"Index": "NYA", "Date": "2009-11-30", "Open": 7070.089844, "High": 7109.689941, "Low": 7030.720215, "Close": 7092.359863, "Adj Close": 7092.359863, "Volume": 3895520000.0, "CloseUSD": 7092.359863}