{"Index": "SSMI", "Date": "1992-08-12", "Open": 1800.599976, "High": 1813.099976, "Low": 1790.699951, "Close": 1793.599976, "Adj Close": 1793.599976, "Volume": 0.0, "CloseUSD": 1990.89597336}