{"Index": "N100", "Date": "2011-12-12", "Open": 586.390015, "High": 587.919983, "Low": 576.840027, "Close": 576.840027, "Adj Close": 576.840027, "Volume": 250409200.0, "CloseUSD": 703.7448329399999}