{"Index": "N225", "Date": "2003-03-20", "Open": 8127.77002, "High": 8287.089844, "Low": 8121.910156, "Close": 8195.049805, "Adj Close": 8195.049805, "Volume": 54500000.0, "CloseUSD": 81.95049805000001}