{"Index": "IXIC", "Date": "1984-10-26", "Open": 247.699997, "High": 247.699997, "Low": 247.300003, "Close": 247.399994, "Adj Close": 247.399994, "Volume": 52890000.0, "CloseUSD": 247.399994}