{"Index": "399001.SZ", "Date": "2019-09-25", "Open": 9768.379883, "High": 9768.379883, "Low": 9656.049805, "Close": 9671.05957, "Adj Close": 9671.05957, "Volume": 122300.0, "CloseUSD": 1547.3695312}