{"Index": "GSPTSE", "Date": "2017-07-20", "Open": 15281.0, "High": 15319.2002, "Low": 15224.79981, "Close": 15264.59961, "Adj Close": 15264.59961, "Volume": 14189880000.0, "CloseUSD": 12669.617676299998}