{"Index": "GSPTSE", "Date": "1996-09-13", "Open": 5214.700195, "High": 5243.299805, "Low": 5214.700195, "Close": 5243.299805, "Adj Close": 5243.299805, "Volume": 91180000.0, "CloseUSD": 4351.938838149999}