{"Index": "N225", "Date": "2002-09-24", "Open": 9396.419922, "High": 9396.419922, "Low": 9188.290039, "Close": 9321.639648, "Adj Close": 9321.639648, "Volume": 54700000.0, "CloseUSD": 93.21639648}