{"Index": "NYA", "Date": "1987-08-24", "Open": 1969.569946, "High": 1969.569946, "Low": 1969.569946, "Close": 1969.569946, "Adj Close": 1969.569946, "Volume": 0.0, "CloseUSD": 1969.569946}