{"Index": "GSPTSE", "Date": "1991-10-08", "Open": 3362.0, "High": 3362.0, "Low": 3348.399902, "Close": 3353.699951, "Adj Close": 3353.699951, "Volume": 24350000.0, "CloseUSD": 2783.57095933}