{"Index": "NYA", "Date": "2010-10-13", "Open": 7489.669922, "High": 7596.430176, "Low": 7489.669922, "Close": 7561.5, "Adj Close": 7561.5, "Volume": 4969410000.0, "CloseUSD": 7561.5}