{"Index": "000001.SS", "Date": "2009-12-10", "Open": 3258.354004, "High": 3276.125977, "Low": 3225.562988, "Close": 3254.263916, "Adj Close": 3254.263916, "Volume": 94400.0, "CloseUSD": 520.68222656}