{"Index": "GSPTSE", "Date": "1980-09-26", "Open": 2323.0, "High": 2323.0, "Low": 2271.100098, "Close": 2271.100098, "Adj Close": 2265.332764, "Volume": 0.0, "CloseUSD": 1885.01308134}