{"Index": "TWII", "Date": "2002-03-21", "Open": 5981.77002, "High": 6080.450195, "Low": 5980.810059, "Close": 6046.52002, "Adj Close": 6046.497559, "Volume": 0.0, "CloseUSD": 241.8608008}