{"Index": "N225", "Date": "1999-01-26", "Open": 14251.29004, "High": 14501.44043, "Low": 14251.29004, "Close": 14382.00977, "Adj Close": 14382.00977, "Volume": 0.0, "CloseUSD": 143.82009770000002}