{"Index": "GDAXI", "Date": "2003-05-26", "Open": 2821.540039, "High": 2855.280029, "Low": 2812.399902, "Close": 2828.280029, "Adj Close": 2828.280029, "Volume": 33294900.0, "CloseUSD": 3450.50163538}