{"Index": "J203.JO", "Date": "2014-06-10", "Open": 50134.53125, "High": 50736.42188, "Low": 50134.53125, "Close": 50736.42188, "Adj Close": 50736.42188, "Volume": 0.0, "CloseUSD": 3551.5495316000006}