{"Index": "NYA", "Date": "2016-07-14", "Open": 10806.20996, "High": 10815.42969, "Low": 10769.58984, "Close": 10786.62988, "Adj Close": 10786.62988, "Volume": 3465610000.0, "CloseUSD": 10786.62988}