{"Index": "TWII", "Date": "1999-11-16", "Open": 7576.950195, "High": 7646.25, "Low": 7554.169922, "Close": 7606.200195, "Adj Close": 7606.171387, "Volume": 0.0, "CloseUSD": 304.24800780000004}