{"Index": "GSPTSE", "Date": "1984-06-07", "Open": 2279.699951, "High": 2279.699951, "Low": 2273.199951, "Close": 2274.300049, "Adj Close": 2268.524658, "Volume": 0.0, "CloseUSD": 1887.66904067}