{"Index": "N225", "Date": "2010-09-01", "Open": 8833.320313, "High": 8932.150391, "Low": 8796.450195, "Close": 8927.019531, "Adj Close": 8927.019531, "Volume": 120100000.0, "CloseUSD": 89.27019531}