{"Index": "IXIC", "Date": "1999-06-14", "Open": 2453.22998, "High": 2456.169922, "Low": 2397.120117, "Close": 2398.310059, "Adj Close": 2398.310059, "Volume": 835470000.0, "CloseUSD": 2398.310059}