{"Index": "IXIC", "Date": "1983-11-17", "Open": 281.26001, "High": 281.26001, "Low": 281.26001, "Close": 281.26001, "Adj Close": 281.26001, "Volume": 0.0, "CloseUSD": 281.26001}