{"Index": "IXIC", "Date": "2007-02-12", "Open": 2460.629883, "High": 2460.629883, "Low": 2444.679932, "Close": 2450.379883, "Adj Close": 2450.379883, "Volume": 1840250000.0, "CloseUSD": 2450.379883}