{"Index": "NYA", "Date": "1975-11-14", "Open": 509.230011, "High": 509.230011, "Low": 509.230011, "Close": 509.230011, "Adj Close": 509.230011, "Volume": 0.0, "CloseUSD": 509.230011}