{"Index": "NYA", "Date": "2010-09-09", "Open": 6999.970215, "High": 7080.290039, "Low": 6999.970215, "Close": 7034.370117, "Adj Close": 7034.370117, "Volume": 3387770000.0, "CloseUSD": 7034.370117}