{"Index": "J203.JO", "Date": "2021-05-20", "Open": 65855.8125, "High": 66423.20313, "Low": 65757.17188, "Close": 66124.4375, "Adj Close": 66124.4375, "Volume": 0.0, "CloseUSD": 4628.710625000001}