{"Index": "399001.SZ", "Date": "2018-01-08", "Open": 11343.82031, "High": 11386.04004, "Low": 11287.59961, "Close": 11382.71973, "Adj Close": 11382.67481, "Volume": 122800.0, "CloseUSD": 1821.2351568}