{"Index": "HSI", "Date": "2016-03-01", "Open": 19259.99023, "High": 19420.0, "Low": 19108.30078, "Close": 19407.46094, "Adj Close": 19407.46094, "Volume": 1473881700.0, "CloseUSD": 2522.9699222000004}