{"Index": "GSPTSE", "Date": "1983-06-24", "Open": 2459.5, "High": 2467.0, "Low": 2458.800049, "Close": 2467.0, "Adj Close": 2460.735352, "Volume": 0.0, "CloseUSD": 2047.61}