{"Index": "HSI", "Date": "2001-08-30", "Open": 11241.62988, "High": 11335.16016, "Low": 11115.44043, "Close": 11315.62988, "Adj Close": 11315.62988, "Volume": 246490800.0, "CloseUSD": 1471.0318844}