{"Index": "HSI", "Date": "2002-12-24", "Open": 9586.259766, "High": 9593.929688, "Low": 9554.30957, "Close": 9561.629883, "Adj Close": 9561.629883, "Volume": 103219200.0, "CloseUSD": 1243.01188479}