{"Index": "SSMI", "Date": "1997-08-22", "Open": 5666.399902, "High": 5666.399902, "Low": 5471.200195, "Close": 5475.799805, "Adj Close": 5475.799805, "Volume": 0.0, "CloseUSD": 6078.13778355}