{"Index": "IXIC", "Date": "2000-04-12", "Open": 4050.320068, "High": 4077.919922, "Low": 3769.169922, "Close": 3769.629883, "Adj Close": 3769.629883, "Volume": 1921090000.0, "CloseUSD": 3769.629883}