{"Index": "GDAXI", "Date": "1990-10-08", "Open": 1458.069946, "High": 1458.069946, "Low": 1458.069946, "Close": 1458.069946, "Adj Close": 1458.069946, "Volume": 0.0, "CloseUSD": 1778.84533412}