{"Index": "SSMI", "Date": "2006-09-28", "Open": 8416.200195, "High": 8433.200195, "Low": 8389.5, "Close": 8416.700195, "Adj Close": 8416.700195, "Volume": 46205800.0, "CloseUSD": 9342.53721645}