{"Index": "HSI", "Date": "2001-05-11", "Open": 13602.15039, "High": 13689.67969, "Low": 13579.20996, "Close": 13636.61035, "Adj Close": 13636.61035, "Volume": 0.0, "CloseUSD": 1772.7593455}