{"Index": "GSPTSE", "Date": "1996-07-18", "Open": 4957.299805, "High": 5009.200195, "Low": 4957.299805, "Close": 5006.899902, "Adj Close": 5006.899902, "Volume": 70020000.0, "CloseUSD": 4155.72691866}