{"Index": "GSPTSE", "Date": "2012-02-24", "Open": 12742.0, "High": 12763.79981, "Low": 12710.59961, "Close": 12725.79981, "Adj Close": 12725.79981, "Volume": 19960610000.0, "CloseUSD": 10562.4138423}