{"Index": "N225", "Date": "2004-11-12", "Open": 10841.42969, "High": 11026.92969, "Low": 10841.42969, "Close": 11019.98047, "Adj Close": 11019.98047, "Volume": 80900000.0, "CloseUSD": 110.1998047}