{"Index": "SSMI", "Date": "2013-04-25", "Open": 7859.669922, "High": 7916.060059, "Low": 7807.669922, "Close": 7901.240234, "Adj Close": 7901.240234, "Volume": 46492400.0, "CloseUSD": 8770.37665974}