{"Index": "SSMI", "Date": "2021-04-08", "Open": 11129.13965, "High": 11206.87988, "Low": 11128.66992, "Close": 11206.87988, "Adj Close": 11206.87988, "Volume": 45600000.0, "CloseUSD": 12439.6366668}