{"Index": "NYA", "Date": "1983-12-06", "Open": 1010.950012, "High": 1010.950012, "Low": 1010.950012, "Close": 1010.950012, "Adj Close": 1010.950012, "Volume": 0.0, "CloseUSD": 1010.950012}