{"Index": "399001.SZ", "Date": "2001-10-29", "Open": 3449.580078, "High": 3485.52002, "Low": 3449.580078, "Close": 3482.350098, "Adj Close": 3482.311035, "Volume": 0.0, "CloseUSD": 557.17601568}