{"Index": "HSI", "Date": "2009-03-30", "Open": 13893.15039, "High": 13893.15039, "Low": 13413.48047, "Close": 13456.33008, "Adj Close": 13456.33008, "Volume": 2885519600.0, "CloseUSD": 1749.3229104}