{"Index": "J203.JO", "Date": "2019-07-05", "Open": 57829.46875, "High": 57829.46875, "Low": 57500.91016, "Close": 57589.82031, "Adj Close": 57589.82031, "Volume": 0.0, "CloseUSD": 4031.287421700001}