{"Index": "GDAXI", "Date": "2002-04-26", "Open": 5064.790039, "High": 5097.850098, "Low": 4984.620117, "Close": 5000.379883, "Adj Close": 5000.379883, "Volume": 80654300.0, "CloseUSD": 6100.46345726}