{"Index": "GSPTSE", "Date": "1996-05-31", "Open": 5232.100098, "High": 5247.899902, "Low": 5223.700195, "Close": 5246.399902, "Adj Close": 5246.399902, "Volume": 114930000.0, "CloseUSD": 4354.51191866}