{"Index": "N225", "Date": "1985-11-22", "Open": 12759.33008, "High": 12759.33008, "Low": 12759.33008, "Close": 12759.33008, "Adj Close": 12759.33008, "Volume": 0.0, "CloseUSD": 127.5933008}