{"Index": "N100", "Date": "2016-11-04", "Open": 860.820007, "High": 861.22998, "Low": 852.919983, "Close": 856.690002, "Adj Close": 856.690002, "Volume": 213214600.0, "CloseUSD": 1045.16180244}