{"Index": "NYA", "Date": "2017-08-17", "Open": 11839.91016, "High": 11856.49023, "Low": 11712.59961, "Close": 11712.71973, "Adj Close": 11712.71973, "Volume": 3142620000.0, "CloseUSD": 11712.71973}