{"Index": "IXIC", "Date": "1982-04-02", "Open": 178.559998, "High": 178.559998, "Low": 178.559998, "Close": 178.559998, "Adj Close": 178.559998, "Volume": 0.0, "CloseUSD": 178.559998}