{"Index": "N225", "Date": "1997-07-28", "Open": 20420.24023, "High": 20600.66016, "Low": 20420.24023, "Close": 20575.25977, "Adj Close": 20575.25977, "Volume": 0.0, "CloseUSD": 205.7525977}