{"Index": "GSPTSE", "Date": "2006-07-27", "Open": 11898.59961, "High": 11929.90039, "Low": 11758.90039, "Close": 11758.90039, "Adj Close": 11758.90039, "Volume": 17526080000.0, "CloseUSD": 9759.8873237}