{"Index": "N225", "Date": "1986-10-02", "Open": 17019.13086, "High": 17019.13086, "Low": 17019.13086, "Close": 17019.13086, "Adj Close": 17019.13086, "Volume": 0.0, "CloseUSD": 170.1913086}