{"Index": "GDAXI", "Date": "1988-07-04", "Open": 1170.439941, "High": 1170.439941, "Low": 1170.439941, "Close": 1170.439941, "Adj Close": 1170.439941, "Volume": 0.0, "CloseUSD": 1427.93672802}