{"Index": "IXIC", "Date": "1996-06-24", "Open": 1177.930054, "High": 1185.390015, "Low": 1176.420044, "Close": 1182.900024, "Adj Close": 1182.900024, "Volume": 500470000.0, "CloseUSD": 1182.900024}