{"Index": "SSMI", "Date": "1994-11-18", "Open": 2601.399902, "High": 2618.300049, "Low": 2600.100098, "Close": 2606.5, "Adj Close": 2606.5, "Volume": 0.0, "CloseUSD": 2893.215}