{"Index": "HSI", "Date": "2004-07-02", "Open": 12052.36035, "High": 12246.75, "Low": 12051.04981, "Close": 12220.12988, "Adj Close": 12220.12988, "Volume": 256919800.0, "CloseUSD": 1588.6168844}