{"Index": "GDAXI", "Date": "2012-03-21", "Open": 7088.759766, "High": 7114.009766, "Low": 7012.040039, "Close": 7071.319824, "Adj Close": 7071.319824, "Volume": 134457400.0, "CloseUSD": 8627.01018528}