{"Index": "SSMI", "Date": "2019-05-13", "Open": 9475.530273, "High": 9475.570313, "Low": 9319.990234, "Close": 9363.179688, "Adj Close": 9363.179688, "Volume": 65223900.0, "CloseUSD": 10393.12945368}