{"Index": "SSMI", "Date": "1999-07-05", "Open": 7245.700195, "High": 7293.600098, "Low": 7232.200195, "Close": 7292.200195, "Adj Close": 7292.200195, "Volume": 0.0, "CloseUSD": 8094.342216450001}