{"Index": "N225", "Date": "2019-06-20", "Open": 21417.74023, "High": 21491.39063, "Low": 21377.26953, "Close": 21462.85938, "Adj Close": 21462.85938, "Volume": 55700000.0, "CloseUSD": 214.62859380000003}