{"Index": "N100", "Date": "2006-02-10", "Open": 850.75, "High": 854.820007, "Low": 847.27002, "Close": 847.859985, "Adj Close": 847.859985, "Volume": 262852200.0, "CloseUSD": 1034.3891817}