{"Index": "N225", "Date": "2005-12-22", "Open": 15975.99023, "High": 15991.29981, "Low": 15759.73047, "Close": 15941.37012, "Adj Close": 15941.37012, "Volume": 161800000.0, "CloseUSD": 159.4137012}