{"Index": "SSMI", "Date": "2013-05-31", "Open": 8027.549805, "High": 8031.339844, "Low": 7913.02002, "Close": 7947.009766, "Adj Close": 7947.009766, "Volume": 67018900.0, "CloseUSD": 8821.180840260002}