{"Index": "GSPTSE", "Date": "1984-10-12", "Open": 2370.600098, "High": 2388.100098, "Low": 2370.600098, "Close": 2386.699951, "Adj Close": 2380.638916, "Volume": 0.0, "CloseUSD": 1980.96095933}