{"Index": "SSMI", "Date": "2016-04-25", "Open": 8122.509766, "High": 8140.399902, "Low": 8046.27002, "Close": 8079.890137, "Adj Close": 8079.890137, "Volume": 48121700.0, "CloseUSD": 8968.678052070001}