{"Index": "N225", "Date": "1970-07-17", "Open": 2067.76001, "High": 2067.76001, "Low": 2067.76001, "Close": 2067.76001, "Adj Close": 2067.76001, "Volume": 0.0, "CloseUSD": 20.6776001}