{"Index": "GDAXI", "Date": "1996-01-19", "Open": 2397.929932, "High": 2404.909912, "Low": 2385.629883, "Close": 2400.580078, "Adj Close": 2400.580078, "Volume": 0.0, "CloseUSD": 2928.70769516}