{"Index": "399001.SZ", "Date": "2006-09-27", "Open": 4205.069824, "High": 4241.939941, "Low": 4175.640137, "Close": 4241.939941, "Adj Close": 4241.892578, "Volume": 25400.0, "CloseUSD": 678.71039056}