{"Index": "IXIC", "Date": "1971-04-14", "Open": 109.080002, "High": 109.080002, "Low": 109.080002, "Close": 109.080002, "Adj Close": 109.080002, "Volume": 0.0, "CloseUSD": 109.080002}