{"Index": "NYA", "Date": "2015-08-18", "Open": 10799.54004, "High": 10819.69043, "Low": 10780.00977, "Close": 10792.79981, "Adj Close": 10792.79981, "Volume": 2949990000.0, "CloseUSD": 10792.79981}