{"Index": "399001.SZ", "Date": "2013-08-05", "Open": 7955.379883, "High": 8060.390137, "Low": 7930.459961, "Close": 8060.390137, "Adj Close": 8060.299805, "Volume": 105400.0, "CloseUSD": 1289.66242192}