{"Index": "SSMI", "Date": "2021-04-28", "Open": 11106.82031, "High": 11126.69043, "Low": 11070.71973, "Close": 11103.45996, "Adj Close": 11103.45996, "Volume": 50802200.0, "CloseUSD": 12324.840555600002}