{"Index": "N225", "Date": "1970-04-28", "Open": 2315.429932, "High": 2315.429932, "Low": 2315.429932, "Close": 2315.429932, "Adj Close": 2315.429932, "Volume": 0.0, "CloseUSD": 23.15429932}