{"Index": "NYA", "Date": "1990-08-06", "Open": 1938.380005, "High": 1938.380005, "Low": 1938.380005, "Close": 1938.380005, "Adj Close": 1938.380005, "Volume": 0.0, "CloseUSD": 1938.380005}