{"Index": "IXIC", "Date": "2016-06-15", "Open": 4855.080078, "High": 4868.160156, "Low": 4830.330078, "Close": 4834.930176, "Adj Close": 4834.930176, "Volume": 1802200000.0, "CloseUSD": 4834.930176}