{"Index": "N225", "Date": "1983-08-19", "Open": 9139.730469, "High": 9139.730469, "Low": 9139.730469, "Close": 9139.730469, "Adj Close": 9139.730469, "Volume": 0.0, "CloseUSD": 91.39730469}