{"Index": "HSI", "Date": "1992-01-21", "Open": 4510.5, "High": 4529.600098, "Low": 4488.5, "Close": 4522.200195, "Adj Close": 4522.200195, "Volume": 0.0, "CloseUSD": 587.8860253500001}