{"Index": "000001.SS", "Date": "2003-10-28", "Open": 1365.998047, "High": 1382.597046, "Low": 1356.488037, "Close": 1369.324951, "Adj Close": 1369.324951, "Volume": 10200.0, "CloseUSD": 219.09199216}