{"Index": "GDAXI", "Date": "2008-01-09", "Open": 7839.22998, "High": 7841.620117, "Low": 7770.419922, "Close": 7782.709961, "Adj Close": 7782.709961, "Volume": 206848900.0, "CloseUSD": 9494.90615242}