{"Index": "GSPTSE", "Date": "1993-06-09", "Open": 3854.5, "High": 3859.899902, "Low": 3851.899902, "Close": 3859.699951, "Adj Close": 3859.699951, "Volume": 29450000.0, "CloseUSD": 3203.55095933}