{"Index": "N225", "Date": "2019-12-16", "Open": 23955.19922, "High": 24036.30078, "Low": 23950.05078, "Close": 23952.34961, "Adj Close": 23952.34961, "Volume": 53300000.0, "CloseUSD": 239.5234961}