{"Index": "NYA", "Date": "2008-09-18", "Open": 7440.390137, "High": 7806.410156, "Low": 7318.839844, "Close": 7775.160156, "Adj Close": 7775.160156, "Volume": 10082690000.0, "CloseUSD": 7775.160156}