{"Index": "GDAXI", "Date": "2011-05-25", "Open": 7079.25, "High": 7183.799805, "Low": 7071.419922, "Close": 7170.939941, "Adj Close": 7170.939941, "Volume": 240857800.0, "CloseUSD": 8748.54672802}