{"Index": "J203.JO", "Date": "2018-08-30", "Open": 60165.51172, "High": 60165.51172, "Low": 58802.69141, "Close": 58802.69141, "Adj Close": 58802.69141, "Volume": 0.0, "CloseUSD": 4116.1883987}