{"Index": "TWII", "Date": "2005-06-27", "Open": 6307.609863, "High": 6342.450195, "Low": 6279.390137, "Close": 6302.990234, "Adj Close": 6302.966309, "Volume": 3169400.0, "CloseUSD": 252.11960936}