{"Index": "TWII", "Date": "1998-09-04", "Open": 6254.830078, "High": 6463.149902, "Low": 6254.830078, "Close": 6463.149902, "Adj Close": 6463.125488, "Volume": 0.0, "CloseUSD": 258.52599608}