{"Index": "SSMI", "Date": "2005-06-07", "Open": 6192.100098, "High": 6241.5, "Low": 6192.100098, "Close": 6237.399902, "Adj Close": 6237.399902, "Volume": 51936600.0, "CloseUSD": 6923.513891220001}