{"Index": "NYA", "Date": "1997-09-04", "Open": 5129.419922, "High": 5129.419922, "Low": 5129.419922, "Close": 5129.419922, "Adj Close": 5129.419922, "Volume": 0.0, "CloseUSD": 5129.419922}