{"Index": "399001.SZ", "Date": "2012-07-18", "Open": 9545.370117, "High": 9588.040039, "Low": 9328.900391, "Close": 9514.169922, "Adj Close": 9514.063477, "Volume": 69000.0, "CloseUSD": 1522.26718752}