{"Index": "GSPTSE", "Date": "1980-07-29", "Open": 2185.699951, "High": 2206.899902, "Low": 2185.699951, "Close": 2206.899902, "Adj Close": 2201.295654, "Volume": 0.0, "CloseUSD": 1831.72691866}