{"Index": "NSEI", "Date": "2008-09-24", "Open": 4125.75, "High": 4207.950195, "Low": 4115.850098, "Close": 4161.25, "Adj Close": 4161.25, "Volume": 0.0, "CloseUSD": 41.6125}