{"Index": "SSMI", "Date": "1999-02-17", "Open": 6981.399902, "High": 7046.200195, "Low": 6937.799805, "Close": 7045.899902, "Adj Close": 7045.899902, "Volume": 0.0, "CloseUSD": 7820.94889122}