{"Index": "NYA", "Date": "2005-02-14", "Open": 7261.640137, "High": 7282.549805, "Low": 7260.799805, "Close": 7280.370117, "Adj Close": 7280.370117, "Volume": 1290180000.0, "CloseUSD": 7280.370117}