{"Index": "NYA", "Date": "1978-07-11", "Open": 569.919983, "High": 569.919983, "Low": 569.919983, "Close": 569.919983, "Adj Close": 569.919983, "Volume": 0.0, "CloseUSD": 569.919983}