{"Index": "NYA", "Date": "2016-02-04", "Open": 9484.129883, "High": 9591.299805, "Low": 9465.870117, "Close": 9534.299805, "Adj Close": 9534.299805, "Volume": 5193320000.0, "CloseUSD": 9534.299805}