{"Index": "000001.SS", "Date": "2012-04-26", "Open": 2408.558105, "High": 2414.75293, "Low": 2393.264893, "Close": 2404.697021, "Adj Close": 2404.697021, "Volume": 115600.0, "CloseUSD": 384.75152336}