{"Index": "N225", "Date": "1967-09-07", "Open": 1353.910034, "High": 1353.910034, "Low": 1353.910034, "Close": 1353.910034, "Adj Close": 1353.910034, "Volume": 0.0, "CloseUSD": 13.53910034}