{"Index": "NYA", "Date": "1992-02-03", "Open": 2396.110107, "High": 2396.110107, "Low": 2396.110107, "Close": 2396.110107, "Adj Close": 2396.110107, "Volume": 0.0, "CloseUSD": 2396.110107}