{"Index": "GDAXI", "Date": "1990-07-20", "Open": 1950.160034, "High": 1950.160034, "Low": 1950.160034, "Close": 1950.160034, "Adj Close": 1950.160034, "Volume": 0.0, "CloseUSD": 2379.19524148}