{"Index": "N225", "Date": "1995-10-02", "Open": 17921.38086, "High": 17950.17969, "Low": 17683.83984, "Close": 17739.83984, "Adj Close": 17739.83984, "Volume": 0.0, "CloseUSD": 177.39839840000002}