{"Index": "J203.JO", "Date": "2017-06-21", "Open": 51160.57031, "High": 51402.69141, "Low": 50803.87109, "Close": 51402.69141, "Adj Close": 51402.69141, "Volume": 0.0, "CloseUSD": 3598.1883987}