{"Index": "IXIC", "Date": "1979-10-11", "Open": 140.089996, "High": 140.089996, "Low": 140.089996, "Close": 140.089996, "Adj Close": 140.089996, "Volume": 0.0, "CloseUSD": 140.089996}