{"Index": "000001.SS", "Date": "2005-04-14", "Open": 1252.206055, "High": 1253.598022, "Low": 1233.237061, "Close": 1234.332031, "Adj Close": 1234.332031, "Volume": 15600.0, "CloseUSD": 197.49312496}