{"Index": "NSEI", "Date": "2016-11-09", "Open": 8067.5, "High": 8476.200195, "Low": 8002.25, "Close": 8432.0, "Adj Close": 8432.0, "Volume": 314300.0, "CloseUSD": 84.32000000000001}