{"Index": "NYA", "Date": "2008-02-14", "Open": 9073.490234, "High": 9091.530273, "Low": 8960.549805, "Close": 8968.410156, "Adj Close": 8968.410156, "Volume": 3644760000.0, "CloseUSD": 8968.410156}