{"Index": "NSEI", "Date": "2020-07-17", "Open": 10752.0, "High": 10933.4502, "Low": 10749.65039, "Close": 10901.7002, "Adj Close": 10901.7002, "Volume": 676900.0, "CloseUSD": 109.017002}