{"Index": "N225", "Date": "2001-05-07", "Open": 14384.13965, "High": 14556.11035, "Low": 14184.84961, "Close": 14529.41016, "Adj Close": 14529.41016, "Volume": 0.0, "CloseUSD": 145.2941016}