{"Index": "000001.SS", "Date": "2012-06-07", "Open": 2324.672119, "High": 2328.672119, "Low": 2288.665039, "Close": 2293.129883, "Adj Close": 2293.129883, "Volume": 60200.0, "CloseUSD": 366.90078128}