{"Index": "N225", "Date": "2002-09-19", "Open": 9606.780273, "High": 9884.599609, "Low": 9606.780273, "Close": 9669.620117, "Adj Close": 9669.620117, "Volume": 82800000.0, "CloseUSD": 96.69620117}