{"Index": "IXIC", "Date": "1996-02-22", "Open": 1100.170044, "High": 1117.530029, "Low": 1100.170044, "Close": 1117.109985, "Adj Close": 1117.109985, "Volume": 641140000.0, "CloseUSD": 1117.109985}