{"Index": "N225", "Date": "2008-10-06", "Open": 10817.26953, "High": 10839.5, "Low": 10374.37988, "Close": 10473.08984, "Adj Close": 10473.08984, "Volume": 185000000.0, "CloseUSD": 104.7308984}