{"Index": "HSI", "Date": "1994-01-12", "Open": 11139.2002, "High": 11139.2002, "Low": 10593.09961, "Close": 10712.7002, "Adj Close": 10712.7002, "Volume": 0.0, "CloseUSD": 1392.651026}