{"Index": "SSMI", "Date": "2008-12-10", "Open": 5813.669922, "High": 5856.350098, "Low": 5711.149902, "Close": 5751.910156, "Adj Close": 5751.910156, "Volume": 69625900.0, "CloseUSD": 6384.620273160001}