{"Index": "399001.SZ", "Date": "2006-12-29", "Open": 6481.25, "High": 6687.279785, "Low": 6481.25, "Close": 6647.140137, "Adj Close": 6647.06543, "Volume": 95700.0, "CloseUSD": 1063.5424219200002}