{"Index": "GDAXI", "Date": "1991-08-02", "Open": 1619.670044, "High": 1619.670044, "Low": 1619.670044, "Close": 1619.670044, "Adj Close": 1619.670044, "Volume": 0.0, "CloseUSD": 1975.99745368}