{"Index": "NYA", "Date": "2017-02-22", "Open": 11544.16992, "High": 11567.9502, "Low": 11530.84961, "Close": 11550.17969, "Adj Close": 11550.17969, "Volume": 3468670000.0, "CloseUSD": 11550.17969}