{"Index": "399001.SZ", "Date": "1998-05-15", "Open": 4174.609863, "High": 4241.330078, "Low": 4174.609863, "Close": 4205.430176, "Adj Close": 4205.382813, "Volume": 0.0, "CloseUSD": 672.86882816}