{"Index": "GSPTSE", "Date": "2014-02-18", "Open": 14054.79981, "High": 14109.79981, "Low": 14054.79981, "Close": 14077.5, "Adj Close": 14077.5, "Volume": 18674510000.0, "CloseUSD": 11684.325}