{"Index": "TWII", "Date": "2017-08-23", "Open": 10418.32031, "High": 10458.91016, "Low": 10378.00977, "Close": 10406.80957, "Adj Close": 10406.80957, "Volume": 2465700.0, "CloseUSD": 416.2723828}