{"Index": "IXIC", "Date": "2003-08-07", "Open": 1651.459961, "High": 1658.430054, "Low": 1641.73999, "Close": 1652.180054, "Adj Close": 1652.180054, "Volume": 1638040000.0, "CloseUSD": 1652.180054}