{"Index": "N225", "Date": "2009-03-17", "Open": 7767.339844, "High": 7967.029785, "Low": 7723.939941, "Close": 7949.129883, "Adj Close": 7949.129883, "Volume": 171400000.0, "CloseUSD": 79.49129882999999}