{"Index": "N225", "Date": "1994-04-07", "Open": 19676.33984, "High": 19946.08984, "Low": 19587.7207, "Close": 19890.98047, "Adj Close": 19890.98047, "Volume": 0.0, "CloseUSD": 198.9098047}