{"Index": "399001.SZ", "Date": "2013-02-19", "Open": 9787.040039, "High": 9787.040039, "Low": 9519.740234, "Close": 9550.929688, "Adj Close": 9550.823242, "Volume": 104400.0, "CloseUSD": 1528.14875008}