{"Index": "NYA", "Date": "1985-04-26", "Open": 1115.73999, "High": 1115.73999, "Low": 1115.73999, "Close": 1115.73999, "Adj Close": 1115.73999, "Volume": 0.0, "CloseUSD": 1115.73999}