{"Index": "000001.SS", "Date": "2019-08-12", "Open": 2781.97998, "High": 2814.98999, "Low": 2776.620117, "Close": 2814.98999, "Adj Close": 2814.98999, "Volume": 131600.0, "CloseUSD": 450.3983984}