{"Index": "TWII", "Date": "2011-11-23", "Open": 6967.660156, "High": 6981.540039, "Low": 6806.430176, "Close": 6806.430176, "Adj Close": 6806.404297, "Volume": 2482200.0, "CloseUSD": 272.25720704}