{"Index": "399001.SZ", "Date": "2002-08-26", "Open": 3478.120117, "High": 3480.969971, "Low": 3443.419922, "Close": 3448.370117, "Adj Close": 3448.331299, "Volume": 0.0, "CloseUSD": 551.73921872}