{"Index": "J203.JO", "Date": "2016-09-13", "Open": 52802.0, "High": 53053.0, "Low": 52679.35156, "Close": 52805.96094, "Adj Close": 52805.96094, "Volume": 0.0, "CloseUSD": 3696.4172658}