{"Index": "N225", "Date": "1989-11-06", "Open": 35494.94922, "High": 35573.25, "Low": 35411.46094, "Close": 35434.0, "Adj Close": 35434.0, "Volume": 0.0, "CloseUSD": 354.34000000000003}