{"Index": "399001.SZ", "Date": "2004-07-07", "Open": 3397.169922, "High": 3397.169922, "Low": 3355.969971, "Close": 3364.870117, "Adj Close": 3364.83252, "Volume": 9100.0, "CloseUSD": 538.37921872}