{"Index": "IXIC", "Date": "1981-04-07", "Open": 211.759995, "High": 211.759995, "Low": 211.759995, "Close": 211.759995, "Adj Close": 211.759995, "Volume": 0.0, "CloseUSD": 211.759995}