{"Index": "N100", "Date": "2002-11-14", "Open": 534.859985, "High": 555.169983, "Low": 531.710022, "Close": 554.5, "Adj Close": 554.5, "Volume": 0.0, "CloseUSD": 676.49}