{"Index": "GDAXI", "Date": "1988-08-03", "Open": 1192.420044, "High": 1192.420044, "Low": 1192.420044, "Close": 1192.420044, "Adj Close": 1192.420044, "Volume": 0.0, "CloseUSD": 1454.75245368}