{"Index": "GDAXI", "Date": "2008-12-12", "Open": 4660.049805, "High": 4699.060059, "Low": 4521.52002, "Close": 4663.370117, "Adj Close": 4663.370117, "Volume": 172964700.0, "CloseUSD": 5689.311542740001}