{"Index": "NYA", "Date": "2003-06-24", "Open": 5549.100098, "High": 5564.410156, "Low": 5528.169922, "Close": 5551.189941, "Adj Close": 5551.189941, "Volume": 1388300000.0, "CloseUSD": 5551.189941}