{"Index": "399001.SZ", "Date": "1999-12-23", "Open": 3395.560059, "High": 3399.679932, "Low": 3346.629883, "Close": 3357.370117, "Adj Close": 3357.33252, "Volume": 0.0, "CloseUSD": 537.17921872}