{"Index": "GSPTSE", "Date": "2020-06-30", "Open": 15342.59961, "High": 15564.90039, "Low": 15319.40039, "Close": 15515.2002, "Adj Close": 15515.2002, "Volume": 25555470000.0, "CloseUSD": 12877.616165999998}