{"Index": "HSI", "Date": "2004-08-26", "Open": 12793.08008, "High": 12843.86035, "Low": 12720.76953, "Close": 12784.38965, "Adj Close": 12784.38965, "Volume": 331239200.0, "CloseUSD": 1661.9706545}