{"Index": "GDAXI", "Date": "2003-01-09", "Open": 3000.23999, "High": 3043.639893, "Low": 2932.929932, "Close": 3037.679932, "Adj Close": 3037.679932, "Volume": 104655200.0, "CloseUSD": 3705.96951704}