{"Index": "GDAXI", "Date": "2008-04-25", "Open": 6855.669922, "High": 6945.25, "Low": 6848.899902, "Close": 6896.580078, "Adj Close": 6896.580078, "Volume": 155785300.0, "CloseUSD": 8413.82769516}