{"Index": "IXIC", "Date": "2015-10-15", "Open": 4799.430176, "High": 4870.100098, "Low": 4795.290039, "Close": 4870.100098, "Adj Close": 4870.100098, "Volume": 1942900000.0, "CloseUSD": 4870.100098}