{"Index": "IXIC", "Date": "2004-03-04", "Open": 2034.72998, "High": 2055.120117, "Low": 2031.839966, "Close": 2055.110107, "Adj Close": 2055.110107, "Volume": 1799070000.0, "CloseUSD": 2055.110107}