{"Index": "GDAXI", "Date": "2009-06-15", "Open": 5051.350098, "High": 5051.350098, "Low": 4886.399902, "Close": 4889.939941, "Adj Close": 4889.939941, "Volume": 93486200.0, "CloseUSD": 5965.726728019999}