{"Index": "N100", "Date": "2004-12-22", "Open": 654.200012, "High": 656.659973, "Low": 653.340027, "Close": 655.960022, "Adj Close": 655.960022, "Volume": 0.0, "CloseUSD": 800.2712268399999}