{"Index": "TWII", "Date": "2010-05-05", "Open": 7759.180176, "High": 7785.549805, "Low": 7695.689941, "Close": 7696.899902, "Adj Close": 7696.871094, "Volume": 4732200.0, "CloseUSD": 307.87599608}