{"Index": "N225", "Date": "2014-03-17", "Open": 14254.32031, "High": 14359.16016, "Low": 14203.20996, "Close": 14277.66992, "Adj Close": 14277.66992, "Volume": 138000000.0, "CloseUSD": 142.7766992}