{"Index": "NYA", "Date": "2012-02-21", "Open": 8114.790039, "High": 8150.560059, "Low": 8095.629883, "Close": 8115.419922, "Adj Close": 8115.419922, "Volume": 3795200000.0, "CloseUSD": 8115.419922}