{"Index": "GDAXI", "Date": "2009-07-09", "Open": 4600.169922, "High": 4669.919922, "Low": 4596.319824, "Close": 4630.069824, "Adj Close": 4630.069824, "Volume": 83306800.0, "CloseUSD": 5648.68518528}