{"Index": "TWII", "Date": "2015-09-24", "Open": 8224.230469, "High": 8257.139648, "Low": 8101.899902, "Close": 8123.100098, "Adj Close": 8123.069336, "Volume": 1964900.0, "CloseUSD": 324.92400392}