{"Index": "GDAXI", "Date": "2017-12-13", "Open": 13148.51953, "High": 13188.07031, "Low": 13120.40039, "Close": 13125.63965, "Adj Close": 13125.63965, "Volume": 119136800.0, "CloseUSD": 16013.280372999998}