{"Index": "N225", "Date": "1966-08-09", "Open": 1487.619995, "High": 1487.619995, "Low": 1487.619995, "Close": 1487.619995, "Adj Close": 1487.619995, "Volume": 0.0, "CloseUSD": 14.87619995}