{"Index": "HSI", "Date": "2004-05-31", "Open": 12081.67969, "High": 12199.40039, "Low": 11990.62988, "Close": 12198.24023, "Adj Close": 12198.24023, "Volume": 231366200.0, "CloseUSD": 1585.7712299}