{"Index": "TWII", "Date": "2011-01-24", "Open": 8983.589844, "High": 8993.55957, "Low": 8927.490234, "Close": 8947.790039, "Adj Close": 8947.756836, "Volume": 2580000.0, "CloseUSD": 357.91160156}