{"Index": "J203.JO", "Date": "2016-10-03", "Open": 51949.82813, "High": 52127.44922, "Low": 51658.98828, "Close": 51658.98828, "Adj Close": 51658.98828, "Volume": 0.0, "CloseUSD": 3616.1291796}