{"Index": "NSEI", "Date": "2011-04-15", "Open": 5898.75, "High": 5907.350098, "Low": 5806.450195, "Close": 5824.549805, "Adj Close": 5824.549805, "Volume": 0.0, "CloseUSD": 58.24549805}