{"Index": "GDAXI", "Date": "1991-05-06", "Open": 1625.859985, "High": 1625.859985, "Low": 1625.859985, "Close": 1625.859985, "Adj Close": 1625.859985, "Volume": 0.0, "CloseUSD": 1983.5491817}