{"Index": "NYA", "Date": "1978-10-16", "Open": 611.159973, "High": 611.159973, "Low": 611.159973, "Close": 611.159973, "Adj Close": 611.159973, "Volume": 0.0, "CloseUSD": 611.159973}