{"Index": "000001.SS", "Date": "2018-10-19", "Open": 2460.081055, "High": 2553.386963, "Low": 2449.197021, "Close": 2550.465088, "Adj Close": 2550.465088, "Volume": 147300.0, "CloseUSD": 408.07441408}