{"Index": "NYA", "Date": "2020-09-11", "Open": 12779.98047, "High": 12827.86035, "Low": 12683.33984, "Close": 12773.04004, "Adj Close": 12773.04004, "Volume": 3704450000.0, "CloseUSD": 12773.04004}