{"Index": "NYA", "Date": "2014-10-09", "Open": 10614.96973, "High": 10617.66016, "Low": 10405.28027, "Close": 10409.37988, "Adj Close": 10409.37988, "Volume": 4324020000.0, "CloseUSD": 10409.37988}