{"Index": "IXIC", "Date": "1995-05-11", "Open": 847.119995, "High": 853.840027, "Low": 846.130005, "Close": 853.830017, "Adj Close": 853.830017, "Volume": 390710000.0, "CloseUSD": 853.830017}