{"Index": "GSPTSE", "Date": "1990-10-01", "Open": 3169.699951, "High": 3176.600098, "Low": 3158.399902, "Close": 3175.699951, "Adj Close": 3167.635254, "Volume": 20030000.0, "CloseUSD": 2635.83095933}